time,x,y,yaw,command_v,command_w,actual_v,actual_w,scan_min,front,distance,laps,truth_x,truth_y,truth_yaw,estimate_x,estimate_y
0.0,4.580888756245383e-16,-7.506532048063028e-32,-3.2785490759320086e-16,0.0,0.0,2.863055472653365e-14,-2.0490931724575055e-14,0.19318760931491852,1.1598225831985474,0.0,0,-1.3617396277254556e-07,4.304023804024837e-11,-3.9984034751292696e-12,4.580888756245383e-16,-7.506532048063028e-32
0.12000000000000001,3.206625983530952e-15,-3.6812442129594926e-30,-2.2961777866320268e-15,0.0,0.0,2.2906385451296827e-14,-1.640328531855816e-14,0.19318760931491852,1.1598225831985474,7.502710426515495e-06,0,-7.638884384597588e-06,3.083366895140216e-10,-1.0248839081961587e-11,3.206625983530952e-15,-3.6812442129594926e-30
0.24000000000000002,0.0006959958762803014,2.1071876198942944e-06,0.0055903147701188,0.029333333333333336,0.07357060018295217,0.009533333331661087,0.0702891196507946,0.19318760931491852,1.1598225831985474,0.00036263307952552013,0,0.0003474911275098691,5.040029179559369e-07,0.0023823526835298095,0.0006959958762803014,2.1071876198942944e-06
0.36,0.00439578788495787,4.017874696197622e-05,0.014144382270064622,0.051333333333333335,0.05985037401004866,0.03533333332953219,0.06671048727177667,0.19319292902946472,1.1890521049499512,0.003814430780993946,0,0.0037992012109193674,2.509814758500095e-05,0.010958810292716684,0.00439578788495787,4.017874696197622e-05
0.48,0.011430669975047457,0.00016496922240302088,0.019982938183650743,0.07833333333333334,0.029316533484028934,0.07283333332899598,0.029316533823557634,0.19319292902946472,1.1890521049499512,0.010653334684511623,0,0.010637350767125575,0.0001266720049802883,0.017386654017222454,0.011430669975047457,0.00016496922240302088
0.6,0.022124247041498082,0.00039255870259766727,0.021596987863848574,0.10233333333333333,-0.0004324405473013287,0.1023333333332295,-0.00043244054729631425,0.19850249588489532,1.239392876625061,0.0128222830477035,0,0.012793204752220344,0.00036464384605339184,0.020653719854915056,0.022124247041498082,0.00039255870259766727
0.72,0.03590359339584753,0.0006900371161115014,0.021582944769834547,0.1199985579325525,-2.1030150275977873e-05,0.11999855793257526,-2.10301502986043e-05,0.19802644848823547,1.2690755128860474,0.023409484246385292,0,0.023376093167712497,0.0006668060650867336,0.022146609617309763,0.03590359339584753,0.0006900371161115014
0.84,0.050287769150781765,0.001000404598299301,0.021400999804302483,0.11896214098652126,-0.015135443946564903,0.11968860865550293,-0.0045411236540701064,0.19802644848823547,1.2690755128860474,0.03880240180060161,0,0.038765234190388576,0.0010077597497556434,0.022107215506412814,0.050287769150781765,0.001000404598299301
0.96,0.06456054642425706,0.0012929455568896039,0.019589413457705315,0.11897103036622567,-0.01500580715920897,0.11897014142827637,-0.015018770839580855,0.18679648637771606,1.2644424438476562,0.053116141918770746,0,0.05307574247388258,0.0013119124063838417,0.02032575444842991,0.06456054642425706,0.0012929455568896039
1.06,0.07648375410623172,0.0015182996525834034,0.01851739946699693,0.11997941845113563,0.00030014758760516674,0.11967690202550567,-0.0042916390288901506,0.18679648637771606,1.2644424438476562,0.06504630281431042,0,0.06500360762149704,0.0015459466213794126,0.019076620488397825,0.07648375410623172,0.0015182996525834034
1.18,0.09087990849642331,0.0017851150876325168,0.018537426320685876,0.11999899909231862,1.4596570353312694e-05,0.11999899909234113,1.4596570328297143e-05,0.19460846483707428,1.249454140663147,0.07896192988353973,0,0.07891669818708191,0.001811629973700657,0.01909773430023974,0.09087990849642331,0.0017851150876325168
1.28,0.10287779297316274,0.0020075572751624077,0.01853820869157756,0.11999996664396,4.864422499388203e-07,0.11999996664398185,4.864422384863454e-07,0.19460846483707428,1.249454140663147,0.09095029280703668,0,0.09090287409283393,0.002040611942086934,0.019098629510102588,0.10287779297316274,0.0020075572751624077
1.4,0.11727531714923588,0.002274492407644624,0.01853823058405272,0.11999999791304,3.043483318001104e-08,0.1199999979130617,3.043481699299688e-08,0.1888706088066101,1.216806411743164,0.10580409611296847,0,0.10575396715741503,0.0023243502695318163,0.01909865465967457,0.11727531714923588,0.002274492407644624
1.5,0.12927325515610819,0.0024969384400244754,0.018538231401919677,0.11999999992111282,1.1504380148152953e-09,0.11999999992113494,1.1504122307548492e-09,0.19822023808956146,1.2238235473632812,0.11729479237309752,0,0.11724256632951491,0.0025438715791346045,0.01909865527942573,0.12927325515610819,0.0024969384400244754
1.6,0.1412711932171275,0.002719384475380852,0.01853823142940307,0.1199999999961636,5.5947307637423714e-11,0.11999999999605797,5.59621793350118e-11,0.19822023808956146,1.2238235473632812,0.12668436652005277,0,0.12663064542457603,0.002711423260853496,0.019099647916803922,0.1412711932171275,0.002719384475380852
1.72,0.15566871889211417,0.0029863197179354852,0.018538231431501736,0.11999999999985497,2.1148106563281974e-12,0.11999999999987612,2.1033522146218786e-12,0.19702494144439697,1.2222915887832642,0.1338537413495909,0,0.13379876108834887,0.0028457857451609225,0.019100513472637293,0.15566871889211417,0.0029863197179354852
1.8399999999999999,0.17006624456760008,0.0032532549605076132,0.018538231431540077,0.11999999999999979,3.0217329955998508e-15,0.12000000000001973,3.903127820947816e-14,0.19702494144439697,1.2222915887832642,0.14827917723094639,0,0.14822156356186733,0.003121410811089187,0.019100511503657942,0.17006624456760008,0.0032532549605076132
1.94,0.18205581498250276,0.003475603932255883,0.018660264865664786,0.11895399910714284,0.015254179687500131,0.11979079982171945,0.003050835853122061,0.19032791256904602,1.1889890432357788,0.1607631663756987,0,0.16070327400978224,0.0033599255081330215,0.019114112517095716,0.18205581498250276,0.003475603932255883
2.04,0.19394910267593304,0.003706635173538049,0.020183748281452023,0.11897058095374921,0.015012361091157124,0.11895731547648496,0.015205815971221054,0.19032791256904602,1.1889890432357788,0.17169279671799598,0,0.1716307727706603,0.003575773256033532,0.020452480424584918,0.19394910267593304,0.003706635173538049
2.14,0.20585164840102613,0.003955790798573837,0.02156285630757077,0.11998260687732229,-0.00025364970571663834,0.11917298613822491,0.011959159016265188,0.189437597990036,1.1893033981323242,0.1835714348522834,0,0.18350674168596992,0.0038275792288519073,0.021954685947893692,0.20585164840102613,0.003955790798573837
2.2600000000000002,0.2202466871173907,0.004266029364335529,0.021539252075676172,0.11999934253920806,-9.587969882311916e-06,0.11999432184066419,-8.280649371923687e-05,0.189437597990036,1.1893033981323242,0.198914409318926,0,0.19884596654139441,0.004166764014440161,0.02210161755991603,0.2202466871173907,0.004266029364335529
2.38,0.23459724673686536,0.0045769271978975,0.02220968920082043,0.11895402729577431,0.015253768603291296,0.1189540272957215,0.015253768455448374,0.19079625606536865,1.1943693161010742,0.21228060931863263,0,0.2122088867540275,0.004462848162883781,0.022476731748301622,0.23459724673686536,0.0045769271978975
2.48,0.24649030968282326,0.004850154221451914,0.023723407424561537,0.11897068249173488,0.015010880328866114,0.11897068248277187,0.015010880343429428,0.19079625606536865,1.1943693161010742,0.21747333009118805,0,0.21739832560165873,0.004647438163762563,0.02399434509460329,0.24649030968282326,0.004850154221451914
2.58,0.2584409907977102,0.0051398614449743195,0.02437633707972579,0.11999075622008752,-0.0001348051237235248,0.11999075622012438,-0.00013480509857694,0.19976015388965607,1.1739863157272339,0.22943191184508027,0,0.2293532735387016,0.004942221791391588,0.024939040910301198,0.2584409907977102,0.0051398614449743195
2.68,0.2704369319554477,0.005432273597092675,0.02436911157383149,0.11999969194372447,-4.492487351487345e-06,0.11999969194375142,-4.492487345672536e-06,0.19976015388965607,1.1739863157272339,0.24191922321680434,0,0.2418367011476561,0.005253638596304233,0.02493023673625334,0.2704369319554477,0.005432273597092675
2.8,0.28476542113286135,0.005785240930764694,0.025348072612891716,0.11895084361493086,0.015300197282258425,0.11895084361495531,0.015300197282134415,0.19137895107269287,1.1776971817016602,0.25624237656048443,0,0.2561553466798321,0.005612959943389284,0.025674279248037814,0.28476542113286135,0.005785240930764694
2.9,0.29657167944328916,0.006099714557438808,0.028112344810191033,0.11794329057290572,0.029993679145124887,0.11794329057292985,0.029993679145070774,0.1871286928653717,1.158843994140625,0.26848860377781697,0,0.26839715786438445,0.005941806382180115,0.02833824365663612,0.29657167944328916,0.006099714557438808
3.0,0.30850578316777877,0.006443730896043566,0.02890330210705624,0.1199534612050958,-0.0006786907590194719,0.1199534612050357,-0.0006786907047993951,0.1871286928653717,1.158843994140625,0.27787769703113696,0,0.27778267823793623,0.006200803365141838,0.02976588597364751,0.30850578316777877,0.006443730896043566
3.1,0.3204993116455767,0.006790273585419871,0.02888192236128837,0.1199977367574419,-3.300562063887926e-05,0.11999773675746354,-3.300562060638834e-05,0.1955401450395584,1.164625644683838,0.288363567855565,0,0.2882639949814698,0.006509811889803818,0.02973750763989005,0.3204993116455767,0.006790273585419871
3.2,0.3324942675541702,0.007136801902157287,0.028881344570687587,0.11999985839755961,-2.065035589061925e-06,0.1199998583975799,-2.0650356511581203e-06,0.1955401450395584,1.164625644683838,0.2998841153227729,0,0.29977944594927,0.006852453032081818,0.02973681280924842,0.3324942675541702,0.007136801902157287
3.32,0.3466689846749431,0.007565868408990718,0.03207186628923318,0.11789633751136537,0.03067841129258822,0.11789633750769883,0.03067841129605897,0.19031526148319244,1.1555672883987427,0.3128624647171594,0,0.3127510291749065,0.00727147764133218,0.03217379360007463,0.3466689846749431,0.007565868408990718
3.42,0.35846413593805687,0.0079620855609956,0.034961204994828715,0.11999183035142637,-0.00011914070836543749,0.11814652433919448,0.027006025240900945,0.19031526148319244,1.1555672883987427,0.3245269843439706,0,0.3244083479499382,0.007681278936542912,0.03531290781062571,0.35846413593805687,0.0079620855609956
3.52,0.3704559890021151,0.008381434568974524,0.03494929093938095,0.11999183035142637,-0.00011914070836543749,0.11999183034792846,-0.00011914070503597773,0.1889439821243286,1.1619689464569092,0.33551684430314327,0,0.33539107002619284,0.008077306357281211,0.03585922806563277,0.3704559890021151,0.008381434568974524
3.62,0.3824484837558666,0.008800707694158402,0.034946690457215934,0.11999981342719757,-2.720853368832091e-06,0.11999981342370387,-2.7208499949610276e-06,0.1889439821243286,1.1619689464569092,0.34847658533771686,0,0.34834247647710637,0.00854201984583669,0.035855214796881,0.3824484837558666,0.008800707694158402
3.72,0.39425733267131996,0.009227443337323202,0.03762177598196908,0.1179154923183989,0.03039907035668264,0.11791549231489551,0.030399070346928337,0.18308770656585693,1.1347366571426392,0.36022951234316125,0,0.36008758530469054,0.008970636018546418,0.0377179663969918,0.39425733267131996,0.009227443337323202
3.84,0.40839890856282157,0.009785314330145988,0.041229940563243805,0.1179416838760085,0.030017110141542767,0.11794168387250852,0.030017110146827664,0.18308770656585693,1.1347366571426392,0.3734081990073696,0,0.37325602918918577,0.009490124087979557,0.04108753760561852,0.40839890856282157,0.009785314330145988
3.94,0.42020682079503624,0.010289950726584418,0.0438674764519749,0.11998143290677257,-0.0002707701095667301,0.11855439465549358,0.02091928261568378,0.19618956744670868,1.1233457326889038,0.3861168999969807,0,0.38595309897299135,0.010033722973659231,0.04429401668336965,0.42020682079503624,0.010289950726584418
4.0600000000000005,0.4345912512137168,0.010921142581374515,0.04384227903050021,0.11999929816307034,-1.0235121890724157e-05,0.11999393858268745,-8.839561887151459e-05,0.19618956744670868,1.1233457326889038,0.4000043146983571,0,0.39982658723006725,0.010655503215210027,0.04461780630693246,0.4345912512137168,0.010921142581374515
4.180000000000001,0.4488931653400284,0.011551461603130293,0.04506858576812545,0.11789635618162275,0.030678139018001344,0.11789635617879476,0.030678138678618194,0.1921510249376297,1.1193124055862427,0.41428399030471846,0,0.4140920229543541,0.011293060286499457,0.04497704484446643,0.4488931653400284,0.011551461603130293
4.300000000000001,0.4630283264365254,0.012214824778935695,0.0487038297033042,0.11794029212889875,0.030037406453559665,0.11794029212539996,0.030037406458481575,0.18868614733219147,1.1113063097000122,0.42886689244559173,0,0.42865894614927935,0.011975543607493644,0.04866047332867291,0.4630283264365254,0.012214824778935695
4.420000000000001,0.4771632768933741,0.012929323459473726,0.052305840728388286,0.11794279070027115,0.03000096895437904,0.11794279069677335,0.030000968959126996,0.18868614733219147,1.1113063097000122,0.44298754642696836,0,0.4427616089609452,0.012688123765949189,0.05226264277254287,0.4771632768933741,0.012929323459473726
4.540000000000001,0.4912956994920786,0.013694717333995417,0.05590586138672008,0.11794285694069392,0.030000002948213526,0.11794285416982175,0.030000043350518136,0.17800645530223846,1.112738847732544,0.4566376741041235,0,0.456391820675611,0.01342522227769849,0.055742678088756666,0.4912956994920786,0.013694717333995417
4.66,0.5054252764933663,0.014510982995224617,0.059505861661745346,0.1179428571341894,0.030000000126404653,0.11794285707613925,0.03000000097504868,0.17800645530223846,1.112738847732544,0.47028780901053574,0,0.4700193919825302,0.014209749675619499,0.059222685815388816,0.5054252764933663,0.014510982995224617
4.760000000000001,0.517197617112506,0.015230057062902121,0.06250586167030053,0.11794285714237901,0.030000000006972536,0.11794285714155639,0.030000000021089546,0.18155817687511444,1.1028234958648682,0.48205516844841645,0,0.4817650471093744,0.014924126174055918,0.062222692405399134,0.517197617112506,0.015230057062902121
4.880000000000001,0.5313214990771408,0.01613955947995,0.06610586167099108,0.11794285714283664,0.030000000000298947,0.11794285714283315,0.030000000002389227,0.18155817687511444,1.1028234958648682,0.4966466914187637,0,0.4963265981466698,0.015858884957065222,0.0659427008284421,0.5313214990771408,0.01613955947995
5.0,0.5454420153175187,0.017099901868681464,0.06970586167126946,0.11794285714285636,0.0300000000000113,0.11794285714284287,0.030000000002198407,0.18288442492485046,1.0987979173660278,0.5107675207809983,0,0.5104150171715505,0.016815060284463446,0.06954270923915733,0.5454420153175187,0.017099901868681464
5.1000000000000005,0.5572064091170655,0.017939014322712978,0.07270586167148688,0.1179428571428571,0.030000000000000547,0.11794285714284425,0.03000000000218106,0.18491530418395996,1.092513084411621,0.5230055746374466,0,0.5226221287580977,0.017684766503203053,0.07266271668801423,0.5572064091170655,0.017939014322712978
5.220000000000001,0.5713202795999657,0.01899253052585931,0.07630586167174791,0.11794285714285714,0.030000000000000016,0.11794285714284425,0.03000000000218106,0.18491530418395996,1.092513084411621,0.5361850164748413,0,0.5357651445442206,0.018663961678330065,0.07602272482575134,0.5713202795999657,0.01899253052585931
5.340000000000001,0.5854302659749449,0.020096849726220677,0.07990586167200339,0.11794285714285714,0.03,0.11794285714285535,0.030000000002007587,0.17966192960739136,1.0835037231445312,0.5507765398866887,0,0.5503124101962187,0.019799574961401945,0.07974273395191601,0.5854302659749449,0.020096849726220677
5.460000000000001,0.5995361853767779,0.021251957611835924,0.08350586167224293,0.11794285714285714,0.03,0.11794285714285813,0.030000000001972893,0.17966192960739136,1.0835037231445312,0.5639559818343972,0,0.5634481640256923,0.02087179759895752,0.08310274232558654,0.5995361853767779,0.021251957611835924
5.58,0.6136378549929452,0.022457839212522344,0.08710586167248728,0.11794285714285714,0.03,0.117942857142847,0.03000000000211167,0.17898452281951904,1.089892029762268,0.5785475053360991,0,0.5779870250714798,0.02211037645878089,0.08682275180588314,0.6136378549929452,0.022457839212522344
5.680000000000001,0.6252767583648012,0.023496554363429952,0.0916970998339379,0.11584452108363769,0.06060073419695049,0.11584452108551051,0.06060073390977764,0.17898452281951904,1.089892029762268,0.591162726386642,0,0.5905532072298856,0.023221622658246566,0.09100095707057279,0.6252767583648012,0.023496554363429952
5.800000000000001,0.6391177728702974,0.02481990545626672,0.0989280385195842,0.11588371100633767,0.06002921449090893,0.1158837110063274,0.06002921449531003,0.16934920847415924,1.051653265953064,0.605001794645125,0,0.6043303120264958,0.02452974867899993,0.09823420628782063,0.6391177728702974,0.02481990545626672
5.92,0.6529509572291375,0.02624319259496548,0.10612867354635246,0.1158856037839219,0.060001611484472125,0.11588560378391481,0.060001611488728214,0.1730617880821228,1.0563724040985107,0.6183819960747833,0,0.6176413050105851,0.025888886668960276,0.1051949652033123,0.6529509572291375,0.02624319259496548
6.0200000000000005,0.6644705744916128,0.027505327515547413,0.11212868514830769,0.11797023086150744,0.02960079993634954,0.1158857106031405,0.06000005370833047,0.1730617880821228,1.0563724040985107,0.6299167060075355,0,0.6291085186765506,0.02713489789355905,0.11119500677321603,0.6644705744916128,0.027505327515547413
6.140000000000001,0.6785349434622954,0.029114292905345663,0.11568541191457747,0.11794376939367819,0.02998669634219289,0.11796229242119623,0.02971656885489629,0.18429653346538544,1.064188838005066,0.643991876899483,0,0.6430926816799603,0.02873290312871868,0.11551291272790501,0.6785349434622954,0.029114292905345663
6.260000000000001,0.6925158075147813,0.030766632229938858,0.12037864239666997,0.11585838475192867,0.06039855570104022,0.1160669232194822,0.05735736936372804,0.18429653346538544,1.064188838005066,0.6580674889305134,0,0.6570722338344392,0.030374541215596462,0.11947783723202923,0.6925158075147813,0.030766632229938858
6.380000000000001,0.7063135967609436,0.03248633992342549,0.1276035810231973,0.11588454253195322,0.060017088075682096,0.11588454253194798,0.06001708807984798,0.17829623818397522,1.05753755569458,0.6723674511774085,0,0.6712637596622648,0.03213224282303273,0.12692261997568963,0.7063135967609436,0.03248633992342549
6.5,0.7202431640046832,0.034316302695517886,0.13271837169728165,0.11798934244374151,0.02932208936210304,0.1179893424434808,0.02932208947661885,0.17931194603443146,1.0354918241500854,0.6863311798248714,0,0.685108950913587,0.03394784105895532,0.13268209553921928,0.7202431640046832,0.034316302695517886
6.6000000000000005,0.7319326934558978,0.03589455753493267,0.13569925990876552,0.11794542129298355,0.029962606143989715,0.11794542129296981,0.0299626061461139,0.17931194603443146,1.0354918241500854,0.6966881036264281,0,0.6953730180936701,0.035331602437948195,0.13530087362089838,0.7319326934558978,0.03589455753493267
6.720000000000001,0.7457596188582585,0.03782282684774818,0.14210483442660468,0.11588402439678146,0.06002464421360364,0.11585096529506955,0.06050675611768419,0.17396113276481628,1.0246305465698242,0.711109371846228,0,0.7096588346165094,0.0373035109914025,0.140956166256836,0.7457596188582585,0.03782282684774818
6.840000000000001,0.7595760496488195,0.03984908311930624,0.14845955707452405,0.11796133379583132,0.029730548810793112,0.11733814097305006,0.03881877775519654,0.17396113276481628,1.0246305465698242,0.7258999554592608,0,0.7242945619747485,0.039438188557079146,0.14836845391181075,0.7595760496488195,0.03984908311930624
6.960000000000001,0.7735712276045823,0.04196775560943522,0.15203764179664772,0.11794347289192877,0.029991020326038658,0.11794347289194315,0.029991020324554585,0.17586542665958405,1.0140774250030518,0.7390819966223797,0,0.7373283245608135,0.041409797564020745,0.1517537571838991,0.7735712276045823,0.04196775560943522
7.08,0.7874322510110666,0.04412340275588257,0.1574675814618245,0.1158508817573843,0.0605079743714789,0.11585088175836977,0.06050797418548359,0.17586542665958405,1.0140774250030518,0.7540304358343722,0,0.752101378112398,0.043692936551610884,0.15680824750044334,0.7874322510110666,0.04412340275588257
7.180000000000001,0.7988705619441,0.045974982845161654,0.1634872624215591,0.11588422084106213,0.06002177940117716,0.11588422084105461,0.06002177940530109,0.1652115434408188,0.9970124959945679,0.7651020901004677,0,0.7630320684385321,0.045454054714059944,0.16258981029804484,0.7988705619441,0.045974982845161654
7.300000000000001,0.8125830846087349,0.048287744186850924,0.17068820830145948,0.11588565025427482,0.06000093379182547,0.1158856502542577,0.06000093379594784,0.17223072052001953,0.9664672017097473,0.7780208766959076,0,0.7757732904672161,0.047588605794332994,0.16931093950035356,0.8125830846087349,0.048287744186850924
7.420000000000001,0.8264719070923695,0.05071782504499215,0.17506581715781633,0.11798937935946385,0.02932155100781877,0.11798937935945249,0.029321551009934416,0.17223072052001953,0.9664672017097473,0.7929566950413379,0,0.7904871242157947,0.05015410108118956,0.17491367656289278,0.8264719070923695,0.05071782504499215
7.540000000000001,0.8403635092089298,0.053201306008463886,0.1792678879041262,0.11585845041321878,0.06039759814055941,0.11690178499850767,0.04518230190174444,0.179019033908844,0.951586127281189,0.807525648218858,0,0.804830223493342,0.052709467943930166,0.17876096072553435,0.8403635092089298,0.053201306008463886
7.66,0.8540358417094633,0.05573007332981786,0.18649756768479778,0.11588421039823209,0.06002193169244866,0.1158842103982205,0.06002193169672709,0.179019033908844,0.951586127281189,0.8204450957458734,0,0.8175365604269595,0.05504637319076666,0.18538132345985456,0.8540358417094633,0.05573007332981786
7.760000000000001,0.865416850840493,0.05791294945909227,0.19249899451116848,0.11588567009978701,0.06000064437810614,0.1158855241296192,0.06000277311415947,0.18208235502243042,0.9286887049674988,0.8329024505350311,0,0.8297728739286132,0.057382678015099,0.19186303549402947,0.865416850840493,0.05791294945909227
7.880000000000001,0.8790565780499142,0.06062250790788404,0.1996990372990288,0.11588571239124265,0.0600000276277113,0.11588571239123517,0.060000027631863094,0.18208235502243042,0.9286887049674988,0.8458213193501964,0,0.8424462436845448,0.05988924349257818,0.1985831061527887,0.8790565780499142,0.06062250790788404
8.0,0.8926764458095988,0.06343020206201468,0.2068990387109413,0.1158857142044888,0.06000000118453812,0.115885714204475,0.06000000118865785,0.18233998119831085,0.9091053605079651,0.8596629642648533,0,0.8560058332329872,0.06266929119382725,0.20578313559151978,0.8926764458095988,0.06343020206201468
8.120000000000001,0.9062757454122908,0.06633588566601127,0.21409903874090233,0.11588571428176418,0.06000000005760564,0.11588571428175207,0.06000000006188555,0.17870502173900604,0.8984158635139465,0.8739659953866844,0,0.869996003622318,0.06564449400196648,0.21322316454868614,0.9062757454122908,0.06633588566601127
8.24,0.9198537717833764,0.0693394080666792,0.2212990387420739,0.11588571428570989,0.060000000000063974,0.11588571428558792,0.06000000000578459,0.17870502173900604,0.8984158635139465,0.8882690265130878,0,0.8839636514209612,0.06872370077903134,0.22066319379486196,0.9198537717833764,0.0693394080666792
8.360000000000001,0.9334098210391383,0.07244061356161328,0.22849903874257513,0.11588571428571388,0.06000000000000584,0.11588571428569339,0.06000000000418865,0.1819666177034378,0.8827993869781494,0.9011878988246136,0,0.8965595895780458,0.0715941717759947,0.2273832205270261,0.9334098210391383,0.07244061356161328
8.48,0.9469431904369767,0.07563934138500408,0.23569903874308193,0.11588571428571427,0.060000000000000164,0.11588571428570726,0.06000000000432744,0.1819666177034378,0.8827993869781494,0.9150295438745327,0,0.910033501549421,0.07476353036655914,0.23458324949251888,0.9469431904369767,0.07563934138500408
8.6,0.9604531784100525,0.07893542571551787,0.2428990387436047,0.11588571428571429,0.06000000000000001,0.11588571428570864,0.06000000000434478,0.18498744070529938,0.8578673601150513,0.9293325749966819,0,0.923932195956132,0.07814036217611475,0.24202327971032087,0.9604531784100525,0.07893542571551787
8.700000000000001,0.9716022023584037,0.08174054593284907,0.25024140654810867,0.11483971339285713,0.07525417968749999,0.11483971339284191,0.07525417969285464,0.18771325051784515,0.847998857498169,0.9407759642973031,0,0.9350331564081347,0.08091882141257034,0.24914408263756493,0.9716022023584037,0.08174054593284907
8.82,0.9849398095965566,0.08521371321948236,0.2592473372165449,0.11381111706031279,0.09025454287043849,0.1148565620064462,0.07500847074435464,0.18771325051784515,0.847998857498169,0.9540206700195973,0,0.9478544063832821,0.08424113668131805,0.2578519828162577,0.9849398095965566,0.08521371321948236
8.940000000000001,0.9981219305809746,0.08878632977514224,0.2700720352490932,0.11382782307253234,0.09001091352557006,0.1138211406675846,0.0901083652731123,0.18587563931941986,0.8275665640830994,0.9685025684388511,0,0.9618374569294765,0.08800938285801041,0.2691188720172718,0.9981219305809746,0.08878632977514224
9.06,1.011266226067836,0.09250168269703243,0.28087300884110455,0.11382854314068068,0.0900004125317401,0.11382839912702085,0.09000251273682744,0.18587563931941986,0.8275665640830994,0.982517013096586,0,0.9753262335858484,0.09181169312668036,0.28027993576305577,1.011266226067836,0.09250168269703243
9.18,1.0243696906492235,0.09635879781446609,0.2916730378137487,0.1138285702157281,0.09000001768729836,0.11382857021569881,0.09000001769361027,0.18860261142253876,0.7977650761604309,0.995175302306581,0,0.9874725619621971,0.09537525773220956,0.29036000665475736,1.0243696906492235,0.09635879781446609
9.280000000000001,1.0352569063505253,0.09968101021458177,0.3006730385734652,0.11382857136958927,0.09000000086015648,0.11382857136955915,0.09000000086623744,0.18860261142253876,0.7977650761604309,1.0069294368672612,0,0.9987186077639612,0.0987937563932012,0.2997200466788994,1.0352569063505253,0.09968101021458177
9.4,1.0481997699544416,0.10377662662493636,0.3126970679706285,0.11277940339673216,0.10530036713098918,0.11277940339668724,0.10530036713810724,0.18473385274410248,0.782128095626831,1.019957257559136,0,1.0111449715061922,0.10270650429274797,0.31116712362734295,1.0481997699544416,0.10377662662493636
9.52,1.0609506636719352,0.10799686755152854,0.3268244961643408,0.11177079879818952,0.12000918419306938,0.11175673998269353,0.12021420859271992,0.1880975067615509,0.7766513228416443,1.0337163552812565,0,1.0242140642724213,0.10700901337403501,0.32556838078828126,1.0609506636719352,0.10799686755152854
9.620000000000001,1.0715143173665687,0.11164855701147763,0.3388254145845649,0.11177079879818952,0.12000918419306938,0.11177079879812757,0.12000918420108919,0.1880975067615509,0.7766513228416443,1.0443428447101315,0,1.0342623072203998,0.11046662689211284,0.3370901319785574,1.0715143173665687,0.11164855701147763
9.74,1.0841317871058056,0.1161975444606398,0.3532254875847408,0.11177142767158131,0.12000001312277254,0.11177141163760396,0.12000024695906637,0.1945873200893402,0.7668144106864929,1.058068835310392,0,1.047181305683309,0.11510368378995106,0.3519703399050405,1.0841317871058056,0.1161975444606398
9.860000000000001,1.0966824500620558,0.1209277475141259,0.3676254887585135,0.1117714285328476,0.12000000056263888,0.111771428360527,0.1200000030828277,0.1945873200893402,0.7668144106864929,1.0713520707074957,0,1.0596165453285002,0.11977371136819215,0.3663704000058866,1.0966824500620558,0.1209277475141259
9.98,1.1091636992884586,0.12583818348349657,0.3820254887951264,0.11177142856930042,0.1200000000310354,0.11177142856924338,0.12000000003949825,0.19956788420677185,0.7462884187698364,1.0846353062071368,0,1.0719832494507142,0.12462231678547864,0.380770458253346,1.1091636992884586,0.12583818348349657
10.1,1.1215012728549645,0.1309029593476213,0.39752991407321236,0.11071959496753368,0.13533924005680043,0.11071959496748163,0.135339240066,0.20877520740032196,0.7262769937515259,1.0965258319648705,0,1.082993312272809,0.1291126530144101,0.39450124167807615,1.1215012728549645,0.1309029593476213
10.200000000000001,1.131603787349913,0.13523103340581263,0.4122490283007971,0.10970371762821696,0.1501541179218358,0.10970371762813458,0.15015411793162237,0.20877520740032196,0.7262769937515259,1.1082713830163131,0,1.093802666764907,0.13370784887162956,0.4101033345924659,1.131603787349913,0.13523103340581263
10.32,1.1436175086219391,0.14061416390773496,0.4302621839314042,0.10971388624017374,0.15000582566413279,0.10971286937888347,0.15002065490186262,0.21166427433490753,0.7090939879417419,1.1217077360446093,0,1.1060738853583372,0.1391807618924309,0.4287177722647751,1.1436175086219391,0.14061416390773496
10.440000000000001,1.1555331794447243,0.14621309418885212,0.4482622510402074,0.10971428488135525,0.15000001214690245,0.10971427774767173,0.15000011618870185,0.21166427433490753,0.7090939879417419,1.1338448285492644,0,1.1170692466490832,0.14431992958307083,0.44551792512027494,1.1555331794447243,0.14621309418885212
10.56,1.167308009533077,0.15200802566273114,0.46687426670696675,0.10866511765319117,0.1653003675576287,0.10866511765473541,0.16530036735479953,0.2104751318693161,0.7087792158126831,1.1476743616542566,0,1.1294913475345676,0.15039836651150262,0.4651845563942749,1.167308009533077,0.15200802566273114
10.68,1.1788943921206014,0.15799280530136844,0.48669316519795186,0.10868471264449482,0.16501460726778372,0.10868471264440516,0.16501460727871148,0.2104751318693161,0.7087792158126831,1.1605372040508757,0,1.1409288825367883,0.1562835604414624,0.48500466887701404,1.1788943921206014,0.15799280530136844
10.780000000000001,1.188401992604337,0.16312770463118165,0.5041090378397561,0.10763967044748986,0.18025480597410623,0.10763967044737088,0.18025480598617832,0.2133377343416214,0.6835094094276428,1.1707681243693948,0,1.1499416304574024,0.16112526525313275,0.5015565435300132,1.188401992604337,0.16312770463118165
10.9,1.199644586571398,0.1694891765903967,0.5257237861112363,0.10765662949784473,0.18000748648976422,0.10765662949770438,0.18000748650180698,0.21050521731376648,0.6971908211708069,1.1826433214762542,0,1.1602952780376619,0.16694095851452018,0.5217332775324185,1.199644586571398,0.1694891765903967
11.02,1.210747994770631,0.1760925334274171,0.5473240038716841,0.1076571412951572,0.18000002277895724,0.10765711721540117,0.18000037395205642,0.21050521731376648,0.6971908211708069,1.1957922162634724,0,1.1716200453671979,0.17362250616885955,0.5440536804684324,1.210747994770631,0.1760925334274171
11.120000000000001,1.219890137535704,0.1817774869978486,0.5653240061507655,0.10765714279809972,0.18000000086104556,0.10765714129502002,0.18000002279069952,0.21387979388237,0.6855489611625671,1.2072445590191847,0,1.1813599687820862,0.17964662821828936,0.5634937424026479,1.219890137535704,0.1817774869978486
11.24,1.2307234285939397,0.1888152555143746,0.5869240062554945,0.10765714279809972,0.18000000086104556,0.10765714279799277,0.18000000087257245,0.21387979388237,0.6855489611625671,1.219969337798704,0,1.1920424477690323,0.1865607180124096,0.5850938010843248,1.2307234285939397,0.1888152555143746
11.360000000000001,1.2413329637371833,0.19604361423349667,0.6097006911562466,0.1065954722976865,0.19548269565873855,0.10659547229752153,0.19548269567105925,0.22018268704414368,0.6824085712432861,1.2326085135609905,0,1.202501195742348,0.1936574323775676,0.6077265855127946,1.2413329637371833,0.19604361423349667
11.48,1.2517053496643047,0.20347174204961022,0.6336438977957146,0.10572215592181494,0.20821855947353202,0.10572215592305478,0.20821855930247546,0.22018268704414368,0.6824085712432861,1.2439095831782154,0,1.211709812300922,0.20020842891019652,0.6290645025999236,1.2517053496643047,0.20347174204961022
11.6,1.261833154514514,0.2111093871155169,0.6586513240214518,0.10560101827435797,0.20998515016561278,0.10568581462758742,0.20874853666981438,0.21948868036270142,0.6622765064239502,1.258031567619807,0,1.2230083333898207,0.20868037471811274,0.6574034749263457,1.261833154514514,0.2111093871155169
11.700000000000001,1.270115772893196,0.21765988434286646,0.679650440943197,0.10560022455503197,0.2099967252391172,0.10560022455485263,0.20999672525279234,0.21820208430290222,0.6705096364021301,1.2679881579415073,0,1.2308270148645284,0.21484494370801277,0.6775626430695707,1.270115772893196,0.21765988434286646
11.82,1.2798705873300547,0.22574785671704362,0.7048500868991103,0.10560000212317068,0.20999996903709423,0.10560015782529741,0.20999769839220858,0.21820208430290222,0.6705096364021301,1.279604058689259,0,1.2397894832559677,0.22223434899626626,0.7010823163102471,1.2798705873300547,0.22574785671704362
11.940000000000001,1.2894879698230741,0.23413213430551982,0.7287780633661642,0.10659118640398534,0.19554519827521366,0.10659118640383158,0.19554519828809958,0.22955670952796936,0.6718435883522034,1.2921321322852959,0,1.2492632266262276,0.23043195929330862,0.7252563798228517,1.2894879698230741,0.23413213430551982
12.06,1.2989315858856962,0.24276355006500877,0.7521964671292359,0.10662623239040842,0.19503411097321058,0.10662623239026114,0.19503411098610593,0.22955670952796936,0.6718435883522034,1.3051348618843188,0,1.2588870520683417,0.23917569767486047,0.7494610857707978,1.2989315858856962,0.24276355006500877
12.18,1.308171495332082,0.2516144311958691,0.7755973209128885,0.10662854634373582,0.1950003658205193,0.10662854634359564,0.19500036583297578,0.23620830476284027,0.6702479124069214,1.3168809571716409,0,1.2673967166272533,0.24727238610863733,0.7713022285405554,1.308171495332082,0.2516144311958691
12.280000000000001,1.3156355981072279,0.25908820648468195,0.7965554436894372,0.10559795256724328,0.21002985839436886,0.10559333763493217,0.21009715950388172,0.23620830476284027,0.6702479124069214,1.32810476607131,0,1.2753560166925726,0.25518588272432496,0.7936229533083804,1.3156355981072279,0.25908820648468195
12.4,1.3244188814058213,0.2682964867684441,0.8209705186394258,0.10663774342526301,0.19486624171491435,0.10663774342462018,0.19486624177840475,0.22637949883937836,0.6705946922302246,1.34101814370745,0,1.284293307008734,0.2645068356680005,0.8190188294879716,1.3244188814058213,0.2682964867684441
12.52,1.3330293304306564,0.2777619293813481,0.8443597441573263,0.10662869797838519,0.19499815448188268,0.10662869797825603,0.19499815449249006,0.23588770627975464,0.6746623516082764,1.3536041787347395,0,1.2927792912314824,0.2738017993300823,0.8424075340210528,1.3330293304306564,0.2777619293813481
12.620000000000001,1.3400335466457407,0.28580145405626206,0.8638596880578404,0.10662859312038307,0.19499968366108006,0.10662859312024209,0.1949996836738896,0.23588770627975464,0.6746623516082764,1.364091888597752,0,1.2996827827222353,0.2816969790878733,0.8619074742880537,1.3400335466457407,0.28580145405626206
12.74,1.3482296920822339,0.2956268677012005,0.8872596700981128,0.10662857169243631,0.1949999961519703,0.1066285716922799,0.1949999961645826,0.22933605313301086,0.6848531365394592,1.3762575613216044,0,1.3074961500766502,0.29102193932418796,0.8845274537667541,1.3482296920822339,0.2956268677012005
12.860000000000001,1.3562746967706352,0.3057262753048478,0.9089557748262254,0.10765548621771817,0.1800241593249432,0.1076455575958285,0.18016895174197822,0.22933605313301086,0.6848531365394592,1.3893863139679177,0,1.3157003816374058,0.3012715603194045,0.9071386954472715,1.3562746967706352,0.3057262753048478
12.98,1.364103470611083,0.31600233899418173,0.9305575782657567,0.10765705147616629,0.1800013326392414,0.10765705147603166,0.18000133265121815,0.22054538130760193,0.6862002611160278,1.4016868028667848,0,1.3231745958620413,0.3110408053708612,0.9280205750343348,1.364103470611083,0.31600233899418173
13.1,1.3717085357658294,0.3264451939270668,0.9521576605748117,0.10765714017226566,0.1800000391544589,0.107657140172146,0.1800000391663503,0.21869297325611115,0.7051572203636169,1.4135632859510838,0,1.3301961024474593,0.32061939063814227,0.9481806540582927,1.3717085357658294,0.3264451939270668
13.200000000000001,1.3778725910116725,0.3352713989328111,0.9701576625544088,0.10765714272657376,0.1800000019041326,0.10765714272644444,0.18000000191569637,0.21869297325611115,0.7051572203636169,1.4254397760080613,0,1.337023094899282,0.3303375792623787,0.9683406398166702,1.3778725910116725,0.3352713989328111
13.32,1.3850582678908092,0.34600715362006096,0.9917576626188205,0.1076571428499406,0.1800000001050328,0.10765714284980965,0.1800000001171004,0.2407555878162384,0.7082394361495972,1.4377404114935621,0,1.3438858869709422,0.34054579743835434,0.989220618922919,1.3850582678908092,0.34600715362006096
13.440000000000001,1.3920103942927853,0.35689560252311947,1.0133576626226306,0.10765714285713118,0.18000000000017022,0.10765714285684846,0.18000000001433536,0.2407555878162384,0.7082394361495972,1.450889332600781,0,1.350984559696708,0.35161390350110666,1.0115405927213519,1.3920103942927853,0.35689560252311947
13.56,1.3987435641216455,0.36795986075192194,1.0344712753897116,0.10869940123458272,0.16480039866233526,0.10849094955734384,0.16784031915309527,0.23324596881866455,0.7189675569534302,1.4623558052301528,0,1.3569760575746428,0.36139050555595353,1.0308226828941434,1.3987435641216455,0.36795986075192194
13.68,1.4053261233739314,0.3792829728021726,1.0534640401535025,0.10973230200650416,0.1497372624051476,0.10973230200581885,0.1497372624710211,0.23324596881866455,0.7189675569534302,1.475259324307487,0,1.3635032753186729,0.37252137403514884,1.0501406426615445,1.4053261233739314,0.3792829728021726
13.780000000000001,1.4106814742355798,0.3888605376483676,1.0684377663949856,0.10971516187017612,0.1499872227265982,0.1097323020064267,0.14973726241485075,0.23945513367652893,0.7437590956687927,1.4878322452581887,0,1.3696615396463963,0.38348285758905176,1.0675101363590394,1.4106814742355798,0.3888605376483676
13.9,1.416916873623722,0.4004565327517899,1.0864289313856443,0.10971430840970338,0.1499996690251591,0.10971430840960861,0.14999966903503362,0.22354696691036224,0.747846245765686,1.4991031125621712,0,1.375019400535213,0.39339879307089454,1.0831012774281294,1.416916873623722,0.4004565327517899
14.02,1.4229422812314914,0.41216233634738425,1.1044289191890508,0.10971428696617516,0.14999998174327875,0.10971428696608387,0.14999998175321833,0.22354696691036224,0.747846245765686,1.512540581738492,0,1.381204136550259,0.4053283621447866,1.1017012253440441,1.4229422812314914,0.41216233634738425
14.120000000000001,1.4278018430186956,0.42199873038202634,1.119428918902099,0.10971428576796047,0.14999999921724308,0.10971428576786735,0.1499999992274001,0.23410673439502716,0.7653132081031799,1.5242442235282245,0,1.386409263111152,0.4158108183754351,1.1179011930403648,1.4278018430186956,0.42199873038202634
14.24,1.4334413159362784,0.4339045319498712,1.1373068854151684,0.11076028660724152,0.1347458203110611,0.1099234858937731,0.14694916414714068,0.23410673439502716,0.7653132081031799,1.5368147805907193,0,1.3918100157412918,0.42716206394098755,1.135301157476395,1.4334413159362784,0.4339045319498712
14.360000000000001,1.4389262373782554,0.44601064607794755,1.1534822535783775,0.11074351597736715,0.1349903919967289,0.11075022422925573,0.13489256332835375,0.21666134893894196,0.7703428268432617,1.5499545368425667,0,1.397258845673091,0.43911879621750394,1.1515661705057136,1.4389262373782554,0.44601064607794755
14.48,1.4442371494889805,0.45825117401,1.168894531609649,0.11178074984704107,0.11986406473065107,0.1117807498463963,0.11986406480077316,0.21666134893894196,0.7703428268432617,1.56225821214408,0,1.4021859074803933,0.45039285883361935,1.1662317173852366,1.4442371494889805,0.45825117401
14.6,1.4493949136035509,0.4706327430587982,1.1832881075136126,0.11177182822112045,0.11999417177532666,0.11177182822108,0.11999417178332195,0.23205596208572388,0.7719407677650452,1.5755421078312188,0,1.4073257300699278,0.46264210813204143,1.1806231777985814,1.4493949136035509,0.4706327430587982
14.700000000000001,1.4535563762214783,0.4810062443939248,1.1952879263323892,0.11177144570640911,0.11999975011486713,0.11177144570637954,0.11999975012288307,0.2213885635137558,0.7956033945083618,1.587939829743481,0,1.4119631055460395,0.4741398582296624,1.1940628728671885,1.4535563762214783,0.4810062443939248
14.82,1.4583853673667284,0.4935192305655265,1.2096879183509037,0.11177142930609085,0.11999998928617493,0.11177142930603179,0.11999998929448226,0.2213885635137558,0.7956033945083618,1.6003375311390406,0,1.4164455307362567,0.48569887481013196,1.2075028320405055,1.4583853673667284,0.4935192305655265
14.940000000000001,1.4630336769063277,0.506100453969495,1.2240879182485744,0.11177142860715615,0.11999999947897265,0.11177142860710754,0.11999999948702351,0.22732019424438477,0.8261755704879761,1.6118496937512181,0,1.4204683368369606,0.49648529771512495,1.219982801917747,1.4630336769063277,0.506100453969495
15.06,1.4675003411598084,0.5187473063122945,1.2384879182455062,0.11177142857146355,0.11999999999948982,0.11177142857219657,0.11999999999633833,0.22732019424438477,0.8261755704879761,1.6269039908488643,0,1.425525251567529,0.5106648419430598,1.2363027628203316,1.4675003411598084,0.5187473063122945
15.18,1.4718042399605626,0.5315126554065589,1.2520289208168247,0.11387509577907766,0.08932151988845075,0.1132439956144371,0.09852506426703822,0.21739889681339264,0.8216575980186462,1.6397528129535912,0,1.4296673467971615,0.5228277065968975,1.2501263665352518,1.4718042399605626,0.5315126554065589
15.280000000000001,1.4753239926294464,0.5423403553348985,1.2609910184044049,0.11383231635789107,0.08994538644742187,0.11383231635788138,0.08994538645376582,0.21739889681339264,0.8216575980186462,1.6519496740413369,0,1.4334613457975829,0.5344194705687252,1.2599767893114042,1.4753239926294464,0.5423403553348985
15.4,1.4794181428166777,0.5553719069299827,1.271788228362561,0.113828731992416,0.08999765844393322,0.1138287319923742,0.08999765845004587,0.2262982577085495,0.8605878949165344,1.6646082132306808,0,1.4372713578661012,0.5464910248367513,1.2700535751836632,1.4794181428166777,0.5553719069299827
15.52,1.4833712722489956,0.5684467362940295,1.2825881110151913,0.11382857614612008,0.08999993120241553,0.1138285761461022,0.08999993120872851,0.22762776911258698,0.8591313362121582,1.678622749146517,0,1.4413473472082075,0.5598997357300214,1.281213394350552,1.4833712722489956,0.5684467362940295
15.620000000000001,1.4865575229131143,0.5793745160652801,1.2915881098114241,0.11382857172373043,0.08999999569559797,0.1138285717237092,0.08999999570147993,0.22762776911258698,0.8591313362121582,1.690828962892067,0,1.4447752892599026,0.5716147204629295,1.2909333690614044,1.4865575229131143,0.5793745160652801
15.74,1.4902532789227336,0.5925330654833849,1.3022665129373259,0.11487082980655444,0.07480039865441433,0.11403702311228725,0.08696007970283165,0.2229912430047989,0.8500269055366516,1.703939332527792,0,1.4483301319185746,0.5842339472877959,1.3013733442559239,1.4902532789227336,0.5925330654833849
15.860000000000001,1.493850748585547,0.6058395866158618,1.3112456605702918,0.11485754499530713,0.07499413548510432,0.11486551588205385,0.07487789338903733,0.2229912430047989,0.8500269055366516,1.7176353269419318,0,1.4519184071776245,0.597451531925597,1.3104515804691848,1.493850748585547,0.6058395866158618
15.98,1.497328085710529,0.6191765558699907,1.3202452619357707,0.11485717139535505,0.0749995838177388,0.1148571713953328,0.07499958382325977,0.22764593362808228,0.8900598287582397,1.7322508723810561,0,1.4556121393602832,0.6115926249189233,1.3200511130007173,1.497328085710529,0.6191765558699907
16.080000000000002,1.500155065080502,0.6303813521771978,1.3267211536706873,0.11588984365324773,0.05993978005680379,0.11588984365325516,0.059939780061163406,0.22764593362808228,0.8900598287582397,1.7423565916083037,0,1.4580925661258708,0.6213892082090565,1.3259082274273053,1.500155065080502,0.6303813521771978
16.2,1.5034671288650963,0.6438876759036288,1.3339176933376122,0.11588580858936345,0.05999862473844948,0.11588580858936104,0.05999862474265205,0.21678157150745392,0.905510425567627,1.7561985600653491,0,1.4613996712882957,0.6348303073534906,1.3331040446083997,1.5034671288650963,0.6438876759036288
16.3,1.5061528040643613,0.6551607327547867,1.3399176447817787,0.11588571887182426,0.05999993311922932,0.1158857188717971,0.059999933123590365,0.21929427981376648,0.8919022679328918,1.7686560509853335,0,1.464293203214348,0.6469470954185846,1.3395839657481758,1.5061528040643613,0.6551607327547867
16.400000000000002,1.5087707923992668,0.6664496975284223,1.3459176424470334,0.11588571448234375,0.05999999713248696,0.11588571448231944,0.05999999713676013,0.21929427981376648,0.8919022679328918,1.7797293760427981,0,1.466799268781303,0.6577331124407481,1.345343950830463,1.5087707923992668,0.6664496975284223
16.52,1.5118228999787342,0.6800168853920995,1.3531176423120268,0.11588571429414476,0.05999999987705538,0.11588571429411998,0.059999999881300836,0.21109052002429962,0.9178659915924072,1.7935710213604734,0,1.4698444166161746,0.6712356388622774,1.3525439354823787,1.5118228999787342,0.6800168853920995
16.62,1.514291650202624,0.6913394229700677,1.359117642311302,0.1158857142857369,0.05999999999967019,0.11588571428617911,0.059999999997423226,0.21109052002429962,0.9178659915924072,1.8051057333925744,0,1.4723077229635866,0.6825042547268055,1.3585439230977054,1.514291650202624,0.6913394229700677
16.740000000000002,1.5171644102056447,0.7049457155184314,1.3663176423117815,0.11588571428571504,0.05999999999998901,0.11588571428571004,0.06000000000398048,0.22096629440784454,0.9236763119697571,1.8194087647737802,0,1.4752682532512242,0.6964975376549728,1.3659839082364023,1.5171644102056447,0.7049457155184314
16.86,1.5199391312871102,0.7185723390865283,1.3735176423122857,0.11588571428571431,0.05999999999999963,0.11588571428567951,0.06000000000436212,0.22096629440784454,0.9236763119697571,1.8327890237831783,0,1.4779434600330839,0.7096076329953153,1.3729438949312491,1.5199391312871102,0.7185723390865283
16.96,1.522176404085073,0.7299428797640007,1.3795176423127222,0.11588571428571429,0.059999999999999984,0.11588571428568228,0.060000000004396814,0.22127918899059296,0.9643182158470154,1.8447851228105696,0,1.4802642950730536,0.7213770899323292,1.3791838835055787,1.522176404085073,0.7299428797640007
17.080000000000002,1.5247710172286555,0.7436049414525449,1.3867176423132437,0.11588571428571429,0.06,0.11588571428567951,0.06000000000436212,0.22127918899059296,0.9643182158470154,1.8581653818039776,0,1.482766220871608,0.7345213547664385,1.3861438712579142,1.5247710172286555,0.7436049414525449
17.2,1.5272671971258782,0.7572853300752109,1.3939176423137583,0.11588571428571429,0.06,0.11588571428569894,0.06000000000411926,0.2246926873922348,0.9651033282279968,1.8720070270725422,0,1.4852580853110315,0.7481368516488999,1.3933438590382163,1.5272671971258782,0.7572853300752109
17.3,1.5292836789093924,0.7687519002375282,1.3991306012476057,0.11692357064829001,0.044864594712437436,0.1169235706477284,0.04486459479067367,0.2217055708169937,0.9701929688453674,1.8835846573053647,0,1.487271162569995,0.7595381253390369,1.3987867816952535,1.5292836789093924,0.7687519002375282
17.400000000000002,1.5312677258665788,0.780333942406179,1.4027653932812254,0.11796642874587786,0.029656247455947846,0.11796642874561392,0.02965624748961504,0.2217055708169937,0.9701929688453674,1.895284540598826,0,1.4892518019335168,0.7710691416338947,1.4026535170466072,1.5312677258665788,0.780333942406179
17.52,1.533585600677482,0.7941967955219619,1.4077921493381993,0.11691785276699773,0.04494798048128301,0.11691785276697897,0.04494798048461368,0.22927820682525635,0.9874132871627808,1.9093093000957442,0,1.4915660223015834,0.7849016491084789,1.4074487402898774,1.533585600677482,0.7941967955219619
17.62,1.535436636455393,0.8056511306919176,1.4135824150361294,0.11586032814822328,0.06037021450507729,0.11586032814821512,0.0603702145094559,0.22927820682525635,0.9874132871627808,1.9208749263260023,0,1.493414561673497,0.796318593195603,1.4130042008507802,1.535436636455393,0.8056511306919176
17.740000000000002,1.5375643051797612,0.8193932277027244,1.4207885718891555,0.11588462585506935,0.06001587294690519,0.11588462585505332,0.06001587295110383,0.2292279750108719,0.9926759004592896,1.935177255403637,0,1.495608785164884,0.8104516042093538,1.4204532482746524,1.5375643051797612,0.8193932277027244
17.86,1.5396524822162263,0.8333872734124959,1.424449088073552,0.11794813345334644,0.029923053805364395,0.11794813345342992,0.029923053798223964,0.2292279750108719,0.9926759004592896,1.949243223771802,0,1.497692630631243,0.8243623573955242,1.4247532753658625,1.5396524822162263,0.8333872734124959
17.96,1.5413496909208604,0.8450250153632064,1.4279366418420414,0.11582564033137982,0.06087607850071082,0.11709913620612522,0.04230426350140121,0.2264472097158432,0.9927293062210083,1.9605299492922057,0,1.4993155227851074,0.8355317975797883,1.4276704012214014,1.5413496909208604,0.8450250153632064
18.080000000000002,1.5432787268310861,0.8587920679110043,1.4352053500940816,0.11588240057934537,0.060048324884546596,0.11588240057933408,0.060048324888629934,0.2264472097158432,0.9927293062210083,1.9743814856180033,0,1.501239320645276,0.849249088142363,1.4346340231493264,1.5432787268310861,0.8587920679110043
18.2,1.545131690796419,0.8727014708889675,1.4405676374259029,0.117989271061477,0.029323130353460406,0.11798927106000667,0.02932313056269037,0.22460635006427765,1.0210503339767456,1.988306005067083,0,1.503091697865655,0.8630498468360445,1.440767549422544,1.545131690796419,0.8727014708889675
18.3,1.546646360216003,0.8844004527417008,1.4435334359957097,0.11794511431251795,0.02996708294244652,0.11794511431250099,0.029967082944420964,0.22869141399860382,1.0514271259307861,2.000547121403879,0,1.5046600430273958,0.8751900784081611,1.4438480555655218,1.546646360216003,0.8844004527417008
18.400000000000002,1.5481147413085024,0.8960398093413018,1.447447285407273,0.1168969530261492,0.045252768368657395,0.11689695302617154,0.04525276837207687,0.22869141399860382,1.0514271259307861,2.0122536175004355,0,1.5061207300396195,0.8868050878490102,1.447587382052133,1.5481147413085024,0.8960398093413018
18.52,1.5497834088082005,0.9098700986569812,1.4542924219168027,0.11588637851684781,0.05999031329596944,0.11588637851684958,0.05999031330042315,0.23174579441547394,1.031195044517517,2.0252094180568165,0,1.5076734715169713,0.8996675044944636,1.453788736738858,1.5497834088082005,0.9098700986569812
18.62,1.5511244285497625,0.9215423984703867,1.4579515674099053,0.11799755372344577,0.029202341533082335,0.11799755372330079,0.029202341572838464,0.23174579441547394,1.031195044517517,2.0373278253113423,0,1.5090638390153126,0.9117058877997956,1.4584714365165594,1.5511244285497625,0.9215423984703867
18.740000000000002,1.552693178512665,0.9356096107693567,1.461532917769153,0.1179429711889149,0.029998336828324212,0.11794673875063777,0.029943393222049697,0.2283499538898468,1.0553791522979736,2.051450561335556,0,1.5106215302380037,0.925742456855814,1.4620468489284038,1.552693178512665,0.9356096107693567
18.86,1.5542060558975046,0.9496394563942393,1.4657447648698598,0.11584452539458362,0.06060067132898898,0.11689374829366994,0.045299503857697265,0.2283499538898468,1.0553791522979736,2.065555490703468,0,1.5121233866898978,0.939767201405063,1.4657284644072348,1.5542060558975046,0.9496394563942393
18.96,1.5553859810996298,0.961164589703421,1.4717911169578641,0.11588371121598462,0.060029211433557605,0.11586803688735103,0.06025779540376475,0.2291749268770218,1.0728003978729248,2.077559148647377,0,1.5133438647169921,0.9517086517951853,1.4717844451516513,1.5553859810996298,0.961164589703421
19.080000000000002,1.5567241416184547,0.9751070529757258,1.4775288790656862,0.1179776301898139,0.029492893065213778,0.11797763018742691,0.029492893405952403,0.2291749268770218,1.0728003978729248,2.090994905474206,0,1.5146331741596,0.9650824037994244,1.4780643510535076,1.5567241416184547,0.9751070529757258
19.2,1.558017511189297,0.9892036875852698,1.4810893822813762,0.1179443480372454,0.02997825779017104,0.11794434803722997,0.029978257792342977,0.23288162052631378,1.1020886898040771,2.105589800121252,0,1.5159576984906602,0.9796170721841796,1.481740877926851,1.558017511189297,0.9892036875852698
19.3,1.5590565141286479,1.0009521781528732,1.4840884632818057,0.1179429134987297,0.02999917814352504,0.11794291349873642,0.029999178145778682,0.23172950744628906,1.117129921913147,2.1178279323879954,0,1.5170268431672942,0.991808413826457,1.484859869950031,1.5590565141286479,1.0009521781528732
19.400000000000002,1.5600602644501813,1.0127036718200797,1.4870884342648032,0.11794285988351703,0.02999996003204306,0.11794285988354081,0.02999996003429095,0.23172950744628906,1.117129921913147,2.1291246007632303,0,1.5179799779269523,1.0030648009248986,1.4877398395989772,1.5600602644501813,1.0127036718200797
19.52,1.561218222176583,1.0268093577016761,1.4906884322620475,0.11794285722338085,0.029999998825695897,0.11794285722334097,0.029999998827773267,0.23864398896694183,1.098281741142273,2.1432454308505444,0,1.5191258015238378,1.017139065759682,1.4913398358731753,1.561218222176583,1.0268093577016761
19.62,1.5621443912778747,1.0385672181370373,1.4936884322373358,0.11794285714789521,0.029999999926528277,0.11794285714790131,0.029999999929114507,0.23864398896694183,1.098281741142273,2.1550127910555066,0,1.5200419453245302,1.0288707087277311,1.4943398347760883,1.5621443912778747,1.0385672181370373
19.740000000000002,1.5631904440476234,1.0525687593366768,1.4989299891724481,0.11690059876566171,0.0451996013341,0.11690059876564574,0.045199601337586603,0.23433348536491394,1.1087394952774048,2.1690163203646122,0,1.5210768147160487,1.0428359469445851,1.499403296133354,1.5631904440476234,1.0525687593366768
19.86,1.5641795488572086,1.0666819238750593,1.5026080554568966,0.11794488291686994,0.029970457462313225,0.11796609879597963,0.029661059222294006,0.23433348536491394,1.1087394952774048,2.1826469207198813,0,1.522022791058057,1.0564336818591,1.503151779846802,1.5641795488572086,1.0666819238750593
19.96,1.5649655330945074,1.0784501429840996,1.5056057798249722,0.11794294399791794,0.02999873336369668,0.1179437195654609,0.029987423004890212,0.24041658639907837,1.1394217014312744,2.1944144749903987,0,1.522800330613069,1.0681755201202057,1.5061492739598628,1.5649655330945074,1.0784501429840996
20.080000000000002,1.5658621087467846,1.092574858517958,1.5092056765791635,0.1179428604259822,0.02999995212109277,0.11794286042599578,0.029999952123535567,0.24041658639907837,1.1394217014312744,2.209006007468519,0,1.5237155546912868,1.0827383215315654,1.509869160334159,1.5658621087467846,1.092574858517958
20.2,1.566690019044535,1.1065547783150496,1.514974341971083,0.11587745932711378,0.0601203848129239,0.11587745932735705,0.06012038474050019,0.23364529013633728,1.1507288217544556,2.2225291773564706,0,1.5245076936349244,1.096238271150448,1.514751048648692,1.566690019044535,1.1065547783150496
20.3,1.5673148476260557,1.1182528092466106,1.519134760455994,0.1179935964858961,0.02926005124734849,0.1179935964845058,0.029260051470567094,0.24452762305736542,1.1584066152572632,2.2332075129589226,0,1.5250814478790642,1.1069011815085972,1.5194987506411135,1.5673148476260557,1.1182528092466106
20.400000000000002,1.5679065571272777,1.1300340547195848,1.5221083066140992,0.11794565594786414,0.029959184093647687,0.11794565594783757,0.029959184095623703,0.24452762305736542,1.1584066152572632,2.2454484988622214,0,1.5256900989196036,1.1191270262563275,1.5225809417305363,1.5679065571272777,1.1300340547195848
20.52,1.5685699520761387,1.1441717543996408,1.5257065505506655,0.11794296293780784,0.029998457156968823,0.11794296293780593,0.029998457159521874,0.23828557133674622,1.1694459915161133,2.2600401957759537,0,1.5263659508647969,1.1337030628565286,1.5262987085385475,1.5685699520761387,1.1441717543996408
20.62,1.5690838996825967,1.1559548342036088,1.5287065254340833,0.11794286228780416,0.029999924969522397,0.11794286228782869,0.02999992497164372,0.23828557133674622,1.1694459915161133,2.272278252881475,0,1.5268909819890197,1.1459298524611876,1.5294186721515146,1.5690838996825967,1.1559548342036088
20.740000000000002,1.5696539724429561,1.170096483870838,1.5323065244738017,0.11794285736344674,0.02999999678306827,0.11794285736341781,0.029999996785240457,0.2476060688495636,1.1640266180038452,2.2849870011837865,0,1.5273958272573913,1.1586285695092404,1.5326586719532274,1.5696539724429561,1.170096483870838
20.86,1.570173131684628,1.1842400941182045,1.5359065240880303,0.11794285714317233,0.02999999999540351,0.1179428573634067,0.029999996785240457,0.2476060688495636,1.1640266180038452,2.299578524900416,0,1.527924722491798,1.1732105047101657,1.5363786729420446,1.570173131684628,1.1842400941182045
20.96,1.5705668672402398,1.1960278014278922,1.5389065240108155,0.11794285714287453,0.02999999999974645,0.11794285714295527,0.030000000000654503,0.24459785223007202,1.1596747636795044,2.311345885090241,0,1.528311736297376,1.1849714989772915,1.5393786741245967,1.5705668672402398,1.1960278014278922
21.080000000000002,1.5709926680277575,1.210174530028096,1.5425065240110545,0.1179428571428578,0.029999999999990416,0.11794285714288866,0.030000000001903504,0.24459785223007202,1.1596747636795044,2.326408102512714,0,1.5287556261124178,1.2000271741701867,1.5432186760450628,1.5709926680277575,1.210174530028096
21.2,1.5713675379431307,1.2243226998371217,1.5461065240112963,0.11794285714285717,0.02999999999999968,0.11794285714288866,0.030000000002042282,0.2356216460466385,1.1998473405838013,2.3395875446520957,0,1.5290966019324137,1.2132022047430349,1.546578677985957,1.5713675379431307,1.2243226998371217
21.3,1.5716410204870688,1.2361138099833109,1.5491065240114934,0.11794285714285714,0.029999999999999978,0.1179428571428831,0.030000000001972893,0.2448466569185257,1.1893006563186646,2.3508842107502588,0,1.5293536317697085,1.224495946399197,1.5494586798492627,1.5716410204870688,1.2361138099833109
21.400000000000002,1.5718791285229547,1.247905687515945,1.5521065240116931,0.11794285714285714,0.03,0.11794285714289421,0.030000000001972893,0.2448466569185257,1.1893006563186646,2.363592958941182,0,1.529603910287999,1.2372022299330858,1.5526986821572217,1.5718791285229547,1.247905687515945
21.52,1.5721181608205013,1.2620568040782232,1.555706524011932,0.11794285714285714,0.03,0.1179428571428831,0.030000000001972893,0.24430035054683685,1.1794945001602173,2.3781844826074323,0,1.52984049673457,1.2517918354711406,1.5564186850589234,1.5721181608205013,1.2620568040782232
21.62,1.5722784378437114,1.2738499962863248,1.5587065240121318,0.11794285714285714,0.03,0.11794285714288866,0.030000000002042282,0.24430035054683685,1.1794945001602173,2.3899518427730846,0,1.5299917581269011,1.2635582234155938,1.5594186875764267,1.5722784378437114,1.2738499962863248
21.740000000000002,1.5724240682438997,1.288002382240114,1.5623065240123681,0.11794285714285714,0.03,0.11794285714288866,0.030000000001903504,0.24935796856880188,1.1831077337265015,2.4026605909574728,0,1.5301154716367873,1.2762663694401586,1.5626586904650641,1.5724240682438997,1.288002382240114
21.86,1.572518749221016,1.3021552007548498,1.56590652401261,0.11794285714285714,0.03,0.1179428571428831,0.030000000001972893,0.24935796856880188,1.1831077337265015,2.417722808360194,0,1.530208776450074,1.2913282978458658,1.5664986941249395,1.572518749221016,1.3021552007548498
21.96,1.572558729431984,1.3139494142837012,1.5689065240128097,0.11794285714285714,0.03,0.11794285714288866,0.030000000002042282,0.24363531172275543,1.1721535921096802,2.42996086255383,0,1.5302419986001774,1.3035663069460064,1.5696186973026955,1.572558729431984,1.3139494142837012
22.080000000000002,1.5725600004228983,1.3281025494410805,1.572506524013046,0.11794285714285714,0.03,0.11794285714288866,0.030000000001903504,0.24363531172275543,1.1721535921096802,2.444081692415994,0,1.530232885854462,1.3176871338677576,1.5732187012122227,1.5725600004228983,1.3281025494410805
22.2,1.5725103202290607,1.3422555974618007,1.5761065240132879,0.11794285714285714,0.03,0.11794285714288866,0.030000000002042282,0.2567118704319,1.1867129802703857,2.4567904405938936,0,1.5301812205566199,1.3303957770268942,1.5764587049559347,1.5725103202290607,1.3422555974618007
22.3,1.5724341444776384,1.354124679749377,1.578012152725605,0.11898511552029757,0.014800398662326974,0.1189851155202426,0.014800398663444847,0.24107524752616882,1.1731951236724854,2.4686163689453964,0,1.5300981902731245,1.342221413895448,1.5787385588821565,1.5724341444776384,1.354124679749377
22.400000000000002,1.572339447851225,1.3660220162462702,1.5795038168012105,0.1189718307095769,0.014994135485336804,0.1189718307095855,0.01499413548620987,0.24107524752616882,1.1731951236724854,2.4819269838402755,0,1.5299811943534611,1.3555315146026015,1.580407053007207,1.572339447851225,1.3660220162462702
22.52,1.57219627861905,1.38020654213383,1.5826355163267922,0.11793359439097416,0.030135081798293287,0.11793359439096762,0.03013508180112201,0.2451704740524292,1.1816942691802979,2.495622967795465,0,1.529832939164343,1.3692266961238415,1.5832311176881222,1.57219627861905,1.38020654213383
22.62,1.5720389337466905,1.391999596192178,1.5856381065481004,0.11794250701043403,0.030005106097836878,0.11794250701042674,0.03000510610029483,0.2451704740524292,1.1816942691802979,2.507390046434973,0,1.529668666625728,1.3809926280563927,1.5862347528111114,1.5720389337466905,1.391999596192178
22.740000000000002,1.5718034101505909,1.4061507644791635,1.5892382101758955,0.11794285649922075,0.03000000938636413,0.11794284356778095,0.03000019797257114,0.2526955306529999,1.145203709602356,2.521040171379217,0,1.5294338753538441,1.3946407335678592,1.589714900349037,1.5718034101505909,1.4061507644791635
22.86,1.5715169435951803,1.4203010002231355,1.5928382110524728,0.11794285711155626,0.030000000456471183,0.11794285692783846,0.03000000313745088,0.2526955306529999,1.145203709602356,2.534690307181681,0,1.5291515895525287,1.4082879502127312,1.5931949080412293,1.5715169435951803,1.4203010002231355
22.96,1.5712393096366362,1.4320920133477164,1.5958382110912313,0.11794285714193747,0.030000000013411642,0.11794285712369845,0.030000000281193984,0.2547987699508667,1.1691770553588867,2.5464576673300416,0,1.5288701228773736,1.4200519436406451,1.596194912610383,1.5712393096366362,1.4320920133477164
23.080000000000002,1.5708594584355642,1.4462400502949937,1.5994382110924419,0.11794285714279187,0.030000000000951772,0.11794285714276653,0.03000000000343006,0.2547987699508667,1.1691770553588867,2.5615198847166076,0,1.5284583497019728,1.4351085314165055,1.6000349186506493,1.5708594584355642,1.4462400502949937
23.2,1.5704303077648194,1.4604540293993138,1.6020564997377122,0.11899469074667893,0.014660759944265593,0.11899469074669877,0.014660759945356316,0.25701069831848145,1.1651309728622437,2.5752244621473834,0,1.528034861500235,1.448806564132889,1.6028475021512605,1.5704303077648194,1.4604540293993138
23.3,1.570048430760767,1.4722830398440216,1.6044601827554916,0.11792313985305268,0.030287543809648373,0.1179231398529823,0.03028754380116072,0.2556488513946533,1.140912413597107,2.586587036576904,0,1.5276618355476104,1.4601630138115986,1.6048099699078044,1.570048430760767,1.4722830398440216
23.400000000000002,1.5696337186831812,1.4840693864773382,1.6074695292998205,0.1179416235073618,0.030017990517640467,0.11794162350735049,0.030017990520422866,0.2556488513946533,1.140912413597107,2.599765402646022,0,1.5271911084613676,1.4733329700857083,1.6081838532613346,1.5696337186831812,1.4840693864773382
23.52,1.5690893308267084,1.498212004503182,1.6110701648404278,0.11794281051138189,0.030000680042347443,0.11794281051139,0.030000680044869887,0.2563127279281616,1.1379997730255127,2.613886177838423,0,1.5266375595428956,1.487442891262993,1.6117845645581805,1.5690893308267084,1.498212004503182
23.62,1.5685967814927948,1.5099959935643648,1.614070206966073,0.11794285487510742,0.030000033071350154,0.1179428548751249,0.030000033073782073,0.2563127279281616,1.1379997730255127,2.6251828404554645,0,1.5261581462441045,1.4987293765073995,1.6146646144041774,1.5685967814927948,1.5099959935643648
23.740000000000002,1.567959060759274,1.524134754050634,1.6176702072630693,0.11794285704562738,0.030000001417934137,0.11794285704563312,0.030000001419797084,0.2579844892024994,1.1234767436981201,2.6383622825207564,0,1.5255577503249693,1.5118951358053918,1.618024621268466,1.567959060759274,1.524134754050634
24.0,1.566402745298561,1.554760300568427,1.6254702076322247,0.1179428571386884,0.030000000060793924,0.11794285704563312,0.030000001419797084,0.2571910321712494,1.1317671537399292,2.6487175603151787,0,1.5250549791159274,1.5222382010817501,1.6206646265050035,1.566402745298561,1.554760300568427
24.1,1.5657405631278047,1.5665359782882546,1.6284702077515243,0.11794285714285707,0.03000000000000096,0.11794285708453534,0.030000000852750675,0.2581566572189331,1.1173151731491089,2.682136774544243,0,1.5232461702993239,1.5556084286859044,1.629184644207006,1.5657405631278047,1.5665359782882546
24.22,1.5648993173879733,1.5806640900518165,1.6320702077517635,0.11794285714285714,0.030000000000000013,0.11794285714288866,0.030000000002042282,0.2581566572189331,1.1173151731491089,2.695316216645204,0,1.5224546771695056,1.5687640827068203,1.6325446513717816,1.5648993173879733,1.5806640900518165
24.32,1.5641594307296796,1.5924351409358402,1.6350702077519632,0.11794285714285714,0.03,0.1179428571428831,0.030000000001972893,0.2578231692314148,1.1034704446792603,2.708024964803648,0,1.5216495925960576,1.581447304639135,1.635784658462484,1.5641594307296796,1.5924351409358402
24.42,1.5633842343011886,1.6042039191935291,1.638070207752163,0.11794285714285714,0.03,0.11794285714288866,0.030000000002042282,0.2578231692314148,1.1034704446792603,2.7188509367553055,0,1.5209313701101133,1.5922494259659281,1.638544664645034,1.5633842343011886,1.6042039191935291
24.54,1.562407399535989,1.6183233041036438,1.6416702077523992,0.11794285714285714,0.03,0.11794285714288866,0.030000000001903504,0.2619999647140503,1.093806266784668,2.7334424603848038,0,1.5199161640332775,1.6068055902426792,1.642264673182992,1.562407399535989,1.6183233041036438
24.64,1.5615545466186196,1.6300867097789884,1.6446702077526019,0.11794285714285714,0.03,0.11794285714288866,0.030000000002042282,0.2619999647140503,1.093806266784668,2.7456805145526215,0,1.5190229529698938,1.6190110047711044,1.6453846805184642,1.5615545466186196,1.6300867097789884
24.740000000000002,1.560666407374993,1.641847503964132,1.6476702077527987,0.11794285714285714,0.03,0.11794285714288866,0.030000000002042282,0.2653293311595917,1.0963214635849,2.756506486501259,0,1.5182010645680122,1.629805733488749,1.6481446871332648,1.560666407374993,1.641847503964132
24.86,1.5595540736088263,1.6559568607882802,1.651270207753038,0.11794285714285714,0.03,0.11794285714289421,0.030000000001972893,0.2653293311595917,1.0963214635849,2.7706273163335053,0,1.5170842671967373,1.6438823310457855,1.6517446959312125,1.5595540736088263,1.6559568607882802
24.96,1.558588333030704,1.6677115371478033,1.6542702077532374,0.11794285714285714,0.03,0.1179428571428831,0.030000000001972893,0.2619085907936096,1.0834616422653198,2.783336064485731,0,1.516035827543646,1.6565477585510267,1.6549847040130596,1.558588333030704,1.6677115371478033
25.080000000000002,1.5573829024120955,1.6818132453217158,1.6578702077534766,0.11794285714285714,0.03,0.11794285714288866,0.030000000002042282,0.2619085907936096,1.0834616422653198,2.7969862004719124,0,1.5148640239798912,1.6701475044622276,1.658464712873217,1.5573829024120955,1.6818132453217158
25.2,1.5561267135648944,1.695910522575805,1.6614702077537158,0.11794285714285714,0.03,0.11794285714289421,0.030000000001972893,0.25919702649116516,1.0715798139572144,2.8115777240950597,0,1.5135590789929423,1.6846805592073903,1.662184722561299,1.5561267135648944,1.695910522575805
25.3,1.5550411276043015,1.7076547370792767,1.6644702077539155,0.11794285714285714,0.03,0.11794285714288866,0.030000000002042282,0.2606163024902344,1.065005898475647,2.822874390153746,0,1.5125116746213592,1.6959285638359396,1.6650647302188053,1.5550411276043015,1.7076547370792767
25.400000000000002,1.5539203139381785,1.719395641980826,1.6674702077541124,0.11794285714285714,0.03,0.1179428571428831,0.030000000001972893,0.2606163024902344,1.065005898475647,2.834641750284517,0,1.5113861860928104,1.7076419766613875,1.6680647383362828,1.5539203139381785,1.719395641980826
25.52,1.5525288511927853,1.7334802104096652,1.6710702077543513,0.11794285714285714,0.03,0.11794285714289421,0.030000000001972893,0.26062068343162537,1.0586154460906982,2.848762580110185,0,1.5099892222863032,1.721693536257702,1.67166474825152,1.5525288511927853,1.7334802104096652
25.62,1.5513305725281161,1.7452134622787419,1.674070207754551,0.11794285714285714,0.03,0.1179428571428831,0.030000000001972893,0.26062068343162537,1.0586154460906982,2.8605299402390907,0,1.5087864500955486,1.73339926577194,1.6746647566446948,1.5513305725281161,1.7452134622787419
25.740000000000002,1.5498461826119092,1.7592885403593477,1.6776702077547903,0.11794285714285714,0.03,0.1179428571428831,0.030000000001972893,0.27582111954689026,1.0648038387298584,2.8751214638567695,0,1.5072462505115691,1.7479092742738942,1.6783847672056775,1.5498461826119092,1.7592885403593477
25.86,1.5483176948781756,1.77326800971493,1.682587776763784,0.115889502817559,0.05994475057726452,0.11588950282012123,0.05994475021184331,0.27582111954689026,1.0648038387298584,2.889168593869153,0,1.5057172913432946,1.7618729466220469,1.6826863182343472,1.5483176948781756,1.77326800971493
25.96,1.5469838584774078,1.7848560345108473,1.6874797492486882,0.11798950774918188,0.029319678657764046,0.11777950725258002,0.03238218624995737,0.2695278525352478,1.0244802236557007,2.8998070748254032,0,1.5044986390450532,1.7724413979576252,1.687932740449026,1.5469838584774078,1.7848560345108473
26.080000000000002,1.5453109576939472,1.798913073220854,1.6910345752323397,0.11794485728760332,0.029970831222451633,0.11794485728756077,0.029970831224371275,0.2695278525352478,1.0244802236557007,2.914402990276643,0,1.5027647529044619,1.7869339611095043,1.6916601896518375,1.5453109576939472,1.798913073220854
26.2,1.5435880218664375,1.812961055321022,1.694632992355234,0.11794292379926251,0.029999027927421634,0.11794292379925797,0.02999902793003606,0.2722143530845642,1.0433906316757202,2.9289946544597076,0,1.500978186204362,1.8014158409273122,1.695378388318097,1.5435880218664375,1.812961055321022
26.3,1.542113633349866,1.8246628199271473,1.6976329644034815,0.11794286131329376,0.029999939181132466,0.11794286131328047,0.029999939183261715,0.2699750065803528,1.017544150352478,2.939349934650873,0,1.4996776409641868,1.8116891271549904,1.69801836556291,1.542113633349866,1.8246628199271473
26.400000000000002,1.5406142725781506,1.8362251252249868,1.7026039961793942,0.11583103501899976,0.06079740597292002,0.11583103501965897,0.06079740582427828,0.2699750065803528,1.017544150352478,2.9519448447090095,0,1.4980634674979187,1.8241801720829915,1.7024666678304772,1.5406142725781506,1.8362251252249868
26.52,1.5387258678962619,1.850183948166993,1.7071833094377569,0.11794769123404797,0.029929502836800317,0.11794769123400495,0.02992950283893514,0.28187933564186096,0.9943588376045227,2.9659400613704334,0,1.4961811750142608,1.838048231226439,1.7078185973671647,1.5387258678962619,1.850183948166993
26.62,1.5371047385614285,1.8618663417433534,1.710182500299418,0.11794303987171391,0.02999733520417208,0.11794303987169297,0.029997335206366493,0.28187933564186096,0.9943588376045227,2.9777075263543384,0,1.4945560727070526,1.849702941632045,1.7108172545175595,1.5371047385614285,1.8618663417433534
26.740000000000002,1.5351143110976517,1.87587034054696,1.7139048710220839,0.11584452134472857,0.06060073038937488,0.11773302978014821,0.033059982334562865,0.2802087664604187,0.9973002672195435,2.991357666440823,0,1.492627181026669,1.8632161093312187,1.7142972129688785,1.5351143110976517,1.87587034054696
26.86,1.5330815454147775,1.8896233270980431,1.7211610660272623,0.11588344206454272,0.060033136558752004,0.11587176584850756,0.060203414719989246,0.2802087664604187,0.9973002672195435,3.0047708584340103,0,1.4906784247472413,1.8764869822644323,1.7205734137326327,1.5330815454147775,1.8896233270980431
26.96,1.5313018910382752,1.9011504791237261,1.726064936992418,0.11797761864994583,0.02949306135495649,0.11776820098808871,0.03254706928440543,0.2852415442466736,0.9899930357933044,3.0177360984570676,0,1.488700094086853,1.8893003993205362,1.7268188973424592,1.5313018910382752,1.9011504791237261
27.080000000000002,1.529087983041439,1.9151317348245058,1.7296311123468646,0.11794454764048151,0.029975346909644582,0.11794454764049722,0.029975346911639833,0.2852415442466736,0.9899930357933044,3.0313893247677894,0,1.4865550157974488,1.9027840645427267,1.7302678628738792,1.529087983041439,1.9151317348245058
27.2,1.526824261163787,1.9291027623756576,1.7332296641259672,0.11794292962294278,0.02999894299875101,0.1179429296229606,0.0299989430009584,0.2853717505931854,0.9815968871116638,3.0459809756873466,0,1.4842108074551752,1.9171861811859925,1.7339862342233046,1.526824261163787,1.9291027623756576
27.3,1.5248994336492232,1.9407389204609906,1.736229624086542,0.11794285927240461,0.02999996894409929,0.11794285927236858,0.02999996894598178,0.2785837948322296,0.954188346862793,3.0572776451697794,0,1.482359171690217,1.9283300667915277,1.7368662002016355,1.5248994336492232,1.9407389204609906
27.400000000000002,1.5229559074105918,1.952212780506513,1.741518772650489,0.11587745925493884,0.06012038586547515,0.11587745925490389,0.06012038586543367,0.2785837948322296,0.954188346862793,3.069365188902291,0,1.4803450406056786,1.940248623308979,1.741681999551053,1.5229559074105918,1.952212780506513
27.52,1.5205439986177398,1.9659079136155413,1.7487240010091991,0.11588536035126978,0.06000516154398225,0.11588536035129215,0.0600051615485403,0.28917503356933594,0.958521842956543,3.0822836231904684,0,1.4781048800612595,1.9529713441340695,1.748407672822125,1.5205439986177398,1.9659079136155413
27.62,1.5184388225667242,1.9775084500169187,1.7517863699200324,0.11798403696619639,0.029399460909636,0.11798403696617887,0.029399460911710973,0.28917503356933594,0.958521842956543,3.093989356612411,0,1.4760109638725565,1.9644882755804343,1.7523309609568154,1.5184388225667242,1.9775084500169187
27.740000000000002,1.5158688689757194,1.9914117437557615,1.755595125906078,0.11693141744776571,0.044750162220083316,0.11753884552830884,0.03589183588226241,0.29605212807655334,0.9228950142860413,3.1090442030106704,0,1.4732664741111847,1.9792908488710794,1.7562196832362096,1.5158688689757194,1.9914117437557615
27.86,1.5132605555846237,2.0051517335907807,1.7616414896873969,0.11587737434584218,0.060121624123134876,0.1158773743469399,0.060121623962211546,0.29605212807655334,0.9228950142860413,3.122522044440093,0,1.4707483298245076,1.9925313609060473,1.7618527343072892,1.5132605555846237,2.0051517335907807
27.96,1.5110282647457853,2.0165226359579584,1.7676503243966186,0.11588552382391656,0.06000277756788341,0.11588307898045547,0.060038431540024306,0.29690614342689514,0.9228224754333496,3.134517383508061,0,1.4684331969129003,2.004301166297689,1.7681025556042085,1.5110282647457853,2.0165226359579584
28.080000000000002,1.5082394510210975,2.0302879071056585,1.7728281454588988,0.11792503198811381,0.030259950173340072,0.11792503198811422,0.03025995025836281,0.29690614342689514,0.9228224754333496,3.1484804030049354,0,1.465652317528761,2.017984463536328,1.773854550775144,1.5082394510210975,2.0302879071056585
28.2,1.5053854010998784,2.044072036304472,1.7775456720824128,0.11689042950165529,0.04534790310086033,0.11689042950163153,0.0453479031044951,0.2834761142730713,0.9088231921195984,3.162522685180529,0,1.462794090330907,2.0317327807418786,1.7784107846081074,1.5053854010998784,2.044072036304472
28.3,1.5029709581374286,2.055433270900884,1.7831606734237937,0.11586165708331043,0.06035083420172279,0.11586165708330487,0.06035083420591336,0.29410308599472046,0.8921709060668945,3.173634103687981,0,1.46047911054632,2.042600369703774,1.7836252190048592,1.5029709581374286,2.055433270900884
28.400000000000002,1.5004945124141993,2.066753267934739,1.7891729229759912,0.11588468283316121,0.060015042016398866,0.11588468283312281,0.06001504202088337,0.29410308599472046,0.8921709060668945,3.18516765719318,0,1.4580085460210004,2.053866210435096,1.7896401810670164,1.5004945124141993,2.066753267934739
28.52,1.4974329386290215,2.0803182917990277,1.796373363638456,0.11588565739032705,0.0600008297243971,0.11588565739035217,0.060000829728776295,0.2984144389629364,0.87394779920578,3.199470645074136,0,1.4548508836540264,2.067816286804026,1.7970807682093493,1.4974329386290215,2.0803182917990277
28.62,1.4948070673760403,2.0916054243258966,1.802373378962248,0.115885712614063,0.060000024378247904,0.11588571261405001,0.060000024382500516,0.2984144389629364,0.87394779920578,3.211005355463728,0,1.4522288280717972,2.079049023260271,1.80308081065859,1.4948070673760403,2.0916054243258966
28.740000000000002,1.4915666988801826,2.105128883880244,1.8095733792980782,0.11588571428222878,0.06000000005083029,0.11588571421125016,0.06000000109057657,0.3097965121269226,0.8469664454460144,3.2243856142130243,0,1.4491028746790713,2.0920590094087888,1.810040839121441,1.4915666988801826,2.105128883880244
28.86,1.48822904630032,2.118628662478128,1.816773379304311,0.11588571428563468,0.06000000000116082,0.1158857142829317,0.060000000045232205,0.3097965121269226,0.8469664454460144,3.2386886453403836,0,1.4456612943200637,2.105941812586199,1.8174808694539897,1.48822904630032,2.118628662478128
28.96,1.4853734796005762,2.1298598834132636,1.8227733793048277,0.11588571428570493,0.06000000000013635,0.11588571428570726,0.060000000004709064,0.31263652443885803,0.8204580545425415,3.249761969990891,0,1.442925964096017,2.1166719797508313,1.8232408931316522,1.4853734796005762,2.1298598834132636
29.080000000000002,1.481857925889943,2.143314430193222,1.8299733793053945,0.11588571428571409,0.060000000000002746,0.11588571428570726,0.060000000004709064,0.31263652443885803,0.8204580545425415,3.2640650011128876,0,1.4393014351399867,2.1305081457343578,1.8306809238463602,1.481857925889943,2.143314430193222
29.2,1.4782455914022232,2.156743316464812,1.8371733793059586,0.11588571428571427,0.06000000000000019,0.11588571428570726,0.060000000004709064,0.31774625182151794,0.8048431873321533,3.2779066461615387,0,1.435695906776845,2.143871951437653,1.8378809535919898,1.4782455914022232,2.156743316464812
29.3,1.47515725844899,2.167930075584723,1.84293018569278,0.11692797266315472,0.04480039866232698,0.11630261763508898,0.053920159663461975,0.3117404282093048,0.7880679368972778,3.288984264355483,0,1.4327416190944375,2.1545483651211135,1.8435977149785838,1.47515725844899,2.167930075584723
29.400000000000002,1.4719722723859607,2.179266282324261,1.8462094490183616,0.1179572097059784,0.02979069178781498,0.11795720970596002,0.029790691789752244,0.3117404282093048,0.7880679368972778,3.3011861492296175,0,1.4294316105833222,2.1662927185787533,1.8472331115969394,1.4719722723859607,2.179266282324261
29.52,1.468138450316957,2.192680739041629,1.8527488900604248,0.11583966824572518,0.06067150474984101,0.11583966824573189,0.06067150475380645,0.3197643756866455,0.7487237453460693,3.314640734567489,0,1.4257398237707948,2.179230901478408,1.8529524571154685,1.468138450316957,2.192680739041629
29.62,1.4648808352690899,2.203801587818492,1.8587547110710938,0.11588347500647317,0.06003265615559946,0.1158834750064508,0.060032656159364484,0.3197643756866455,0.7487237453460693,3.326635975462733,0,1.422363540290073,2.190741180102001,1.8592035502020074,1.4648808352690899,2.203801587818492
29.740000000000002,1.4608870785666785,2.2171088852364926,1.8661381465464513,0.11483970976370908,0.07525423261257572,0.11557185367916945,0.06457713371661733,0.31964111328125,0.743341326713562,3.3400130582751038,0,1.4185150515326166,2.2035527170454268,1.8661793711647068,1.4608870785666785,2.2171088852364926
29.86,1.456823430370198,2.2302508376957113,1.875530897968608,0.11380472828169419,0.09034771255862642,0.11421872087608032,0.0843103203757023,0.31964111328125,0.743341326713562,3.3536980432781407,0,1.4144762734116325,2.216628155310464,1.8753110079927904,1.456823430370198,2.2302508376957113
29.96,1.4533763349531905,2.2410360601011923,1.8854075844059381,0.1117428951502254,0.12041611239254624,0.11236144509294554,0.11139559208589445,0.33027738332748413,0.7031697034835815,3.3645205241111693,0,1.4111963546452118,2.226941652499437,1.8841382869690118,1.4533763349531905,2.2410360601011923
30.080000000000002,1.4491686543648086,2.2536382517606897,1.9016501769429874,0.10969414192991662,0.15029376352204926,0.10969414193057192,0.15029376337877265,0.33027738332748413,0.7031697034835815,3.3785684357818346,0,1.4067754455169195,2.240275796070968,1.9007291275466087,1.4491686543648086,2.2536382517606897
30.2,1.4448192957867865,2.2659202955026276,1.9216347631662736,0.10760556912668694,0.18075211690248208,0.10760556912683406,0.18075211680859682,0.3266182839870453,0.6998589038848877,3.391440583888729,0,1.4025042392970763,2.252418653820007,1.9201724399798001,1.4448192957867865,2.2659202955026276
30.3,1.4410742984344973,2.2758514653352795,1.9418471985198411,0.10557011800419265,0.21043577910552358,0.10557011800411131,0.21043577911654401,0.32395219802856445,0.666357159614563,3.4018934499706828,0,1.3988442959673084,2.26220983475747,1.9398730702097426,1.4410742984344973,2.2758514653352795
30.400000000000002,1.437189003366677,2.285516741282117,1.9649297303084146,0.10351403004452012,0.2404203951840816,0.1035140300441939,0.24042039515698166,0.32395219802856445,0.666357159614563,3.4121227784748296,0,1.395061269894689,2.271713932577865,1.9624392892601923,1.437189003366677,2.285516741282117
30.52,1.4322567167765192,2.2969105353967154,1.993863301461996,0.10145827221176462,0.27040019691176587,0.10333313694064206,0.24305841957825153,0.33479827642440796,0.6433317065238953,3.423882491461948,0,1.3904192593240463,2.2825186809507536,1.9902929725876375,1.4322567167765192,2.2969105353967154
30.62,1.4279666939840867,2.3061044052333566,2.0209033211402883,0.10145827221176462,0.27040019691176587,0.10145827221147985,0.27040019692912975,0.33479827642440796,0.6433317065238953,3.4341992159044823,0,1.3860995786622454,2.2918875209111356,2.017895772260942,1.4279666939840867,2.3061044052333566
30.740000000000002,1.422493772741707,2.316977790112122,2.05337177943354,0.10043968291546115,0.2852546241495247,0.10138047139026107,0.27153479218895715,0.3308102786540985,0.6344831585884094,3.445689337325827,0,1.3809675027903054,2.302167826719909,2.0492248830486113,1.422493772741707,2.316977790112122
30.86,1.4167306824908943,2.3275346239802492,2.087962585660226,0.0994103933692861,0.30026509669791085,0.09982210918904055,0.29426090748727035,0.3308102786540985,0.6344831585884094,3.457809874796193,0,1.3752011025108195,2.3128287861695687,2.084674443245412,1.4167306824908943,2.3275346239802492
30.96,1.411686453221563,2.3361008887861043,2.117983005795776,0.09942779204427957,0.30001136602092293,0.09942083257388212,0.3001128583136891,0.3472634553909302,0.6091006398200989,3.4670945978197127,0,1.3705186671584704,2.3208463220001434,2.1134959202121184,1.411686453221563,2.3361008887861043
31.080000000000002,1.4052747988537244,2.346212083636089,2.1533719175896384,0.1004777099974211,0.2847000625376088,0.10047770999546679,0.2847000627684976,0.3472634553909302,0.6091006398200989,3.4787368326146813,0,1.3643269511983926,2.3307055453210186,2.1490919296464965,1.4052747988537244,2.346212083636089
31.2,1.3984394519984524,2.356213929925126,2.186695266136606,0.10150708832554754,0.26968829525243165,0.10150708832470379,0.2696882952814283,0.34545913338661194,0.6245306134223938,3.49053974032438,0,1.3577079580444344,2.3404778306234197,2.182615976709307,1.3984394519984524,2.356213929925126
31.3,1.392465016189094,2.3644186007374417,2.2136785588764876,0.10148642659249424,0.2699896121927923,0.10148642659222329,0.26998961220908724,0.3411064147949219,0.6236549019813538,3.500843423351309,0,1.3516701466503922,2.3488271250540524,2.2106768748803627,1.392465016189094,2.3644186007374417
31.400000000000002,1.3862719694309795,2.372458140461073,2.2406779973340423,0.10148574482586746,0.269999554622766,0.10148574482553574,0.26999955463957725,0.3411064147949219,0.6236549019813538,3.5099570166894987,0,1.346136234215154,2.3560682159037114,2.2355163236812876,1.3862719694309795,2.372458140461073
31.52,1.378557235958046,2.381880487278611,2.273077959673464,0.1014857147636623,0.2699999930299247,0.10148571776958937,0.2699999492064564,0.354105144739151,0.6157464981079102,3.52224023851745,0,1.3383963011937432,2.3656060864888437,2.2689963346703736,1.378557235958046,2.381880487278611
31.62,1.3718765481628314,2.389563430288687,2.299596032990676,0.10251841332619563,0.25493980565964697,0.10231187361185445,0.2579518433593747,0.354105144739151,0.6157464981079102,3.532572158561178,0,1.3316449254572849,2.373427051739703,2.296734444545974,1.3718765481628314,2.389563430288687
31.740000000000002,1.36350613252152,2.3986584559361166,2.3293312639206665,0.1035684693583596,0.23962648852392238,0.1035684693575345,0.23962648855048455,0.360161155462265,0.6026208996772766,3.543846715213772,0,1.3240423606391443,2.3817527130286655,2.3246963620753287,1.36350613252152,2.3986584559361166
31.86,1.3548299338046832,2.4075539383473257,2.3581121823414843,0.10354395526659681,0.23998398569546317,0.10354395526636084,0.23998398571020707,0.360161155462265,0.6026208996772766,3.5568258440512492,0,1.315012263227707,2.3910755412540374,2.35539288881701,1.3548299338046832,2.4075539383473257
31.96,1.3474073203968464,2.414772769053891,2.3821117458170056,0.10354290422491248,0.23999931338669298,0.10354290422469048,0.23999931340105976,0.3607384264469147,0.5976629257202148,3.566559029311509,0,1.3080550765160788,2.397882335534026,2.3784324091234317,1.3474073203968464,2.414772769053891
32.08,1.338274744476372,2.4231971146386586,2.410911723995645,0.10354285726915592,0.23999999815814266,0.10354285897202775,0.23999997333601364,0.3607384264469147,0.5976629257202148,3.578725313648354,0,1.2991411439692242,2.406162449127153,2.4072323943797818,1.338274744476372,2.4231971146386586
32.18,1.3304815210655607,2.4300141342017074,2.4349117238270783,0.1035428571482722,0.23999999992103035,0.10354285724475942,0.23999999852621076,0.3743073642253876,0.6174743175506592,3.5892695156472536,0,1.2912255894563356,2.413128379972854,2.432192398857442,1.3304815210655607,2.4300141342017074
32.3,1.320900888273736,2.437958273191454,2.463404288971284,0.10459691951315053,0.22462825709988804,0.1040698883293445,0.2323141287331049,0.3668502867221832,0.5986245274543762,3.6010408813834185,0,1.2821894586406062,2.420672476418127,2.4599317383974504,1.320900888273736,2.437958273191454
32.4,1.3126496738722717,2.4444560741138988,2.4852387676915755,0.10557616159007621,0.21034764347805524,0.10557616158899386,0.21034764363561664,0.3668502867221832,0.5986245274543762,3.611335371523747,0,1.2741247243203229,2.4270706470623473,2.4819525441864627,1.3126496738722717,2.4444560741138988
32.5,1.304217837576558,2.4508108015950243,2.506260222510371,0.10559897792817452,0.2100149052141216,0.10559897792798978,0.21001490523225863,0.3782337009906769,0.6167071461677551,3.6221196978491625,0,1.265529932905995,2.4335845748204097,2.5038167116230423,1.304217837576558,2.4508108015950243
32.62,1.2939248486353643,2.45820158989694,2.531461207997104,0.10559996136564065,0.21000056341774054,0.10559996136546013,0.21000056343138676,0.3782337009906769,0.6167071461677551,3.634565152228408,0,1.255437165859112,2.4408664281588965,2.5290177366001094,1.2939248486353643,2.45820158989694
32.72,1.285154142935014,2.464200907835201,2.551492564340487,0.10663785423148704,0.19486462579081368,0.10663785423111194,0.19486462580563246,0.3908616304397583,0.6077958941459656,3.6445831865162353,0,1.247185736597768,2.446547530704805,2.5484130417986255,1.285154142935014,2.464200907835201
32.82,1.2762370251910775,2.470047630675274,2.5709882998571594,0.1066290228634369,0.19499341657487845,0.10662902286328046,0.19499341658679725,0.3908616304397583,0.6077958941459656,3.655490798481686,0,1.2380792487562107,2.452551519210824,2.5686876974797563,1.2762370251910775,2.470047630675274
32.94,1.265313941696152,2.4768863793660247,2.5930449130268283,0.10765902490369418,0.17997255348779323,0.10767213703673506,0.17978133488756598,0.38990628719329834,0.6212064623832703,3.667322557497098,0,1.2280708209793056,2.458861978372664,2.5894502748444426,1.265313941696152,2.4768863793660247
33.04,1.2560775759823735,2.4824172711980452,2.6110423796490596,0.10765721399858416,0.17999896252064765,0.10765866272255398,0.1799778353063497,0.38990628719329834,0.6212064623832703,3.677926816063502,0,1.2189918946666403,2.4643413393529556,2.6074475029362887,1.2560775759823735,2.4824172711980452
33.16,1.244864953448962,2.488833474297774,2.6326422751182394,0.10765714554629242,0.17999996078323546,0.1076571797723247,0.17999946166399883,0.39288270473480225,0.6179518103599548,3.6914998947858817,0,1.2072297400261056,2.4711148306400292,2.6304872445472998,1.244864953448962,2.488833474297774
33.26,1.2354170216161364,2.4939942942819875,2.650642272391697,0.10765714298791972,0.17999999809283734,0.1076571434994511,0.17999999064335914,0.39288270473480225,0.6179518103599548,3.7016797896133924,0,1.1983074335863813,2.476016127049637,2.6477672127089695,1.2354170216161364,2.4939942942819875
33.36,1.2258262522994696,2.4990122053896298,2.667788038204971,0.10974914464846419,0.14949164054323041,0.1091215441480109,0.15864414817372274,0.39670732617378235,0.6315435767173767,3.7123079777183587,0,1.188911346561457,2.4809832118097956,2.665520154982748,1.2258262522994696,2.4990122053896298
33.48,1.2140551982776782,2.504915166829143,2.6857485573856223,0.10971560338351023,0.14998078399047568,0.10971560338344233,0.14998078400052517,0.39670732617378235,0.6315435767173767,3.7257462956223875,0,1.1769111665681264,2.4870316883301604,2.684121765095785,1.2140551982776782,2.504915166829143
33.58,1.2041681542467564,2.50967098634937,2.7007475799000193,0.1097143583975134,0.1499989400362628,0.10971435839741694,0.1499989400458035,0.38253456354141235,0.6513051986694336,3.736583099323492,0,1.1671525627107133,2.491744008906093,2.69912068421209,1.2041681542467564,2.50967098634937
33.68,1.194210945998334,2.5142779473236945,2.715747515057429,0.10971428784980172,0.14999996885705802,0.10971428784969373,0.14999996886672085,0.38253456354141235,0.6513051986694336,3.746986365678065,0,1.1577188779291396,2.496129615168184,2.713520584737725,1.194210945998334,2.5142779473236945
33.8,1.1821727634146701,2.519608380332476,2.7337475132046825,0.10971428583208173,0.1499999982821413,0.10971428583200771,0.14999999829248822,0.38327091932296753,0.668174684047699,3.7599903789176,0,1.1458395786131046,2.501419852222803,2.731520542977025,1.1821727634146701,2.519608380332476
33.9,1.1719978552501005,2.52391952702606,2.7475923434648672,0.11075654409745472,0.13480039857878526,0.11075654409740121,0.13480039858793091,0.3679558336734772,0.6692708730697632,3.770901078463024,0,1.1358037692259333,2.5057007276607095,2.74557964716423,1.1719978552501005,2.52391952702606
34.0,1.1617433152802037,2.5281018441666867,2.7610861384562813,0.1107434439710355,0.1349914420890654,0.11074344397097313,0.1349914420981091,0.3679558336734772,0.6692708730697632,3.7818547364741795,0,1.1256692049118562,2.509856835213358,2.75907188128237,1.1617433152802037,2.5281018441666867
34.12,1.149277841225628,2.5329788646338764,2.775878235310266,0.11179204735459748,0.11969930941212009,0.11179204735455861,0.11969930942080931,0.36342769861221313,0.6777963638305664,3.79509145711111,0,1.1133526821047575,2.5147059628836064,2.7740822114610313,1.149277841225628,2.5329788646338764
34.22,1.1388157132280217,2.5369134992196014,2.7878714198390835,0.11177211570868292,0.11998997924837387,0.11177211570860823,0.11998997925699584,0.36342769861221313,0.6777963638305664,3.806161558580815,0,1.1029978268366465,2.518620566174623,2.78607304012401,1.1388157132280217,2.5369134992196014
34.32,1.128307549888142,2.5407221672281786,2.7998711423053617,0.11177146198781335,0.11999951267772208,0.1117714619877308,0.11999951268576448,0.34573328495025635,0.7091397643089294,3.8167882077040085,0,1.0930142748911584,2.5222612202558583,2.797592660667646,1.128307549888142,2.5407221672281786
34.44,1.1156385793777934,2.545125708043009,2.814271130470515,0.11177142863285676,0.11999999910417221,0.11177143000407064,0.11999997911432692,0.34573328495025635,0.7091397643089294,3.8305142115301027,0,1.0800579860825614,2.526793080949015,2.812472607352834,1.1156385793777934,2.545125708043009
34.54,1.105033558809072,2.5486556601939814,2.8262711303817007,0.11177142863285676,0.11999999910417221,0.11177142863278422,0.11999999911173342,0.3398008644580841,0.7052451372146606,3.8415836040822327,0,1.0695611589880443,2.530307063365157,2.824472578130365,1.105033558809072,2.5486556601939814
34.66,1.092225519940654,2.552732443112454,2.8402519038766947,0.11279810573422291,0.1050276247092491,0.1124901025843339,0.10951933750426301,0.3398008644580841,0.7052451372146606,3.8544356338559256,0,1.0573233841581242,2.5342328163523007,2.838247482336808,1.092225519940654,2.552732443112454
34.76,1.0814125297328807,2.5560314380483082,2.8503858836973115,0.11385177047591896,0.08966168055951512,0.11343030457756087,0.09580805844060236,0.32326939702033997,0.7114344239234924,3.866080010428177,0,1.0461929260154688,2.537653986808592,2.8490256094769784,1.0814125297328807,2.5560314380483082
34.86,1.0704927715894568,2.5592510960606623,2.8593610640163245,0.11382969962863274,0.08998354708243922,0.11383632088281526,0.0898869871269331,0.32326939702033997,0.7114344239234924,3.8773841906685487,0,1.0353544034867594,2.54086504898511,2.8579982035648896,1.0704927715894568,2.5592510960606623
34.98,1.0573533957201164,2.5629843600600952,2.870159845546843,0.11382861980014905,0.08999929458115959,0.11382861980014924,0.08999929458727851,0.3195858895778656,0.7421397566795349,3.8913988191528572,0,1.0218776852577411,2.544710549905516,2.8691568297247976,1.0573533957201164,2.5629843600600952
35.08,1.0463737030205909,2.5659868540074395,2.8791598074139135,0.11382857350250282,0.08999996975516722,0.11382857350249465,0.08999996976108426,0.3195858895778656,0.7421397566795349,3.9017967191865877,0,1.011851619965893,2.5474663328931713,2.8774367698504117,1.0463737030205909,2.5659868540074395
35.18,1.035367435368205,2.568890409941112,2.8881598057795568,0.11382857151749123,0.0899999987032528,0.11382857151745474,0.08999999870966391,0.3134653568267822,0.7654252648353577,3.91355085430889,0,1.0004907842849606,2.5504814788439014,2.886796746443965,1.035367435368205,2.568890409941112
35.3,1.0221260875243963,2.5722437489875,2.8989598057091395,0.11382857143238385,0.08999999994440197,0.11382857143234504,0.0899999999511708,0.29905322194099426,0.779952883720398,3.9262091461225355,0,0.9882250623833997,2.5536094842583745,2.8968767237677437,1.0221260875243963,2.5722437489875
35.4,1.011064490709149,2.574928825903305,2.9079598057074443,0.11382857142869847,0.08999999999814715,0.113828571428648,0.09000000000460029,0.29905322194099426,0.779952883720398,3.93751120207823,0,0.9772473704674383,2.5562977455968388,2.9058767040527265,1.011064490709149,2.574928825903305
35.5,0.9999227225513336,2.5775301100112697,2.916105571653938,0.11487457232143401,0.07474582031242057,0.11487457232111087,0.07474582034511235,0.2872689962387085,0.7852905988693237,3.9488522349051762,0,0.966209045226182,2.558900513633011,2.914371890501291,0.9999227225513336,2.5775301100112697
35.62,0.9863834224897995,2.580579363484417,2.92371145371149,0.1158909323627142,0.05992390304375135,0.11589093236267778,0.05992390304777884,0.2872689962387085,0.7852905988693237,3.963097534036558,0,0.9523167830679871,2.5620522749613044,2.9225538389494226,0.9863834224897995,2.580579363484417
35.72,0.9750612731822765,2.583050448530334,2.929709728893374,0.11588588818225674,0.059997464008755816,0.11588588818220447,0.0599974640120432,0.286525160074234,0.8199752569198608,3.975555223743872,0,0.9401479432235984,2.5647193650770173,2.9290311970651404,0.9750612731822765,2.583050448530334
35.82,0.9637246143330386,2.585453536130157,2.9357096791845714,0.11588572174152854,0.059999891269375404,0.11588572174155987,0.059999891273837536,0.286525160074234,0.8199752569198608,3.986628553184739,0,0.9293170602800394,2.5670238388930757,2.934791126412867,0.9637246143330386,2.585453536130157
35.94,0.9501019005667448,2.5882473902562557,2.942909676936019,0.11588571430126016,0.05999999977328932,0.11588571457891161,0.05999999572917081,0.2727817893028259,0.8071522116661072,4.000008812453707,0,0.9162123119021128,2.569725117859794,2.94175110965028,0.9501019005667448,2.5882473902562557
36.04,0.9387345128830915,2.590500628404642,2.948909676915446,0.11588571428638081,0.05999999999027978,0.11588571429828054,0.05999999982048143,0.2727817893028259,0.8071522116661072,4.0124662983427966,0,0.9039947111683322,2.572158055792989,2.948231097292388,0.9387345128830915,2.590500628404642
36.16,0.9250761082593079,2.5931144245101616,2.9561096769150237,0.1158857142857467,0.05999999999952729,0.11588571428592931,0.060000000000684506,0.27689510583877563,0.8183724284172058,4.025385170883195,0,0.8913082323837105,2.574597425334982,2.954951084961234,0.9250761082593079,2.5931144245101616
36.26,0.9136799690096852,2.5952174211991164,2.9621096769153676,0.11588571428571523,0.059999999999986106,0.11588571428568506,0.06000000000373762,0.27689510583877563,0.8183724284172058,4.03691988290503,0,0.8799673919334245,2.5767033501455665,2.9609510743622103,0.9136799690096852,2.5952174211991164
36.36,0.9022714169855295,2.597252003609002,2.9681096769157627,0.11588571428571434,0.05999999999999923,0.1158857142856462,0.060000000003945786,0.2755134403705597,0.8387468457221985,4.048915981934185,0,0.8681597365078844,2.578821289065599,2.9671910637822387,0.9022714169855295,2.597252003609002
36.48,0.8885653479996898,2.599603092697436,2.9753096769162424,0.11588571428571429,0.05999999999999996,0.1158857142856462,0.060000000003945786,0.2755134403705597,0.8387468457221985,4.062757627211976,0,0.8545194116486106,2.5811734543934803,2.9743910521609145,0.8885653479996898,2.599603092697436
36.58,0.8771309341662473,2.601486909343527,2.981309676916643,0.11588571428571429,0.06,0.1158857142856462,0.060000000003945786,0.2678070664405823,0.8590341806411743,4.074753726229264,0,0.842684358448123,2.583132512170627,2.9806310425964435,0.8771309341662473,2.601486909343527
36.68,0.8656854233195768,2.603302086009654,2.987309676917044,0.11588571428571429,0.06,0.1158857142856462,0.060000000003945786,0.2678070664405823,0.8590341806411743,4.086288438230089,0,0.8312931831107573,2.584946542317944,2.986631033829196,0.8656854233195768,2.603302086009654
36.8,0.8519367424216714,2.605389601402152,2.9945096769175237,0.11588571428571429,0.06,0.1158857142856462,0.060000000003945786,0.25367462635040283,0.861416757106781,4.09966869721028,0,0.8180660684173362,2.5869651475948756,2.9935910241713986,0.8519367424216714,2.605389601402152
36.9,0.8403286545928239,2.607082070738033,2.9984351084973357,0.11797771607142857,0.029491640624999996,0.11797771607057195,0.029491640740758607,0.2525911033153534,0.8812547922134399,4.111305189847952,0,0.8065537341515148,2.588660470767189,2.998272399430251,0.8403286545928239,2.607082070738033
37.0,0.8286513432375459,2.608747573472316,3.0014175343087985,0.11794417481186972,0.02998078399356656,0.11794417481180708,0.029980783995478544,0.2525911033153534,0.8812547922134399,4.123074216450851,0,0.794902854233448,2.590323896243286,3.0012509038860107,0.8286513432375459,2.608747573472316
37.12,0.8146334357834352,2.610699788658085,3.0050166909088567,0.11794292122282726,0.02999906550043579,0.11794292122286332,0.029999065503175104,0.25040799379348755,0.8751199245452881,4.13766581723919,0,0.780450898288017,2.5923377936879395,3.0049699053712144,0.8146334357834352,2.610699788658085
37.22,0.8029465861741302,2.612288072756158,3.0080166729899016,0.11794285956508278,0.02999996467587592,0.11794285956512329,0.02999996467856203,0.25040799379348755,0.8751199245452881,4.149433179135952,0,0.7687907618397838,2.593922730285396,3.007969880050832,0.8029465861741302,2.612288072756158
37.32,0.7912550254867394,2.6138412890947724,3.011016672297756,0.11794285724671007,0.02999999848547818,0.11794285724676112,0.02999999848811441,0.24363401532173157,0.9059144854545593,4.159317762876853,0,0.7589926102760027,2.5952270391690777,3.0104898762052774,0.7912550254867394,2.6138412890947724
37.44,0.7772190806988393,2.6156588397513643,3.0146166722568095,0.11794285714313574,0.029999999995937256,0.117942857146347,0.029999999951457745,0.24363401532173157,0.9059144854545593,4.173438592813763,0,0.7449896186999703,2.597047496537081,3.0140898720045834,0.7772190806988393,2.6156588397513643
37.54,0.7655175235465972,2.617134858516619,3.0176166722562017,0.11688694602692141,0.045398703774062535,0.11794285714311625,0.02999999999767078,0.25297632813453674,0.9151806831359863,4.186618034994912,0,0.7319143253069913,2.5987010983312757,3.0174498683450075,0.7655175235465972,2.617134858516619
37.66,0.7515527663786931,2.6188378329789805,3.0224550468201272,0.11793175155123155,0.030161956544539886,0.11793175154958258,0.030161956759838793,0.25297632813453674,0.9151806831359863,4.2011103262918015,0,0.7175290391423017,2.600458951850169,3.022408458461453,0.7515527663786931,2.6188378329789805
37.76,0.7398410909505578,2.6202218609653025,3.0254712424748473,0.11793175155123155,0.030161956544539886,0.1179317515512257,0.030161956547231084,0.23193156719207764,0.9315129518508911,4.211464498937003,0,0.7072466664666304,2.6016762042172843,3.0250627079732606,0.7398410909505578,2.6202218609653025
37.86,0.7281242169777686,2.6215707768366174,3.028471465933207,0.11794284480889454,0.03000017987028782,0.11794270391435324,0.030002234582687803,0.23193156719207764,0.9315129518508911,4.222760950240456,0,0.6960249142826327,2.6029731583306694,3.0279454766073868,0.7281242169777686,2.6215707768366174
37.98,0.71405868788502,2.623143068303442,3.0320714799884323,0.11794285654304039,0.03000000874732771,0.11794285654310732,0.030000008749558882,0.24368737637996674,0.9303334355354309,4.237823163152997,0,0.6810565754859157,2.6046521733661563,3.0317855318160323,0.71405868788502,2.623143068303442
38.08,0.7023331509625295,2.6244146241582986,3.0350714804639005,0.11794285711368727,0.030000000425394004,0.11794285711368424,0.030000000426910756,0.24368737637996674,0.9303334355354309,4.251002605279465,0,0.6679540692197508,2.6060741523779734,3.035145529627049,0.7023331509625295,2.6244146241582986
38.18,0.690603852112041,2.6256509977346636,3.038071480486975,0.11794285714175451,0.03000000001607991,0.11794285714170627,0.030000000018071127,0.24201688170433044,0.9402281641960144,4.262299271402499,0,0.6567196000205504,2.6072579459864667,3.038025527468134,0.690603852112041,2.6256509977346636
38.3,0.6765238764215378,2.6270881897716434,3.0416714804880534,0.11794285714280352,0.030000000000781984,0.11794285714277208,0.030000000001972893,0.2298988252878189,1.2954305410385132,4.2764201013090055,0,0.6426717956114669,2.608692180462627,3.041625524970495,0.6765238764215378,2.6270881897716434
38.4,0.66478667302633,2.6282471236095617,3.0446714804881996,0.11794285714285484,0.030000000000033528,0.1179428571428276,0.030000000001279004,0.2298988252878189,1.2954305410385132,4.288187461503023,0,0.6309614096147103,2.609848738175291,3.0446255230520687,0.66478667302633,2.6282471236095617
38.5,0.6530460456521993,2.6293708406749094,3.047671480488323,0.11794285714285704,0.030000000000001265,0.1179428571428276,0.030000000001279004,0.22746117413043976,1.2879186868667603,4.299954821695108,0,0.6192476066506809,2.6109701595992756,3.0476255212568106,0.6530460456521993,2.6293708406749094
38.62,0.6391273156153497,2.630644225699535,3.0538419421441647,0.11584452108363769,0.060600734196950536,0.11584452108368559,0.06060073420161016,0.22746117413043976,1.2879186868667603,4.31252623359881,0,0.6067287740708687,2.6121187361492577,3.0524201417065813,0.6391273156153497,2.630644225699535
38.72,0.6275814310283707,2.6316249407255943,3.059857881281182,0.11588434148967965,0.060020019942171786,0.115884341489636,0.06002001994548367,0.23448289930820465,1.2410966157913208,4.325443130678271,0,0.5938593404958246,2.6132250406366877,3.0591656145664987,0.6275814310283707,2.6316249407255943
38.82,0.6158711168389523,2.6325591665121286,3.0635397916996325,0.11797765721279858,0.029492498980020612,0.11797765721275333,0.029492499024896812,0.23448289930820465,1.2410966157913208,4.336168094930553,0,0.5831691755027557,2.6140883080539417,3.0632791088675653,0.6158711168389523,2.6325591665121286
38.94,0.6017583619394468,2.633637523549612,3.0671287319325327,0.11794296302816938,0.029998455839196546,0.11794441302361847,0.029977310073425745,0.22578966617584229,1.2167052030563354,4.350290253408049,0,0.5690883248492162,2.615167661997854,3.066861972284913,0.6017583619394468,2.633637523549612
39.04,0.5899954518478641,2.634497318822463,3.0701285894030566,0.11794286114532654,0.029999941630654624,0.11794294265161653,0.029998753000026745,0.22578966617584229,1.2167052030563354,4.3625283201006715,0,0.556882984060183,2.616062051508425,3.0699818105721004,0.5899954518478641,2.634497318822463
39.16,0.575876645553852,2.635482486512449,3.0737285841759023,0.11794285733750247,0.029999997161422272,0.11794285809906269,0.029999986056877814,0.22043637931346893,1.2047970294952393,4.376649150445764,0,0.5427965264403039,2.617046714576806,3.0735818041745997,0.575876645553852,2.635482486512449
39.26,0.5641502648211997,2.6362611796153512,3.07734215354069,0.11583918994169592,0.0606784800169344,0.11689102364156323,0.04533923837451992,0.22043637931346893,1.2047970294952393,4.388865312577753,0,0.5306071214982064,2.617854813823569,3.076830089875207,0.5641502648211997,2.6362611796153512
39.36,0.5525866600168704,2.6369699846929935,3.0833894877826284,0.11588314798195101,0.06003742526321434,0.11587435637381294,0.06016563622701643,0.22253884375095367,1.170032024383545,4.400404143397971,0,0.5190902795292112,2.6185668305079224,3.082699741237472,0.5525866600168704,2.6369699846929935
39.48,0.538592930431817,2.637739471992432,3.089005681470069,0.11797760604115472,0.029493245233160312,0.11797760603913243,0.029493245534417678,0.22253884375095367,1.170032024383545,4.41432172039843,0,0.5051942659290507,2.619341269393735,3.0889989283008745,0.538592930431817,2.637739471992432
39.58,0.5268120547114998,2.638342089896201,3.091976560130851,0.11794401517737221,0.02998311199665524,0.11794401517744024,0.029983111998477252,0.2087121605873108,1.1571470499038696,4.425620791611719,0,0.49390997367854883,2.61991898791363,3.0918479109709747,0.5268120547114998,2.638342089896201
39.68,0.5150313528545816,2.6389093775715846,3.0949755213161536,0.11794290091661205,0.02999936163274077,0.11794290091656778,0.029999361634697186,0.2087121605873108,1.1571470499038696,4.437858936684911,0,0.48168601985992465,2.6205081804735455,3.0949667397942418,0.5150313528545816,2.6389093775715846
39.8,0.5008924265130807,2.6395434686982,3.0985754835809995,0.11794285927163217,0.029999968955363974,0.11794285927154702,0.0299999689577779,0.22014828026294708,1.111975073814392,4.451038381941864,0,0.4685198709121332,2.6211000412389147,3.098326700496378,0.5008924265130807,2.6395434686982
39.9,0.4891083083387488,2.640032993246549,3.101575480954712,0.11794285722332493,0.02999999882651141,0.11794285845222463,0.029999980906275647,0.2191329300403595,1.0866888761520386,4.463276436397253,0,0.4562924465520135,2.6216100121896693,3.1014466983554585,0.4891083083387488,2.640032993246549
40.0,0.47732277479854857,2.6404871632972653,3.1045754809049493,0.1179428571463072,0.029999999949686676,0.1179428571463359,0.029999999951318967,0.2191329300403595,1.0866888761520386,4.47457310251224,0,0.4450042313988609,2.622046892001084,3.104326699301145,0.47732277479854857,2.6404871632972653
40.12,0.4631784153845728,2.640985493680282,3.1081754809031836,0.11794285714302491,0.029999999997553196,0.11794285714294972,0.029999999999752447,0.2099604457616806,1.0614324808120728,4.488693932399963,0,0.43089226991282326,2.6225472715915887,3.1079267008064018,0.4631784153845728,2.640985493680282
40.22,0.4515575791725195,2.641345224771537,3.1136235396221665,0.11584452108364401,0.060600734196858,0.11584452108355237,0.06060073419078549,0.2099604457616806,1.0614324808120728,4.5012458859438995,0,0.4183464923253526,2.6229409751537616,3.112933147137183,0.4515575791725195,2.641345224771537
40.32,0.43986458913012927,2.6416417607792093,3.118045801097912,0.11800427312132244,0.029104350314047643,0.11800427311923212,0.029104350631747877,0.20587997138500214,1.0500082969665527,4.512854596570073,0,0.40674167882262546,2.6232417507664,3.1180968533721978,0.43986458913012927,2.6416417607792093
40.44,0.4257132476576052,2.6419497838076524,3.1216230793938085,0.11794320797239673,0.029994883735880835,0.11794947339934803,0.029903512927392795,0.20587997138500214,1.0500082969665527,4.526036038484701,0,0.39356337219657433,2.623529231928357,3.121431062564136,0.4257132476576052,2.6419497838076524
40.54,0.4139209429493596,2.642167610440995,3.124622567767566,0.11794320797239673,0.029994883735880835,0.11794320797233748,0.029994883737616274,0.20717348158359528,1.0122342109680176,4.535920690904504,0,0.3836804813064929,2.623715836095159,3.123950176557123,0.4139209429493596,2.642167610440995
40.66,0.399769414855505,2.642382310114805,3.1282222550917287,0.11794285797257051,0.029999987900013333,0.11794285939384919,0.029999967176147502,0.20717348158359528,1.0122342109680176,4.551924331004415,0,0.36767878345463156,2.6239651597908,3.128029723636872,0.399769414855505,2.642382310114805
40.76,0.38797596444780263,2.642522309652552,3.1312222543451576,0.1179428571784311,0.029999999481213072,0.11794285717846575,0.029999999482527295,0.1930626630783081,0.9987398982048035,4.564162385285789,0,0.35544160736231056,2.6241117677011614,3.131149725278477,0.38797596444780263,2.642522309652552
40.86,0.37618214716124704,2.6426269282647348,3.134222254307436,0.11794285714420184,0.02999999998038983,0.11794285715439612,0.02999999983280266,0.1930626630783081,0.9987398982048035,4.5764004394967035,0,0.34320403348498374,2.6242201949406296,3.134269728023961,0.37618214716124704,2.6426269282647348
40.98,0.3620292315274378,2.6427057664712708,3.137822254306288,0.11794285714291479,0.029999999999159213,0.1179428571428276,0.030000000001279004,0.20329301059246063,0.9661892056465149,4.589109187688161,0,0.3304954902971544,2.6242923796824065,3.1375097311500757,0.3620292315274378,2.6427057664712708
41.08,0.3501928201940755,2.642734065306074,3.140207384599074,0.11899691951299313,0.014628257102183583,0.11899691951134939,0.014628257317822468,0.20329301059246063,0.9661892056465149,4.602323855464741,0,0.31728086167630476,2.6243245488976137,3.1404514066368296,0.3501928201940755,2.642734065306074
41.18,0.3382454979593908,2.6427439026015915,3.140960570258631,0.1199893089741819,-0.00015591079318040524,0.11998930897340054,-0.0001559106686810363,0.19022570550441742,0.9449304938316345,4.614253203227899,0,0.30535151535610794,2.6243304163656243,3.1413871753417677,0.3382454979593908,2.6427439026015915
41.3,0.32398828217540643,2.6427446897590796,-3.140158730419584,0.11790845659201767,0.030501674699742392,0.11790845659256366,0.03050167456136732,0.187442347407341,0.927725613117218,4.628522704454587,0,0.2910820141691275,2.6243293518428272,-3.140439437060406,0.32398828217540643,2.6427446897590796
41.4,0.3121952532814031,2.6427099238428737,-3.1371412141961477,0.1179413822192399,0.030021509302751454,0.11794138221921102,0.030021509304367644,0.187442347407341,0.927725613117218,4.638876494953458,0,0.2807282563135578,2.6243033525592585,-3.137780251340801,0.3121952532814031,2.6427099238428737
41.5,0.300263659913146,2.642647301554903,-3.1362150316084683,0.11996520430877866,-0.0005074371636445314,0.11996520430836988,-0.0005074370224011915,0.18265670537948608,0.9086377620697021,4.650731292038526,0,0.26887361846141644,2.6242419089044606,-3.1357788172889967,0.300263659913146,2.642647301554903
41.62,0.28586488653636755,2.642570042954063,-3.1362298971850433,0.11999808065400573,-2.799046241618914e-05,0.11999808065407125,-2.7990462031501906e-05,0.18265670537948608,0.9086377620697021,4.665609942196921,0,0.253995219067475,2.624155525976319,-3.1358014694958283,0.28586488653636755,2.642570042954063
41.72,0.2738650737227949,2.6425056921658823,-3.136230110718898,0.11999992744863813,-1.058040693878089e-06,0.11999992744865517,-1.0580415710226276e-06,0.189939945936203,0.8715314269065857,4.678089909951723,0,0.2415154612721735,2.624083134460919,-3.1358020105736215,0.2738650737227949,2.6425056921658823
41.82,0.26204998526189044,2.642428362905064,-3.1335372623425033,0.11790166668322516,0.030600694202966353,0.11790166668316227,0.030600694204546697,0.189939945936203,0.8715314269065857,4.689921765367115,0,0.2296838457472301,2.6240077909764925,-3.1339332447635018,0.26204998526189044,2.642428362905064
41.94,0.2478818195539386,2.642288755930813,-3.130176076882759,0.11995889268280849,-0.0005994817090429262,0.11834424658244691,0.02390661139287098,0.18398737907409668,0.8412139415740967,4.704513541000896,0,0.21509273730493783,2.62386825398541,-3.1302135056766707,0.2478818195539386,2.642288755930813
42.04,0.2358863915589652,2.6421521606490797,-3.130231410469998,0.11999844614162646,-2.266043461419013e-05,0.11996680337449384,-0.0004841174619518718,0.18398737907409668,0.8412139415740967,4.715526769424494,0,0.2040802803543933,2.623737899765174,-3.129792754947851,0.2358863915589652,2.6421521606490797
42.16,0.22148745430704006,2.641988581698086,-3.130233358945032,0.1199999142884725,-1.2499597759996185e-06,0.1199997674738329,-3.3910074748177976e-06,0.18444320559501648,0.8170844316482544,4.729926500461191,0,0.18968155287312616,2.6235678972668817,-3.1297972723073073,0.22148745430704006,2.641988581698086
42.26,0.2094882344379524,2.6418522738377574,-3.130233445657415,0.11999999632511825,-5.359202539598364e-08,0.11999997992082623,-2.928698950022124e-07,0.18444320559501648,0.8170844316482544,4.7419264944366875,0,0.17768239506982653,2.623426237733193,-3.1297973733684517,0.2094882344379524,2.6418522738377574
42.36,0.1974890088728641,2.641715966305817,-3.130233449366949,0.11999999986108931,-2.0257808854027023e-09,0.11999999915712767,-1.2340406474464771e-08,0.1844993233680725,0.8126832246780396,4.75440649418118,0,0.16520326493846715,2.6232789122868634,-3.1297973777035866,0.1974890088728641,2.641715966305817
42.48,0.18308993789870004,2.6415523972841433,-3.130233449502136,0.11999999999324458,-9.85163780595637e-11,0.11999999999625643,-9.853229343548264e-11,0.1844993233680725,0.8126832246780396,4.767846494174953,0,0.15176420145088043,2.6231202541347365,-3.129797377852197,0.18308993789870004,2.6415523972841433
42.58,0.17109071207962218,2.641416089766512,-3.130233449507794,0.11999999999980152,-2.8945234056579582e-12,0.12000000000219613,-3.191891195797325e-12,0.18802042305469513,0.7845184803009033,4.780326494176584,0,0.13928507106212829,2.6229729287084704,-3.1297973778584116,0.17109071207962218,2.641416089766512
42.68,0.1590914862602222,2.6412797822489003,-3.1302334495079718,0.11999999999998905,-1.5966321429229045e-13,0.12000000000178535,-5.551115123125783e-13,0.18802042305469513,0.7845184803009033,4.792326494178195,0,0.12728590722674493,2.6228312696448786,-3.1297973778577672,0.1590914862602222,2.6412797822489003
42.8,0.14477156449950257,2.6411223344972723,-3.131388619201394,0.11895774162255902,-0.015199601337680791,0.11895774162258288,-0.015199601339221935,0.18718528747558594,0.7723644971847534,4.806203017263556,0,0.11341032362363057,2.622669799488089,-3.1305561077544963,0.14477156449950257,2.6411223344972723
42.9,0.13294289709980925,2.641014267932346,-3.133879971715809,0.11791696406314593,-0.030377607412455137,0.11791696406314722,-0.0303776074116191,0.18678636848926544,0.7396572828292847,4.8194981021532906,0,0.10011590557413985,2.6225366418723954,-3.1330166873572547,0.13294289709980925,2.641014267932346
43.0,0.12114958734764236,2.640941101677482,-3.136890829828492,0.11794123711178126,-0.03002362545319008,0.11794123711181825,-0.030023625454678182,0.18678636848926544,0.7396572828292847,4.830845730987246,0,0.08876856464891691,2.622455808216151,-3.135908873306319,0.12114958734764236,2.640941101677482
43.12,0.10698841079659982,2.640900003676261,-3.1403726911409557,0.11998218583050767,-0.0002597899717630002,0.11814674142165416,-0.027026687641762415,0.18746916949748993,0.7146624326705933,4.844558264208831,0,0.0750561378704977,2.6224017785986082,-3.139389882296801,0.10698841079659982,2.640900003676261
43.22,0.09499020095369769,2.6408855221546177,-3.1403986701528246,0.11998218583050767,-0.0002597899717630002,0.1199821858305028,-0.0002597899716183516,0.18746916949748993,0.7146624326705933,4.856015816277151,0,0.06359859818995472,2.62238493024418,-3.1403116602956658,0.09499020095369769,2.6408855221546177
43.32,0.08319270733670694,2.640888153486419,3.139833490486243,0.11789135185913993,-0.030751118720875995,0.11789135185913402,-0.03075111872308245,0.18924151360988617,0.6920828223228455,4.869335469081063,0,0.05027894766309693,2.6223771418460062,3.1407234979545877,0.08319270733670694,2.640888153486419
43.44,0.06904028771286545,2.6409386307499543,3.136224367839084,0.11794276246246457,-0.03000138075572488,0.11794149429726897,-0.030019874833753235,0.18924151360988617,0.6920828223228455,4.882101645539751,0,0.03751281116105254,2.6224090821890633,3.1374713832710985,0.06904028771286545,2.6409386307499543
43.54,0.05724629226941386,2.6410196373398507,3.1332242561943993,0.1179428530834353,-0.030000059199901705,0.11794280777295274,-0.030000719980216584,0.18993516266345978,0.6822132468223572,4.895341383108193,0,0.024273296602693062,2.622485927099165,3.1341112459830445,0.05724629226941386,2.6410196373398507
43.66,0.04316922365433616,2.64116497906726,3.1285259502048333,0.11585085518309514,-0.060508361913195786,0.11606005497504235,-0.05745753133334919,0.18993516266345978,0.6822132468223572,4.90904325489648,0,0.010572010856421343,2.622612652793746,3.130343006165271,0.04316922365433616,2.64116497906726
43.76,0.03158458776886249,2.6413513898523684,3.1224906841257427,0.1158842197016895,-0.06002179601702827,0.11587754679792672,-0.06011910920769581,0.19329537451267242,0.6564457416534424,4.919759514105819,0,-0.0001432059139556685,2.6227621218727273,3.124890779821851,0.03158458776886249,2.6413513898523684
43.86,0.01999896228713403,2.6416075078610093,3.116489255537993,0.11588565020542423,-0.06000093450423009,0.11588550715495582,-0.06000302066044849,0.19329537451267242,0.6564457416534424,4.932798887438552,0,-0.01317995035631725,2.623023944818496,3.118169001176419,0.01999896228713403,2.6416075078610093
43.98,0.006153045115421596,2.642007307702101,3.1084935710735166,0.1148365438338668,-0.07530040242277569,0.1148365438345178,-0.07530040232614499,0.19173447787761688,0.6298260688781738,4.946736645586698,0,-0.027112578190354508,2.6234020768515767,3.1103848573763715,0.006153045115421596,2.642007307702101
44.08,-0.005323806325446178,2.642430540463139,3.1009784820093076,0.11485625967401988,-0.07501287975387651,0.11485625967398994,-0.07501287975983373,0.19173447787761688,0.6298260688781738,4.9578265535099755,0,-0.03819575400959119,2.6237884335606614,3.1031686639638187,-0.005323806325446178,2.642430540463139
44.18,-0.0167477442504537,2.6429396022247467,3.0927433712800863,0.11380794144317276,-0.09030085395373064,0.11380794144405515,-0.09030085382485953,0.19544488191604614,0.61711585521698,4.969811954614646,0,-0.05017036471354164,2.6242969000085923,3.0948421383660127,-0.0167477442504537,2.6429396022247467
44.3,-0.03038601036974852,2.643680351312487,3.081928872467059,0.11382743346928835,-0.09001659523954487,0.11382743346926016,-0.09001659524471295,0.20122545957565308,0.6164602041244507,4.982191696373862,0,-0.06253359260533164,2.624936119939871,3.085106697372879,-0.03038601036974852,2.643680351312487
44.4,-0.041594018314517006,2.6444091823659672,3.0707251097885795,0.11173019235444168,-0.12060136149772538,0.111730192355175,-0.12060136138136723,0.20122545957565308,0.6164602041244507,4.994049428834321,0,-0.07436894910877445,2.6256642377464425,3.0745449795384827,-0.041594018314517006,2.6444091823659672
44.5,-0.05266136719085104,2.645266018959033,3.0576081143333704,0.11072365967576811,-0.135279963061715,0.11072365967572662,-0.13527996307022283,0.20299164950847626,0.5948819518089294,5.004839593619132,0,-0.08513033082029642,2.626451841544226,3.0622752886669917,-0.05266136719085104,2.645266018959033
44.62,-0.06589350569138064,2.6464880406348437,3.041400088181544,0.11074192354488553,-0.13501361497041925,0.1107419235448659,-0.13501361497900155,0.20299164950847626,0.5948819518089294,5.018721030998178,0,-0.09895834261932013,2.627668555723652,3.045522951391742,-0.06589350569138064,2.6464880406348437
44.72,-0.07680374956059041,2.6476670071469774,3.0264355764398165,0.10971343614999166,-0.15001238947928827,0.10969681622186034,-0.15025476343910604,0.20748360455036163,0.5876129269599915,5.0307380549902065,0,-0.11091054724931393,2.6289150187627137,3.0296765733210878,-0.07680374956059041,2.6476670071469774
44.82,-0.08769256305511633,2.649009342462384,3.011434337490755,0.10971343614999166,-0.15001238947928827,0.10971343614989415,-0.15001238948930684,0.20748360455036163,0.5876129269599915,5.040955400552896,0,-0.12105576187682976,2.6301269471884288,3.0158744745040393,-0.08769256305511633,2.649009342462384
44.94,-0.10071443823170746,2.6508333172834107,2.993193150979585,0.1086815854898135,-0.16506021160688633,0.10930119398426807,-0.15602425425975675,0.20410360395908356,0.5577908158302307,5.053838216643177,0,-0.13382223450397568,2.631854409800567,2.99847412195081,-0.10071443823170746,2.6508333172834107
45.04,-0.11143296946475136,2.6525263678506255,2.9764448527396636,0.1076432551195208,-0.18020252950698804,0.10826625334253714,-0.17111713861803213,0.20410360395908356,0.5577908158302307,5.066182330715757,0,-0.14602341570532928,2.6337274633311987,2.9800436112539335,-0.11143296946475136,2.6525263678506255
45.16,-0.12411371305163586,2.6547817590865104,2.9542783771967454,0.10661054652753517,-0.19526286314011213,0.10671381738783792,-0.1937568295833081,0.20989444851875305,0.5634776949882507,5.079274420798856,0,-0.15892126293039732,2.6359743188456424,2.958075952771435,-0.12411371305163586,2.6547817590865104
45.26,-0.13454783781156085,2.656865292588053,2.9344492378959526,0.10557219340638294,-0.21040551282358205,0.10609136996807544,-0.20283418778924145,0.20989444851875305,0.5634776949882507,5.088810020771779,0,-0.1682812337406019,2.637796024989816,2.9408801919734118,-0.13454783781156085,2.656865292588053
45.36,-0.14481672372004775,2.6591374221218227,2.9128287960116497,0.10457809522038716,-0.2249027780360204,0.10457809522137484,-0.22490277785169877,0.21168673038482666,0.5462231040000916,5.099974379072713,0,-0.17919628071449623,2.640142223154792,2.918773969235786,-0.14481672372004775,2.6591374221218227
45.48,-0.15693736135443082,2.662135075330807,2.884919628658391,0.10352571351114552,-0.24025001129579437,0.10352571351095463,-0.2402500113105055,0.21168673038482666,0.5462231040000916,5.112730173552387,0,-0.1915968791810707,2.6431314455417128,2.891169362301081,-0.15693736135443082,2.662135075330807
45.58,-0.166918963156703,2.6648834242461557,2.8609053430739464,0.10354241306448458,-0.24000647614293302,0.10354241306425038,-0.2400064761573506,0.20130698382854462,0.5399762392044067,5.123721303914746,0,-0.2022098557720038,2.645989709791685,2.8661921765549154,-0.166918963156703,2.6648834242461557
45.68,-0.17678429792331493,2.6678578128057837,2.836175410339844,0.10250057716930375,-0.25519991628098704,0.10250057716985062,-0.2551999161790053,0.20130698382854462,0.5399762392044067,5.134681662229708,0,-0.21271841900470823,2.649104120358169,2.840677073898691,-0.17678429792331493,2.6678578128057837
45.8,-0.18840085146143254,2.6717188578363227,2.8047032451684455,0.10146199526235956,-0.2703459024239231,0.1014619952623419,-0.2703459024115673,0.1982024759054184,0.527578592300415,5.146385975326248,0,-0.22384518483120752,2.6527353773449556,2.811539413421245,-0.18840085146143254,2.6717188578363227
45.9,-0.19777549148525278,2.675154693543513,2.775314877817376,0.09944447201411624,-0.2997681164608048,0.0994444720137655,-0.29976811648055324,0.20240594446659088,0.5208722352981567,5.156279473070619,0,-0.23316052340320814,2.656067908651166,2.784164945131532,-0.19777549148525278,2.675154693543513
46.0,-0.20700447710461506,2.6788544816785222,2.7453219269493134,0.09942910132815883,-0.29999227229768366,0.09942910132777483,-0.2999922723155579,0.20240594446659088,0.5208722352981567,5.166900232644334,0,-0.24305001184521013,2.65994070509278,2.7529756692012395,-0.20700447710461506,2.6788544816785222
46.12,-0.21783932357966013,2.6836246396790213,2.7079757676427247,0.0983794234291891,-0.31530007499099233,0.09837942342881822,-0.31530007501015533,0.17199571430683136,0.5713887810707092,5.179092406302632,0,-0.2542456409477596,2.664768436186393,2.715921338530455,-0.21783932357966013,2.6836246396790213
46.22,-0.22661668495349344,2.687863951716205,2.675133317643859,0.09735674095696745,-0.330214194377558,0.09735674095644464,-0.33021419439685507,0.17199571430683136,0.5713887810707092,5.189553618013592,0,-0.2636984268997151,2.669249707011509,2.682037139833484,-0.22661668495349344,2.687863951716205
46.32,-0.23514787681585422,2.692345080295169,2.640672299155108,0.09632845591605735,-0.3452100178908302,0.09632845591563965,-0.3452100179100748,0.19249913096427917,0.5897111296653748,5.199911204505994,0,-0.27289739130189083,2.6740098175013056,2.646415048844708,-0.23514787681585422,2.692345080295169
46.44,-0.24506091961537566,2.6980517131593316,2.59749342352825,0.09427087272705621,-0.3752164393970968,0.09508660943088332,-0.3633202790549739,0.19249913096427917,0.5897111296653748,5.210966711569298,0,-0.2825171069707897,2.6794582399221825,2.606398618843668,-0.24506091961537566,2.6980517131593316
46.54,-0.25301937490220433,2.703072933493761,2.559731880595769,0.0932427341438351,-0.3902101270690712,0.09385961729443393,-0.38121391428933005,0.18897995352745056,0.5799815654754639,5.221128877518644,0,-0.29115457818702084,2.684812089730576,2.567485616590695,-0.25301937490220433,2.703072933493761
46.66,-0.26222015111234676,2.709439010988664,2.512911560224233,0.09325671951273316,-0.39000617377264135,0.09325112536452407,-0.39008775511648053,0.18897995352745056,0.5799815654754639,5.232351759513998,0,-0.30043566824696954,2.691121958792669,2.5222426405326623,-0.26222015111234676,2.709439010988664
46.76,-0.2696472882307244,2.7150636994927444,2.473787600188621,0.09114227394001691,-0.42084183837475336,0.09304527495500592,-0.39308974019700016,0.18018390238285065,0.5954780578613281,5.242800699059935,0,-0.3088118780656892,2.6973685135797045,2.480122004026844,-0.2696472882307244,2.7150636994927444
46.86,-0.27667974961054986,2.72085413652505,2.4316456226249725,0.09015152410232108,-0.4352902735078175,0.09104319895574253,-0.42228668185761986,0.18018390238285065,0.5954780578613281,5.252703166613122,0,-0.316491169870903,2.7036205005448455,2.4367915531281685,-0.27667974961054986,2.72085413652505
46.98,-0.28467819143994655,2.7280997374245155,2.3790513573753183,0.08912457427445844,-0.4502666251641476,0.08953535420609393,-0.44427608432109905,0.1859029084444046,0.6182727217674255,5.2636041797336794,0,-0.32461113116093254,2.7108936233750325,2.3861297494604727,-0.28467819143994655,2.7280997374245155
47.08,-0.2909819814519575,2.734399200880374,2.334026765187546,0.08914231997135788,-0.4500078337510306,0.08912812341301812,-0.4502148669097149,0.1859029084444046,0.6182727217674255,5.272547346071123,0,-0.330984339709264,2.7171675724454873,2.3429041319210864,-0.2909819814519575,2.734399200880374
47.18,-0.29697760550984686,2.7409559622770363,2.2886069590890865,0.08811614185919496,-0.46497293122007344,0.08842399529331857,-0.46048340179877245,0.18317003548145294,0.644949734210968,5.281114992407447,0,-0.33683025316517257,2.723430946904224,2.3014131334671015,-0.29697760550984686,2.7409559622770363
47.3,-0.30370667514706934,2.749110546899484,2.2328091655165814,0.08811435587664382,-0.4649989767989442,0.0881143558758013,-0.4649989768228114,0.17826862633228302,0.67970871925354,5.293295179031633,0,-0.3446715923066168,2.7327513732179094,2.240036206656093,-0.30370667514706934,2.749110546899484
47.4,-0.3089596011607519,2.7561840260661277,2.186309210798958,0.08811429069344073,-0.46499992738732243,0.08811429069258692,-0.46499992741158575,0.17826862633228302,0.67970871925354,5.302523067812909,0,-0.350222969513279,2.740122678561534,2.1935361741255606,-0.3089596011607519,2.7561840260661277
47.5,-0.31392206218131435,2.763554077539816,2.140893547109605,0.08914698503639039,-0.4499398015526401,0.08914698503530438,-0.44993980157947977,0.18888743221759796,0.7267154455184937,5.3118044962964595,0,-0.3554577936015686,2.74778698097336,2.147954173914618,-0.31392206218131435,2.763554077539816
47.62,-0.3194496698845049,2.772711044404362,2.086895882768261,0.08914299470817345,-0.44999799383913697,0.08914299470734743,-0.4499979938640819,0.18888743221759796,0.7267154455184937,5.322985028867973,0,-0.36129872971400845,2.7573204889275744,2.0939566434857433,-0.3194496698845049,2.772711044404362
47.72,-0.3236228139839785,2.7804790660915084,2.0405034517176137,0.08811377397171216,-0.46500746291253103,0.08810500836753388,-0.4651352946524745,0.17145641148090363,0.7369325160980225,5.331860810833626,0,-0.36555885050299897,2.765107072027049,2.049582401716689,-0.3236228139839785,2.7804790660915084
47.82,-0.3274269799292122,2.7884260594745345,1.9940027054237102,0.08811377397171216,-0.46500746291253103,0.08811377397088815,-0.4650074629383717,0.17145641148090363,0.7369325160980225,5.341826673295754,0,-0.3699220982853164,2.7740670097167963,1.9993605005589572,-0.3274269799292122,2.7884260594745345
47.94,-0.331550730830387,2.7982890296056544,1.9399225119559564,0.09019298816281847,-0.4346855892922306,0.08927079855927111,-0.44813418772993163,0.17617478966712952,0.769336998462677,5.35261748797372,0,-0.3741411951462321,2.7839988223958807,1.9468977356501171,-0.331550730830387,2.7982890296056544
48.04,-0.3346264787016765,2.806784157044078,1.896690200286129,0.09120547648327378,-0.41992013461892397,0.09059798348957093,-0.4287794076092421,0.17617478966712952,0.769336998462677,5.361642906786967,0,-0.3772758547774442,2.7924623969215157,1.9050871315683482,-0.3346264787016765,2.806784157044078
48.16,-0.33786775702441263,2.8172364582055502,1.8462973250406816,0.09120020701130538,-0.41999698108512984,0.09120126090503833,-0.41998161181347465,0.15848881006240845,0.808119535446167,5.373036018580213,0,-0.3807366743474343,2.8033171527565113,1.854660479870432,-0.33786775702441263,2.8172364582055502
48.26,-0.3401636674948624,2.8260620598938564,1.804297545595475,0.09120000782503632,-0.4199998858848869,0.0912000675802882,-0.4199990144680699,0.15848881006240845,0.808119535446167,5.382152446896344,0,-0.3831092897432009,2.812119422999292,1.8143406611757706,-0.3401636674948624,2.8260620598938564
48.36,-0.3420869845804043,2.834976264031122,1.7622975535305412,0.09120000038054175,-0.41999999445043257,0.09120000186874089,-0.41999997276068174,0.16841423511505127,0.8203945159912109,5.392408228071858,0,-0.38535189518339164,2.8221270085402526,1.768980605066899,-0.3420869845804043,2.834976264031122
48.48,-0.3439225077634291,2.8458904473205386,1.713713802497037,0.09327571274614228,-0.38972918911875826,0.09327571274398982,-0.38972918937410506,0.16841423511505127,0.8203945159912109,5.403859943170939,0,-0.3873206723829321,2.8334082183623015,1.7196471888942955,-0.3439225077634291,2.8458904473205386
48.58,-0.34507067296172395,2.8551454794032,1.6747262914268273,0.0932578447997528,-0.38998976333693824,0.0932578447991772,-0.38998976335927193,0.16512632369995117,0.8396914005279541,5.412761909627527,0,-0.38847959682872,2.842234423714726,1.6837805905019536,-0.34507067296172395,2.8551454794032
48.68,-0.345863772747865,2.864495837125158,1.6365835840559133,0.09430633742021369,-0.37469924595521686,0.09430633741918104,-0.37469924605154636,0.16512632369995117,0.8396914005279541,5.423247282922666,0,-0.3894395368514485,2.852675763106354,1.6423003326057704,-0.345863772747865,2.864495837125158
48.8,-0.3463593099151841,2.8758708900742627,1.5926404212772045,0.09533566187070296,-0.3596882643855818,0.0953356618702994,-0.35968826440802015,0.16690145432949066,0.8725059032440186,5.433830231860622,0,-0.3899795067889529,2.863244927722821,1.6024567117306827,-0.3463593099151841,2.8758708900742627
48.9,-0.3463960333111227,2.885402416795442,1.5566503879467968,0.09531546483269814,-0.3599828045231522,0.09531546483211306,-0.35998280454432874,0.17052797973155975,0.8753702640533447,5.443685063175473,0,-0.3901111330757252,2.8730988799636634,1.5664713575177194,-0.3463960333111227,2.885402416795442
49.0,-0.34608970889996626,2.894928438922995,1.5206508566676395,0.09531433626898764,-0.3599992627439302,0.09531433626848163,-0.3599992627645321,0.17052797973155975,0.8753702640533447,5.454721386028189,0,-0.38983746298405086,2.8841318091662957,1.526152064860367,-0.34608970889996626,2.894928438922995
49.12,-0.34526987242254953,2.906335843210271,1.477450882419397,0.09531428739906113,-0.35999997543035844,0.09531428739858461,-0.35999997545207996,0.17200341820716858,0.9062801599502563,5.465757665800675,0,-0.38911929193786166,2.895144697141981,1.4858320661545765,-0.34526987242254953,2.906335843210271
49.22,-0.3442062229360178,2.9159033342767526,1.4428433400167766,0.0963521421697944,-0.3448645933571649,0.09635214216936472,-0.3448645933767924,0.17200341820716858,0.9062801599502563,5.4760709889215855,0,-0.38805259576741435,2.905402708307712,1.449514714791167,-0.3442062229360178,2.9159033342767526
49.32,-0.34280450951941727,2.92554003965765,1.4098639586405242,0.09738556706332013,-0.3297938136599146,0.09738556706290202,-0.32979381367995164,0.1718139797449112,0.9297469854354858,5.4860877450394705,0,-0.38667163468487176,2.915323814577362,1.4162722892859039,-0.34280450951941727,2.92554003965765
49.44,-0.34070433954212265,2.9370336588188897,1.3702655974796156,0.0973714487731177,-0.3299997053920335,0.09737180873642393,-0.3299944559397028,0.1718139797449112,0.9297469854354858,5.498127088428678,0,-0.384580317860153,2.927180128641265,1.376675577044314,-0.34070433954212265,2.9370336588188897
49.54,-0.33860772613071843,2.946541949478565,1.3372656213712268,0.09737142968576283,-0.32999998374929196,0.09737143922901037,-0.3299998445904784,0.17422689497470856,0.9252922534942627,5.5073573514875305,0,-0.38266003958404005,2.936208433436624,1.3463156094105173,-0.33860772613071843,2.946541949478565
49.66,-0.3356580635721319,2.957942436144429,1.2990079904310186,0.09946343040491994,-0.29949163992825084,0.09946343040233563,-0.2994916403044334,0.17422689497470856,0.9252922534942627,5.520224516893764,0,-0.379528439526154,2.948688698925339,1.3046113592444928,-0.3356580635721319,2.957942436144429
49.76,-0.332845148937474,2.967481220317953,1.2690431010418517,0.09942973313152459,-0.29998305849859963,0.09943647258585653,-0.29988477479564457,0.1642054319381714,0.9346123933792114,5.530438309934714,0,-0.37669211659120183,2.9585007751832983,1.274647259202805,-0.332845148937474,2.967481220317953
49.86,-0.3297482133012569,2.97692917499918,1.2390444676519579,0.099428610143241,-0.29999943541106855,0.09942917163697773,-0.29999124697269175,0.1642054319381714,0.9346123933792114,5.540241648425453,0,-0.3736942460921924,2.967834489236942,1.245848791407013,-0.3297482133012569,2.97692917499918
49.98,-0.32565995407170345,2.9881376457075297,1.2030445076613232,0.09942857356409003,-0.29999996885702035,0.09942857356374235,-0.299999968873671,0.15041857957839966,0.9476344585418701,5.553312299219414,0,-0.36928143536537705,2.9801377007553618,1.2074488959352283,-0.32565995407170345,2.9881376457075297
50.08,-0.32192561630046923,2.9974193644043328,1.1739526333172894,0.1004664279089433,-0.28486459299457667,0.10046642790837446,-0.2848645930200733,0.15041857957839966,0.9476344585418701,5.562742309703955,0,-0.36580764392935516,2.9889045628392306,1.1804611877679945,-0.32192561630046923,2.9974193644043328
50.18,-0.31788717606466926,3.006690446234991,1.1464307038864157,0.10149985277881497,-0.2697938136422815,0.10149985277836393,-0.2697938136636546,0.16640496253967285,0.9671437740325928,5.572667396496346,0,-0.3619051013958241,2.9980302140275277,1.1537261001444814,-0.31788717606466926,3.006690446234991
50.3,-0.31269375286478074,3.017706035305195,1.1140409853765314,0.10148608052077532,-0.2699946590720264,0.10148608052052976,-0.26999465908880693,0.1641223430633545,0.9928550124168396,5.5851366933396935,0,-0.3566678936542118,3.0093463537774032,1.1213396652824372,-0.31269375286478074,3.017706035305195
50.4,-0.3081287620379113,3.026676971948864,1.0858363034221956,0.10045303818906492,-0.2850598597428031,0.10045303818879692,-0.28505985976007286,0.1641223430633545,0.9928550124168396,5.596301035743883,0,-0.3516664514576002,3.0193277423216855,1.0911977019911445,-0.3081287620379113,3.026676971948864
50.5,-0.30331977037882046,3.0354962869871356,1.0573342522573208,0.1004570060658332,-0.2850019948732657,0.100457006065513,-0.28500199488995515,0.15617035329341888,0.9931926131248474,5.606602005731818,0,-0.34678165620961465,3.028396852425637,1.0626952391957285,-0.30331977037882046,3.0354962869871356
50.62,-0.29717981018577416,3.045971960396794,1.0244194049336757,0.10150630571603515,-0.26969970830782075,0.10150630571579278,-0.2696997083237451,0.15617035329341888,0.9931926131248474,5.6190247569092735,0,-0.34055376619501043,3.039145719006954,1.0295489145851118,-0.29717981018577416,3.045971960396794
50.72,-0.29179016701683125,3.054570964838081,0.9974221962646428,0.1014857695227399,-0.2699991944600432,0.1014868501179933,-0.26998343579054396,0.14872203767299652,0.9949363470077515,5.629415607731731,0,-0.33507892772873715,3.0479772491452026,1.0025540143453726,-0.29179016701683125,3.054570964838081
50.82,-0.2861704529830052,3.063021182093335,0.9704222768169084,0.1014857695227399,-0.2699991944600432,0.10148576952245802,-0.2699991944775382,0.14872203767299652,0.9949363470077515,5.640221764612745,0,-0.32913452668368315,3.057001501067254,0.9744742564343544,-0.2861704529830052,3.063021182093335
50.94,-0.2790631366641074,3.0730646422502406,0.9398605882277549,0.10355778382853038,-0.2397823191672651,0.10284517994293418,-0.2501744593090549,0.15405826270580292,1.0235671997070312,5.65193945440569,0,-0.3224113028680866,3.0665985066215438,0.9456025164426953,-0.2790631366641074,3.0730646422502406
51.04,-0.2728546964466104,3.081352508498464,0.9158798561338681,0.10354349712450538,-0.2399906669342965,0.10355349781711043,-0.2398448235092776,0.15405826270580292,1.0235671997070312,5.6625031689877625,0,-0.31612437328550747,3.0750877104826366,0.9215258289245883,-0.2728546964466104,3.081352508498464
51.16,-0.26514574746783487,3.091096594477745,0.8870807956593022,0.10354287847075166,-0.23999968896820487,0.10354318779738358,-0.23999517796621794,0.16112633049488068,1.0148637294769287,5.6756091230076695,0,-0.3080443371928825,3.0854065790017042,0.891766887283574,-0.26514574746783487,3.091096594477745
51.26,-0.25850948312709066,3.0990443062835746,0.8630808243371217,0.10354285769532215,-0.23999999194321855,0.10354287431547649,-0.23999974957875092,0.16112633049488068,1.0148637294769287,5.685755771440463,0,-0.3015800632178096,3.093227553135015,0.8687269180640753,-0.25850948312709066,3.0990443062835746
51.36,-0.25167614660137205,3.106839866908373,0.8392632202596799,0.10458511554716467,-0.22480039827051512,0.10385553505010137,-0.23544011399811993,0.14367572963237762,1.0455753803253174,5.696748217447668,0,-0.2943756325409521,3.101529965305202,0.8437807236715411,-0.25167614660137205,3.106839866908373
51.48,-0.24314288899511713,3.1160926200722905,0.8128275218887553,0.10561435256442783,-0.20979069176876064,0.10551142886126019,-0.21129166263789134,0.14367572963237762,1.0455753803253174,5.709554139915118,0,-0.28573424178876583,3.1109807862277665,0.8170694426882362,-0.24314288899511713,3.1160926200722905
51.58,-0.2358029370037599,3.1236855327251325,0.7918397511520586,0.10560079169391595,-0.20998845446372547,0.1056007916938162,-0.2099884544776165,0.16312803328037262,1.0482103824615479,5.719873297749474,0,-0.27859583213910244,3.118432505900696,0.7969231961458683,-0.2358029370037599,3.1236855327251325
51.68,-0.22830574756675545,3.131122122590134,0.7708405908032361,0.10560002050756523,-0.20999970093134027,0.10560025186334698,-0.20999632700413606,0.16312803328037262,1.0482103824615479,5.730621608324653,0,-0.2710024398861062,3.1260395141373585,0.7759241532310254,-0.22830574756675545,3.131122122590134
51.8,-0.2191055226250762,3.1398357319289945,0.7456406140282217,0.10560000077518686,-0.20999998869519168,0.10560000077505238,-0.2099999887082704,0.16159968078136444,1.0710654258728027,5.744379211727453,0,-0.2610527751334857,3.135540873129586,0.7490441513648136,-0.2191055226250762,3.1398357319289945
51.9,-0.21127292958471097,3.146918103650842,0.7246406147222455,0.10560000002930209,-0.20999999957267776,0.10560000002906023,-0.20999999958665194,0.16912421584129333,1.0749170780181885,5.7551274642896315,0,-0.2531040462975709,3.1427756946915517,0.7280441251084317,-0.21127292958471097,3.146918103650842
52.0,-0.2032432603912566,3.153879454820319,0.7046223260988653,0.10770366720862444,-0.1793215198742269,0.10728293377114673,-0.18545721620424893,0.16912421584129333,1.0749170780181885,5.765894139438365,0,-0.24499157077236688,3.1498544682160627,0.7074396806973713,-0.2032432603912566,3.153879454820319
52.12,-0.19325566618814083,3.1621924750155426,0.6841294751525189,0.10868055430325317,-0.16507524974422463,0.10868055430316437,-0.1650752497543706,0.18896566331386566,1.1049551963806152,5.7786215858344105,0,-0.23523351693275596,3.158025653994606,0.6874518240408014,-0.19325566618814083,3.1621924750155426
52.22,-0.18477669398952604,3.1689914688635703,0.6676268737374773,0.10868551923815335,-0.1650028444435969,0.1086855192380165,-0.16500284445386537,0.18896566331386566,1.1049551963806152,5.790078559520601,0,-0.22631610466005903,3.1652188455258257,0.6702886004305211,-0.18477669398952604,3.1689914688635703
52.32,-0.176186558134844,3.175649741714954,0.6511267841322292,0.1086857048002959,-0.1650001383290181,0.10868570480019324,-0.16500013834089278,0.18745538592338562,1.0827897787094116,5.801095067548835,0,-0.21762633190372904,3.1719902042210575,0.6537884674740854,-0.176186558134844,3.175649741714954
52.44,-0.16581095040979074,3.1833854783644187,0.6298676184450919,0.10764345544698553,-0.18019960806479438,0.10764345544682641,-0.18019960807580393,0.18745538592338562,1.0827897787094116,5.81380149159762,0,-0.20746272331991622,3.179616099097241,0.6334103823998037,-0.16581095040979074,3.1833854783644187
52.54,-0.15690015408460167,3.1897775181378525,0.6147948009081987,0.10974855779514664,-0.14950019882077809,0.10974855779504189,-0.14950019882997712,0.19031885266304016,1.1264238357543945,5.824410162345213,0,-0.19886217266907424,3.185826930243967,0.618210109243162,-0.15690015408460167,3.1897775181378525
52.66,-0.14607713668664077,3.1972744621173015,0.596800627697615,0.10971434871547385,-0.1499990812326729,0.10971508820636355,-0.14998829699935934,0.19031885266304016,1.1264238357543945,5.837293704777229,0,-0.18829809580297097,3.1932016129872864,0.6008218786258533,-0.14607713668664077,3.1972744621173015
52.76,-0.13695634532235726,3.2033721058855344,0.5818006985951821,0.10971428877811602,-0.14999995531914137,0.10971431275297316,-0.14999960569500592,0.21543872356414795,1.142958641052246,5.848843869528438,0,-0.1787195595610256,3.1996559099468165,0.5852219228451406,-0.13695634532235726,3.2033721058855344
52.86,-0.12772099371143011,3.2093484632686287,0.5672244932199937,0.11075214224586369,-0.13486459224782119,0.11044078620418007,-0.13940520138575052,0.21543872356414795,1.142958641052246,5.85950930983374,0,-0.16978633850123126,3.2054825022959355,0.5709036811946311,-0.12772099371143011,3.2093484632686287
52.98,-0.11645500162950204,3.2163980594355603,0.5510365213418482,0.11074309765860675,-0.1349964924786516,0.11074490657598801,-0.13497011243923662,0.21867910027503967,1.1543312072753906,5.873391904741595,0,-0.15804249184058472,3.212885779069555,0.5541718158660927,-0.11645500162950204,3.2163980594355603
53.08,-0.10693382946667881,3.2221637792128806,0.5383627728028267,0.11175440465996485,-0.12024826537551263,0.11175440465950315,-0.12024826540210642,0.21867910027503967,1.1543312072753906,5.8846188261787145,0,-0.14845635075984198,3.218729550466122,0.5412206367570098,-0.10693382946667881,3.2221637792128806
53.18,-0.09730417712825361,3.22783644693247,0.5263512530401597,0.11177069867122456,-0.1200106443779751,0.11177069867124301,-0.12001064438618703,0.23920272290706635,1.1816047430038452,5.895902729987812,0,-0.13875005686796005,3.2244840568791333,0.5292062269999175,-0.09730417712825361,3.22783644693247
53.3,-0.0856589680789203,3.234490924870217,0.5119507131392158,0.1117714009811692,-0.12000040235794933,0.11177140098106442,-0.12000040236687104,0.2435973584651947,1.1776366233825684,5.908992985567429,0,-0.12740435995633215,3.231013218596319,0.5152855213117548,-0.0856589680789203,3.234490924870217
53.4,-0.07588222286825017,3.239907774053581,0.4999506992287311,0.11177142752851557,-0.12000001520914794,0.11177142752845093,-0.12000001521683679,0.2435973584651947,1.1776366233825684,5.921180513504331,0,-0.11676033749934289,3.236949599913913,0.502325458272805,-0.07588222286825017,3.239907774053581
53.5,-0.06604118011866958,3.2452069155104777,0.48795069874879726,0.11177142852071034,-0.12000000073964077,0.11177142852064614,-0.120000000747994,0.25675615668296814,1.211750864982605,5.932916658625108,0,-0.10643864865063168,3.2425352817528936,0.48984541516228963,-0.06604118011866958,3.2452069155104777
53.62,-0.05405800751281319,3.251467169091629,0.47511695888898964,0.1128041275788333,-0.10493980614201438,0.11280412757873615,-0.10493980614992293,0.25675615668296814,1.211750864982605,5.946085478284046,0,-0.09477837058701555,3.2486553901415416,0.47726319228446834,-0.05405800751281319,3.251467169091629
53.72,-0.04391730782155172,3.256624869700565,0.4660318034853465,0.11385418364310206,-0.0896264885380949,0.11385418364312505,-0.08962648854374256,0.26839935779571533,1.2023844718933105,5.957528706984266,0,-0.08458854687271478,3.2538625943584893,0.46794310828228675,-0.04391730782155172,3.256624869700565
53.82,-0.03372520182921486,3.2616940414917424,0.45703626489257004,0.11382966955226943,-0.08998398569607083,0.11382966955226781,-0.08998398570242427,0.26839935779571533,1.2023844718933105,5.969451269528138,0,-0.07392248016447,3.259190118979532,0.4585904617664953,-0.03372520182921486,3.2616940414917424
53.94,-0.02152094356173442,3.2676022075039697,0.4447750540505129,0.11384141304942302,-0.08981272636258082,0.11320613578948979,-0.0990771865747031,0.2822991907596588,1.2184240818023682,5.98220749519509,0,-0.06245245316401249,3.2647722130198527,0.44710704402853274,-0.02152094356173442,3.2676022075039697
54.04,-0.011222714052698052,3.272453990000374,0.4357909135039377,0.11382912201306544,-0.08999197064279565,0.11383649663481155,-0.08988442407847907,0.2822991907596588,1.2184240818023682,5.9941259123503645,0,-0.05168113037778932,3.269873906162538,0.4376976735868599,-0.011222714052698052,3.272453990000374
54.16,0.0011909899776190987,3.2781530566253902,0.4249915714708967,0.11382859820421659,-0.08999960952184136,0.1138285982042242,-0.08999960952729702,0.2934699058532715,1.214387059211731,6.007882233620004,0,-0.03919011546194806,3.275636797905905,0.42689835137465837,0.0011909899776190987,3.2781530566253902
54.26,0.01161270200110415,3.282814130732489,0.41648349415430874,0.11488263458540467,-0.07462824562951519,0.11467182730785508,-0.07770251862396216,0.2934699058532715,1.214387059211731,6.0184351524021125,0,-0.029566148295872896,3.279966157074199,0.4187481704488265,0.01161270200110415,3.282814130732489
54.36,0.022135540498282105,3.2874221408658726,0.40901070675980633,0.11485823581499208,-0.07498406103136546,0.11486555544613086,-0.07487731641109274,0.295775443315506,1.2191689014434814,6.030452225240886,0,-0.018568359737389795,3.284809573888318,0.4109810953050978,0.022135540498282105,3.2874221408658726
54.48,0.034865135882685194,3.2928756666963563,0.4009699037439434,0.11588389758284312,-0.0600264935835378,0.11588389758282469,-0.060026493586967655,0.295775443315506,1.2191689014434814,6.044354451002013,0,-0.005799449903986176,3.2903074664645473,0.4026505378899992,0.034865135882685194,3.2928756666963563
54.58,0.04554796777589025,3.297366741871516,0.3949686885824104,0.11588565374265446,-0.060000882919622425,0.11588565374267557,-0.06000088292323902,0.3118700385093689,1.2350860834121704,6.056928144910101,0,0.005784665653253196,3.295196847330343,0.3961689818270475,0.04554796777589025,3.297366741871516
54.68,0.05625762907753952,3.3017936668151333,0.3889686412578379,0.11588571226806894,-0.06000002942399462,0.11588571226796018,-0.060000029428325385,0.3118700385093689,1.2350860834121704,6.067173454293701,0,0.015246910094428134,3.2991252432499443,0.3908889098984122,0.05625762907753952,3.3017936668151333
54.8,0.06914399880351034,3.3070210389409205,0.38176863974191,0.11588571418759355,-0.060000001430927395,0.11588571418752469,-0.06000000143585593,0.3176494538784027,1.2553118467330933,6.0825414004469325,0,0.029478842124021742,3.304924025852669,0.382968875493655,0.06914399880351034,3.3070210389409205
54.9,0.07991116387857006,3.3113062158387137,0.3757686396963571,0.11588571428094255,-0.06000000006958787,0.11588571428094996,-0.06000000007430617,0.3304746747016907,1.25672447681427,6.092786712837541,0,0.03899211861399632,3.3087271819639095,0.37768885374468036,0.07991116387857006,3.3113062158387137
55.0,0.09070384605515647,3.3155267130016837,0.36976863969404733,0.1158857142855339,-0.06000000000263042,0.11588571428541306,-0.06000000000686012,0.3304746747016907,1.25672447681427,6.104894803725768,0,0.050260779128326494,3.313156985026162,0.371448827996637,0.09070384605515647,3.3155267130016837
55.12,0.10368820011586086,3.3205057185823623,0.36256863969349623,0.1158857142857055,-0.060000000000127916,0.1158857142856462,-0.060000000003945786,0.340796560049057,1.2430498600006104,6.119331363760359,0,0.06373229284703452,3.3183466462635645,0.36400879714148215,0.10368820011586086,3.3205057185823623
55.22,0.11453565099248655,3.324583388793361,0.35656863969309605,0.11588571428571386,-0.060000000000006215,0.1158857142856462,-0.060000000003945786,0.340796560049057,1.2430498600006104,6.1309737602768655,0,0.07462430481766358,3.3224587590878003,0.3580087721322825,0.11453565099248655,3.324583388793361
55.32,0.12540737249005388,3.3285959012917603,0.3505686396926959,0.11588571428571426,-0.06000000000000027,0.1158857142856573,-0.060000000004084564,0.34944385290145874,1.1853750944137573,6.1426161567964455,0,0.08554079336653597,3.3265054459402092,0.3520087470241426,0.12540737249005388,3.3285959012917603
55.44,0.13869061527640855,3.3334214270396014,0.3466690944310973,0.11794542344697821,-0.02996257473156759,0.11796740247017601,-0.029642047303518604,0.34944385290145874,1.1853750944137573,6.1557855897402005,0,0.09791441767935005,3.3310140361217844,0.3475711593824328,0.13869061527640855,3.3334214270396014
55.54,0.14978945535383495,3.3374121878371388,0.34367240282131156,0.1179429426669714,-0.02999875277333372,0.11794467921298901,-0.029973428145174674,0.3608149290084839,1.1630313396453857,6.167607015302532,0,0.10903498589970528,3.3350239070401764,0.3445748889377398,0.14978945535383495,3.3374121878371388
55.66,0.16312353586588813,3.342157054425176,0.3400725190632907,0.11794286080970354,-0.02999994652515668,0.11794288536690622,-0.029999588401219413,0.3608149290084839,1.1630313396453857,6.182738167607999,0,0.12328651649207822,3.340107768354758,0.3407351530955944,0.16312353586588813,3.342157054425176
55.76,0.1742482531182305,3.346074418788676,0.3370725229699072,0.11794285728146409,-0.0299999979786486,0.11794285833998108,-0.02999998254440972,0.37287041544914246,1.122864007949829,6.193140826954341,0,0.13309570905274137,3.3435711572708153,0.33809514601556245,0.1742482531182305,3.346074418788676
55.86,0.18538467213463306,3.3499583913540083,0.334072523103081,0.11794285715050276,-0.029999999888501345,0.11794285716355546,-0.029999999700269786,0.37287041544914246,1.122864007949829,6.205907724883112,0,0.1451467060385654,3.34778626751508,0.3348551322498424,0.18538467213463306,3.3499583913540083
55.98,0.19876368047479853,3.3545750321507866,0.33047252311021064,0.11794285714318495,-0.029999999995219497,0.11794285714318287,-0.02999999999683811,0.3712337613105774,1.1151565313339233,6.221038860482408,0,0.15944696186878282,3.3527313608119385,0.33101511576069365,0.19876368047479853,3.3545750321507866
56.08,0.20992549096486113,3.358385420289228,0.3274725231102742,0.1179428571428712,-0.029999999999795034,0.1179428571428276,-0.030000000001279004,0.3712337613105774,1.1151565313339233,6.231914367426124,0,0.16973694701096598,3.356251709808341,0.32825510391430585,0.20992549096486113,3.358385420289228
56.18,0.2212041547916002,3.362203937742365,0.3261809912184681,0.11996514107142796,0.000508359375008788,0.11996514106976663,0.0005083591315957481,0.3766830265522003,1.0958333015441895,6.243294803035201,0,0.180514598113227,3.3599063714028365,0.32606143417181016,0.2212041547916002,3.362203937742365
56.3,0.23484335495215722,3.3668178469314136,0.32620330336834025,0.11999830476464128,2.4722182314665092e-05,0.11999830476462359,2.472218249560676e-05,0.39141130447387695,1.0728497505187988,6.2576924727651795,0,0.19415352405316844,3.3645185935200304,0.3260914885962367,0.23484335495215722,3.3668178469314136
56.4,0.24621048751839833,3.3706632225959963,0.32620414387336694,0.11999995019205414,7.263658770065248e-07,0.11999995019206233,7.263663281964483e-07,0.39141130447387695,1.0728497505187988,6.270652377380894,0,0.2064304178637406,3.368670340864504,0.3260927192190973,0.24621048751839833,3.3706632225959963
56.5,0.25757767234269585,3.374508618211823,0.32620416923509077,0.11999999786448431,3.114293697665475e-08,0.1199999978714783,3.114800084524916e-08,0.3958236277103424,1.049584984779358,6.2816923750058145,0,0.21688858620134033,3.3722070430827693,0.32609274990330855,0.25757767234269585,3.374508618211823
56.62,0.27121829602255104,3.3791230936794343,0.3262041701475775,0.11999999988220399,1.7178584254925534e-09,0.11999999988736576,1.7177925748512735e-09,0.3958236277103424,1.049584984779358,6.298012374900563,0,0.23234849040397076,3.377435212801712,0.3260927513126422,0.27121829602255104,3.3791230936794343
56.72,0.2825854824696906,3.3829684899208337,0.32620417016736725,0.11999999999975437,3.5818506225249557e-12,0.11999999999952049,6.578071420904053e-11,0.4054775834083557,1.0327308177947998,6.309052374901266,0,0.24280666096097825,3.380971915873228,0.3260927513306794,0.2825854824696906,3.3829684899208337
56.82,0.2939526689179903,3.3868138861626775,0.3262041701677781,0.11999999999998645,1.9757649303829996e-13,0.12000000000290667,3.747002708109903e-12,0.4054775834083557,1.0327308177947998,6.321532374903218,0,0.2546289407221112,3.3849699280415737,0.32609275133039034,0.2939526689179903,3.3868138861626775
56.94,0.30757739200316775,3.391422735569178,0.32595822228838217,0.1189459376298661,-0.015371742897785909,0.11957837505433,-0.006148696986424396,0.41247624158859253,1.0112230777740479,6.334972140750317,0,0.2673604061312327,3.3892754006708183,0.32607958448220997,0.30757739200316775,3.391422735569178
57.04,0.31884895912928674,3.3952230505865155,0.3244267408705719,0.11897033564730908,-0.01501593847674257,0.11895569683675333,-0.015229421135298793,0.41247624158859253,1.0112230777740479,6.347362069945493,0,0.2791003367687921,3.393235750918811,0.32455476440185493,0.31884895912928674,3.3952230505865155
57.16,0.3324228188629003,3.399775975136206,0.32323341883316464,0.11998636620146255,0.00019882622867097293,0.11998636620025316,0.000198826019537357,0.4251658022403717,0.9877949357032776,6.360714558439465,0,0.291759201855061,3.3974833483231444,0.3231199331182372,0.3324228188629003,3.399775975136206
57.26,0.3437727261733242,3.4035773487731102,0.32281842113769543,0.11894862075329385,-0.015332614014464608,0.11925994438902743,-0.010673181729398129,0.4251658022403717,0.9877949357032776,6.374139901901046,0,0.3044897760493539,3.4017462496526387,0.3228910730366639,0.3437727261733242,3.4035773487731102
57.36,0.3550252392954904,3.407331020501387,0.32080721329631623,0.1179244497933689,-0.03026844051337017,0.11812928398662326,-0.02728127501100408,0.42366376519203186,0.9672866463661194,6.385558791017144,0,0.3153212967745418,3.4053613827657565,0.32117309453914034,0.3550252392954904,3.407331020501387
57.48,0.36855373779659517,3.411803457902674,0.31865623374456464,0.11995950259653278,0.0005905871338970838,0.11995950259429122,0.0005905868011302218,0.42366376519203186,0.9672866463661194,6.399773768389226,0,0.32881712673731966,3.409825479012992,0.31822695364332493,0.36855373779659517,3.411803457902674
57.58,0.37994731699918227,3.4155624888084977,0.31869028889007933,0.11999846919639169,2.2324219287728968e-05,0.11999846919639179,2.2324220527725203e-05,0.4245123565196991,0.9637781381607056,6.412730761159392,0,0.3411234210537213,3.4138799557787727,0.31826573796499236,0.37994731699918227,3.4155624888084977
57.68,0.39129614353950687,3.4193046983966005,0.31796192104348187,0.11895781606754426,-0.015198515681646216,0.11895781606836575,-0.015198515562753201,0.4245123565196991,0.9637781381607056,6.423742768785488,0,0.3515826753613558,3.417324997329382,0.31777633569768965,0.39129614353950687,3.4193046983966005
57.8,0.40478716374340146,3.423726022856841,0.31500206334329084,0.11793282133700966,-0.030146355501942276,0.11793282133698568,-0.03014635550441236,0.4350876808166504,0.9153560400009155,6.438454315218922,0,0.3655631198341429,3.421905037810251,0.3149283710166768,0.40478716374340146,3.423726022856841
57.9,0.4160731659487688,3.427389227669783,0.31304236606942304,0.11899662464958402,-0.01463255719356632,0.11899662464961436,-0.014632557193833273,0.44936591386795044,0.8927299380302429,6.450324962799118,0,0.3768545859183847,3.4255676963585775,0.3127817852901407,0.4160731659487688,3.427389227669783
58.0,0.4274598978778722,3.4310700565876977,0.31258891222929625,0.11998508773284555,0.000217470562669042,0.11998508773285455,0.0002174705618362971,0.44936591386795044,0.8927299380302429,6.462284467966956,0,0.38823561915518656,3.4292421822168104,0.31215589768064983,0.4274598978778722,3.4310700565876977
58.12,0.4411616899133895,3.43549833149472,0.31259462227085244,0.11895403910967157,-0.015253596317289573,0.11999906699639018,1.3606302057267428e-05,0.4540371298789978,0.8924443125724792,6.476683961949294,0,0.4019391715585363,3.4336646338531804,0.31216242498176444,0.4411616899133895,3.43549833149472
58.22,0.4524834145372854,3.439147873700402,0.3110692626474192,0.11895403910967157,-0.015253596317289573,0.11895403910975322,-0.015253596317987839,0.4540371298789978,0.8924443125724792,6.488605095184011,0,0.41328633885991106,3.437319112179081,0.31081664207559145,0.4524834145372854,3.439147873700402
58.32,0.4638160631396099,3.4427820166882004,0.30962790585858535,0.11999075132419573,0.00013487652214541526,0.11907276925631205,-0.013495139750963059,0.4590674936771393,0.8641418814659119,6.500515524065069,0,0.42462879264695763,3.4409532638296683,0.3093137231669741,0.4638160631396099,3.4427820166882004
58.44,0.477530378043562,3.4471695820748707,0.30964149547119835,0.11999965039965328,5.09833838958162e-06,0.11999520086191096,6.998743265484997e-05,0.4590674936771393,0.8641418814659119,6.513466054806667,0,0.4369650993330527,3.444894302250655,0.30920968389720077,0.477530378043562,3.4471695820748707
58.54,0.4889596634456889,3.4508261823150175,0.30964192682217556,0.11999998678509172,1.9271741235036925e-07,0.11999978495449426,3.1360944396929824e-06,0.4596121907234192,0.8392013907432556,6.52546601528263,0,0.4483959169013576,3.448546077318318,0.3092101938553026,0.4889596634456889,3.4508261823150175
58.66,0.5026748378096992,3.4552141157253065,0.3096419433151769,0.1199999994334108,8.262759054522082e-09,0.11999999817142726,2.6725566204532925e-08,0.4596121907234192,0.8392013907432556,6.539866013777035,0,0.46211294057012564,3.4529282250005964,0.3092102133254825,0.5026748378096992,3.4552141157253065
58.76,0.5141041506164958,3.4588707272475765,0.30964194388766897,0.1199999999785829,3.1233265079385073e-10,0.11999999987077903,1.9051427102567686e-09,0.47640755772590637,0.8240538835525513,6.553306013723964,0,0.4749154972472689,3.4570182300252896,0.3092102140281201,0.5141041506164958,3.4588707272475765
58.86,0.5255334634586857,3.462527338783853,0.30964194390716454,0.11999999999881862,1.7228409643086695e-11,0.1200000000000534,1.7763568394002505e-11,0.47640755772590637,0.8240538835525513,6.563866013723387,0,0.4849746489604234,3.4602318054172083,0.30921021404803534,0.5255334634586857,3.462527338783853
58.98,0.5392486388706343,3.4669152726279147,0.3096419439084468,0.11999999999994254,8.378401287096564e-13,0.1200000000010637,1.5265566588595902e-12,0.48299640417099,0.7946377396583557,6.57874601372436,0,0.4991489081942344,3.464760025288381,0.30921021404892823,0.5392486388706343,3.4669152726279147
59.08,0.5506779517139935,3.4705718841646607,0.30964194390854677,0.11999999999999783,3.167039322030478e-14,0.12000000000079725,4.163336342344337e-13,0.48299640417099,0.7946377396583557,6.592186013725192,0,0.5119514649214802,3.468850030333369,0.30921021404848736,0.5506779517139935,3.4705718841646607
59.18,0.5619936191296083,3.4741980764293263,0.311355585006619,0.11790166394078046,0.03060073419695169,0.11790166394201052,0.030600733979535555,0.49328622221946716,0.7847747206687927,6.603593572084878,0,0.5228209929675529,3.4723120742073363,0.3103670193160541,0.5619936191296083,3.4741980764293263
59.3,0.5754564839032039,3.478557824675241,0.3149839748042964,0.1179410909843181,0.030025756478694304,0.11794109098431926,0.03002575648128336,0.4850914478302002,0.7831114530563354,6.616299964181867,0,0.5349138108654476,3.4762128632827385,0.3136374179781731,0.5754564839032039,3.478557824675241
59.4,0.5866649488173222,3.482228513689567,0.317984857380023,0.11794279828422716,0.030000858355020615,0.11794279828424292,0.030000858357442928,0.4850914478302002,0.7831114530563354,6.62900861243955,0,0.5469960392447049,3.4801536116798055,0.31687871969893416,0.5866649488173222,3.482228513689567
59.5,0.5978624062466131,3.4859328320564202,0.3209848844196299,0.11794285428048487,0.030000041742929022,0.11794285428055051,0.03000004174441573,0.48095375299453735,0.7656741142272949,6.640775969947963,0,0.5581719337264501,3.483837371344021,0.3198787659533795,0.5978624062466131,3.4859328320564202
59.62,0.6112846126932857,3.490422331761617,0.32458488591315543,0.11794285702013292,0.03000000178972808,0.11794285702019236,0.030000001792068742,0.48095375299453735,0.7656741142272949,6.655367493403598,0,0.5720146167035036,3.4884517710615497,0.32359878345096627,0.6112846126932857,3.490422331761617
59.72,0.6224573796490529,3.494200472799059,0.3275848859347579,0.11794285713759534,0.03000000007673459,0.11794285713754293,0.030000000078994615,0.47655779123306274,0.7825140953063965,6.6671348535139,0,0.5831655064908445,3.492210550240499,0.3265987960784782,0.6224573796490529,3.494200472799059
59.82,0.6336187619225728,3.4980121150859764,0.3305848859364928,0.11794285714265824,0.03000000000290057,0.11794285714270547,0.030000000005581118,0.47655779123306274,0.7825140953063965,6.678902213627361,0,0.5943050697339727,3.4960027652650205,0.32959880863922425,0.6336187619225728,3.4980121150859764
59.94,0.6467770602537009,3.5025760143856797,0.33747783215926236,0.11588439661670139,0.060019216006438135,0.11585420948299063,0.060459445048732796,0.46694332361221313,0.7925341129302979,6.692326434860346,0,0.6069989127022359,3.5003703809085045,0.33570484182360294,0.6467770602537009,3.5025760143856797
60.04,0.6577002572891085,3.5064458373301846,0.34347960750828066,0.11588565020574415,0.06000093449956444,0.11588464733442994,0.06001555970969186,0.46694332361221313,0.7925341129302979,6.703399464664675,0,0.6174431245210701,3.504048753990571,0.3414686706025809,0.6577002572891085,3.5064458373301846
60.16,0.6707772789125946,3.511176090881903,0.35067968811166184,0.11588571027647536,0.060000058468067594,0.1158857042693362,0.06000014607585036,0.4555671811103821,0.8148714900016785,6.716779710711307,0,0.6300350009691074,3.508573754740381,0.34842886361660236,0.6707772789125946,3.511176090881903
60.26,0.6816245891602741,3.515181444420766,0.3570497929477572,0.11482828456961497,0.07542085002644823,0.11525125485400967,0.06925253319300939,0.4555671811103821,0.8148714900016785,6.729220387995094,0,0.641715155857181,3.512856794907123,0.3550633717017315,0.6816245891602741,3.515181444420766
60.36,0.6923686029245278,3.519235581361623,0.36458226874620125,0.11485573944081844,0.07502046648806428,0.11484475749228285,0.07518061991368397,0.4545527994632721,0.8376837372779846,6.740179278696077,0,0.6519764347271164,3.5167043189615668,0.3622989965426634,0.6923686029245278,3.519235581361623
60.48,0.7051646556224642,3.524188348312142,0.37448192639081435,0.11383036609938836,0.08997382771725301,0.11383036609928787,0.08997382772324425,0.4545527994632721,0.8376837372779846,6.753827532843692,0,0.6647170690024979,3.5215983029765456,0.3719346069828524,0.7051646556224642,3.524188348312142
60.58,0.7157398568501214,3.5283997273400436,0.3834806247668203,0.11382863123739562,0.08999912778798051,0.11382863123728937,0.08999912779431019,0.4464181363582611,0.8379703164100647,6.7646776333596765,0,0.6748079491800203,3.525585635223781,0.38057304000422987,0.7157398568501214,3.5283997273400436
60.68,0.7262766501727729,3.5327060752039765,0.39248057140966064,0.1138285731858228,0.08999997437341735,0.11382857318577022,0.08999997437961205,0.4464181363582611,0.8379703164100647,6.777335930039642,0,0.6865364457326404,3.5303474461663957,0.39065301316162504,0.7262766501727729,3.5327060752039765
60.8,0.738939234144317,3.5380234339361993,0.4021962361121749,0.11486127054909391,0.07493980449238051,0.11486127054904927,0.07493980449857496,0.42869776487350464,0.8689504265785217,6.790516927027039,0,0.6986994049461184,3.5354269249539345,0.40021647463363796,0.738939234144317,3.5380234339361993
60.9,0.7494244987126261,3.542534479332138,0.41073458008396724,0.11380813085446798,0.09029809170567525,0.11380813085443142,0.09029809171182124,0.42428353428840637,0.8667845129966736,6.8009622318319805,0,0.7083053973761779,3.539529278169075,0.40782203004413414,0.7494244987126261,3.542534479332138
61.0,0.7598394659595246,3.5471262001040924,0.4197429839439897,0.11382744391730067,0.09001644287269847,0.1138274439173026,0.09001644287881527,0.42428353428840637,0.8667845129966736,6.813167433651256,0,0.7194856183319285,3.544425155090511,0.41755511129477807,0.7598394659595246,3.5471262001040924
61.12,0.7722828295324684,3.5527600078823247,0.4305435648123206,0.11382852880859647,0.09000062154130148,0.1138285288085017,0.09000062154790323,0.4061764180660248,0.8791776895523071,6.826277748281851,0,0.731441304551502,3.549804924298597,0.42799585598995893,0.7722828295324684,3.5527600078823247
61.22,0.7826994853505945,3.5575921885735093,0.4380844084807671,0.11487082773334666,0.07480042888869462,0.11487082773332657,0.07480042889321248,0.4061764180660248,0.8791776895523071,6.838131668129744,0,0.7422057627642156,3.5547689806184857,0.4361054053745495,0.7826994853505945,3.5575921885735093
61.32,0.792995828408402,3.5624699993246396,0.4469312814680897,0.11380576531264033,0.09033258919066176,0.11380576531258013,0.09033258919613485,0.40666502714157104,0.8731021881103516,6.849456736882575,0,0.7524517403935729,3.5595936178768786,0.4447400517018203,0.792995828408402,3.5624699993246396
61.44,0.8052812496627241,3.5684399340470754,0.4577347399350966,0.11488444995814887,0.07460177144366242,0.11382731343295704,0.09001834577623824,0.40666502714157104,0.8731021881103516,6.862114576595518,0,0.7638503203967093,3.5650975510260587,0.4548259159963417,0.8052812496627241,3.5684399340470754
61.54,0.8155675408182178,3.573555052003974,0.465202240559705,0.11485934091390408,0.07496794500556546,0.11487189543607501,0.07478485822567937,0.3971686363220215,0.874762237071991,6.8748831430554285,0,0.7752961117091282,3.5707570696163367,0.463522519589371,0.8155675408182178,3.573555052003974
61.66,0.8278579016532819,3.5797935050838734,0.4741993855365904,0.11485721610912264,0.0749989317419615,0.11485764107007634,0.07499273439945386,0.3971686363220215,0.874762237071991,6.888128689350828,0,0.7871178795217602,3.576731205741987,0.4722195751986476,0.8278579016532819,3.5797935050838734
61.76,0.8380565077741018,3.585076456002948,0.4816993074918689,0.11485714562607087,0.0749999596197998,0.11485716677098745,0.0749996512612594,0.38870537281036377,0.8947564959526062,6.899090347406843,0,0.7968616489027878,3.581752849455588,0.47941951397518917,0.8380565077741018,3.585076456002948
61.86,0.8481927281760813,3.590424374679883,0.48956651318866773,0.11380797493219873,0.09030036557210191,0.11422764321137313,0.08418020298342488,0.38870537281036377,0.8947564959526062,6.910044289054558,0,0.8065631689842871,3.5868390411281283,0.4866700398336405,0.8481927281760813,3.590424374679883
61.98,0.8602524779612667,3.5969325420521154,0.4997187237149663,0.1148736892466466,0.07475869848640387,0.11487368924558705,0.07475869865408713,0.38556888699531555,0.8863040208816528,6.9240898232681065,0,0.8189419207724531,3.593475571510107,0.4974473966960114,0.8602524779612667,3.5969325420521154
62.08,0.8703137961438985,3.6024743419189527,0.5072056127659001,0.1148579475297388,0.07498826519130915,0.114857947529734,0.0749882651975009,0.38556888699531555,0.8863040208816528,6.935509438490793,0,0.8289568084868191,3.598962796300731,0.5049315537233197,0.8703137961438985,3.6024743419189527
62.18,0.8803325393715209,3.6080909840571684,0.5147050601862007,0.11485718724324555,0.07499935270266911,0.11485718724331129,0.07499935270743885,0.35164472460746765,0.9112882614135742,6.9473846097569245,0,0.8393272901031859,3.604748364867827,0.5127308902231313,0.8803325393715209,3.6080909840571684
62.3,0.8922989693497719,3.614929879342707,0.523705025060524,0.11485714433634484,0.07499997842830457,0.11485714433633332,0.07499997843399275,0.3475627899169922,0.9080630540847778,6.961543392155204,0,0.8516326000652317,3.611751968635875,0.5220308790316726,0.8922989693497719,3.614929879342707
62.4,0.9022236466955478,3.620711037967091,0.5312050243078474,0.11485714292056363,0.07499999907511355,0.11485714292055471,0.07499999907997768,0.3475627899169922,0.9080630540847778,6.97296177699306,0,0.8615084540538396,3.617483200641392,0.5295309012327751,0.9022236466955478,3.620711037967091
62.5,0.9121046865861632,3.626566468352484,0.5387050242788253,0.11485714286064116,0.07499999994898285,0.11485714286063597,0.07499999995469464,0.3441121280193329,0.894785463809967,6.9843801617667856,0,0.8713410462630935,3.623288339854828,0.5370309238909832,0.9121046865861632,3.626566468352484
62.62,0.9239035506674322,3.6336905595324103,0.5477050242780461,0.11485714285729284,0.07499999999781264,0.11485714285722759,0.07500000000312812,0.3441121280193329,0.894785463809967,6.99716874508324,0,0.8823015064209985,3.629877435116613,0.545430948821844,0.9239035506674322,3.6336905595324103
62.72,0.9336866353127847,3.639708222624791,0.555205024278495,0.11485714285714316,0.07499999999999545,0.11485714285711657,0.0750000000045159,0.3274540603160858,0.8981241583824158,7.008587129852253,0,0.8920405576616526,3.635838172626783,0.5529309705657117,0.9336866353127847,3.639708222624791
62.82,0.9434243127600906,3.645799088918163,0.562705024278955,0.11485714285714316,0.07499999999999545,0.11485714285711657,0.0750000000045159,0.3274540603160858,0.8981241583824158,7.02000551462337,0,0.9017346297543236,3.6418717848983317,0.5604309917544296,0.9434243127600906,3.645799088918163
62.94,0.9550488171566335,3.6532042740124258,0.5717050242795135,0.11485714285714285,0.075,0.11485714285712767,0.07500000000465468,0.30791857838630676,0.9247087240219116,7.03462102526787,0,0.9140765387989322,3.649700605533274,0.5700310180389611,0.9550488171566335,3.6532042740124258
63.04,0.9646846743589162,3.6594549755929457,0.5792050242799733,0.11485714285714285,0.075,0.11485714285711657,0.0750000000045159,0.30791857838630676,0.9247087240219116,7.044669209188172,0,0.9225177436272998,3.655151482631666,0.5766310355999319,0.9646846743589162,3.6594549755929457
63.16,0.9761854163957291,3.6670509482988094,0.5882050242805319,0.11485714285714285,0.075,0.11485714285712767,0.07500000000465468,0.30096495151519775,0.9108750820159912,7.059284719843959,0,0.934731211521826,3.6631792067000926,0.5862310605097744,0.9761854163957291,3.6670509482988094
63.26,0.9857168300503821,3.6734597834515808,0.5957050242809919,0.11485714285714285,0.075,0.11485714285712767,0.07500000000465468,0.30096495151519775,0.9108750820159912,7.0707031046299385,0,0.9442190265776236,3.6695322277600027,0.5937310795189279,0.9857168300503821,3.6734597834515808
63.36,0.9951999098222535,3.679939923288947,0.6032050242814573,0.11485714285714285,0.075,0.11485714285711657,0.07500000000479345,0.29496172070503235,0.9084075093269348,7.081664756037768,0,0.9532822580449767,3.6756979099571283,0.600931097411042,0.9951999098222535,3.679939923288947
63.48,1.0065150539600074,3.687809699771628,0.6122050242820103,0.11485714285714285,0.075,0.11485714285710547,0.07500000000465468,0.29496172070503235,0.9084075093269348,7.095823535328621,0,0.9649228143583835,3.6837582126636943,0.6102311199429079,1.0065150539600074,3.687809699771628
63.58,1.0158899254211426,3.69444542123645,0.6197050242824758,0.11485714285714285,0.075,0.11485714285711657,0.07500000000479345,0.27251800894737244,0.9088195562362671,7.107698653231116,0,0.9746277155067689,3.690601699998252,0.6180311382369676,1.0158899254211426,3.69444542123645
63.68,1.0252147657708375,3.7011512669492763,0.6272050242829357,0.11485714285714285,0.075,0.11485714285712767,0.07500000000465468,0.27251800894737244,0.9088195562362671,7.11911703801543,0,0.9839087412104641,3.6972531714873287,0.6255311552226752,1.0252147657708375,3.7011512669492763
63.8,1.0363377947993437,3.7092903144351026,0.6362050242834887,0.11485714285714285,0.075,0.11485714285710547,0.07500000000465468,0.2689357101917267,0.9075943827629089,7.131448888777872,0,0.9938759086214279,3.704514722081312,0.6336311728641092,1.0363377947993437,3.7092903144351026
63.9,1.0455507244001894,3.7161491002198734,0.6437050242839486,0.11485714285714285,0.075,0.11485714285711657,0.0750000000045159,0.24535852670669556,0.8884819149971008,7.142867273572068,0,1.003052046065461,3.7113101626789873,0.6411311885749889,1.0455507244001894,3.7161491002198734
64.02000000000001,1.0565379511507162,3.724470561454418,0.6527050242845072,0.11485714285714285,0.075,0.11485714285712767,0.07500000000465468,0.24535852670669556,0.8884819149971008,7.1570260528826894,0,1.0143592602032414,3.7198317787234516,0.6504312073272109,1.0565379511507162,3.724470561454418
64.14,1.0673796022880155,3.732843293763231,0.6629369205784956,0.11380123174119991,0.09039870377416778,0.11380123174119516,0.09039870377994252,0.2319181114435196,0.8788029551506042,7.171551067554122,0,1.025873645560683,3.7286858727508307,0.6611211838146213,1.0673796022880155,3.732843293763231
64.24000000000001,1.0763194652671642,3.739888778116429,0.6719424051837412,0.1138284770744264,0.090001375997948,0.11382686088875493,0.09002494537821426,0.2319181114435196,0.8788029551506042,7.182400510408646,0,1.0344078734470226,3.7353849297469757,0.6697680821044227,1.0763194652671642,3.739888778116429
64.36,1.086963392580308,3.748449427450176,0.6827425491205534,0.11382856786198065,0.09000005201278215,0.11382851338943567,0.09000084641025419,0.21915137767791748,0.8658533692359924,7.1955108532234116,0,1.0446428288506566,3.743578022972754,0.6802084438815502,1.086963392580308,3.748449427450176
64.46000000000001,1.0957622918498455,3.7556707795815134,0.691742553721854,0.11382857129375414,0.09000000196608542,0.11382856889148307,0.09000003700465609,0.21915137767791748,0.8658533692359924,7.20771706620251,0,1.0540945755424476,3.7513017603948398,0.6899284656337522,1.0957622918498455,3.7556707795815134
64.58,1.10623464999834,3.7644404939342104,0.7025425538982737,0.11382857142279114,0.09000000008429591,0.11382857139694558,0.09000000046666123,0.19914086163043976,0.8486359119415283,7.221279512985205,0,1.0645079050530675,3.7599909796484154,0.7007284830069933,1.10623464999834,3.7644404939342104
64.68,1.1148888513573745,3.7718346376284355,0.7115425539050385,0.11382857142835293,0.09000000000318639,0.11382857142657743,0.09000000003381303,0.19914086163043976,0.8486359119415283,7.231677409699704,0,1.072427558177421,3.766728586825693,0.7090084953094603,1.1148888513573745,3.7718346376284355
64.8,1.125185527790961,3.7808099721497133,0.7223425539060206,0.11382857142855776,0.09000000000019935,0.11382857142846481,0.09000000000661257,0.2000855952501297,0.8394052386283875,7.245239856513696,0,1.0826732118070472,3.7756148990689185,0.7198085102378948,1.125185527790961,3.7808099721497133
64.9,1.1336916383298583,3.7883740084824664,0.7313425539066958,0.11382857142857111,0.09000000000000455,0.11382857142847591,0.09000000000675135,0.17349490523338318,0.8623102903366089,7.256089832954158,0,1.0908002627718414,3.782803294673935,0.7284485213586178,1.1336916383298583,3.7883740084824664
65.02000000000001,1.1438085964627938,3.7975514445886795,0.7421425539075004,0.1138285714285714,0.09000000000000027,0.11382857142847591,0.09000000000675135,0.17349490523338318,0.8623102903366089,7.270556433214835,0,1.1015391437253284,3.792496537628129,0.7399685351843417,1.1438085964627938,3.7975514445886795
65.14,1.153708307995053,3.8067403718979853,0.7551631561027633,0.11171371217949329,0.1208416973823896,0.11171371218016146,0.12084169738038608,0.16939330101013184,0.8471372127532959,7.283525862302645,0,1.111067581963825,3.8012951145357268,0.7518850322911567,1.153708307995053,3.8067403718979853
65.24000000000001,1.1617998919334205,3.8144491894384562,0.7671810468524403,0.11176781747728426,0.12005266178960462,0.11176781747727071,0.12005266179712648,0.16939330101013184,0.8471372127532959,7.294593132773709,0,1.1191048618225552,3.808903439459922,0.7639124083724917,1.1617998919334205,3.8144491894384562
65.36,1.171384799767272,3.8238251960153327,0.7816430359311582,0.11073356467947812,0.13513551509094396,0.11166751933323615,0.1215153430129956,0.15762339532375336,0.842890739440918,7.307433441850709,0,1.1283145193344093,3.817850827107009,0.7778344762393306,1.171384799767272,3.8238251960153327
65.46000000000001,1.1791912977100711,3.8316786998923615,0.7951555497961575,0.11074245872848976,0.13500581020952424,0.11073534348918779,0.13510957412574132,0.15762339532375336,0.842890739440918,7.318838323682362,0,1.1363839549582462,3.8259103269864503,0.7916309676710743,1.1791912977100711,3.8316786998923615
65.58,1.1883892425342022,3.8412127446743,0.8119584369027393,0.1097101332050143,0.15006055742687477,0.109710133206542,0.15006055722646683,0.1392003297805786,0.8513066172599792,7.331516478326698,0,1.1452200887873043,3.8350019904283434,0.8075784094308784,1.1883892425342022,3.8412127446743
65.68,1.1958782606816174,3.849230161386389,0.8269621742053604,0.1097141076754507,0.15000259639967725,0.10971410767540712,0.1500025964103202,0.1392003297805786,0.8513066172599792,7.343219756457878,0,1.153240283589044,3.8435250881256544,0.8237831026291527,1.1958782606816174,3.849230161386389
65.8,1.2047052723002007,3.8589982185794343,0.8449623276859679,0.10971427705602395,0.15000012626631737,0.10971427705598336,0.15000012627622294,0.13580133020877838,0.8617388010025024,7.356223755851444,0,1.1619886010129439,3.853146467573455,0.8417832811224747,1.2047052723002007,3.8589982185794343
65.9,1.2119258442215843,3.867258564712073,0.8599623348847466,0.1097142855165543,0.15000000288358312,0.10971428551644902,0.15000000289339122,0.12472964823246002,0.8556544780731201,7.367493937550093,0,1.1694293573097632,3.86161122635631,0.8573832914586971,1.2119258442215843,3.867258564712073
66.02000000000001,1.220425768932603,3.877312550598932,0.8779623350654978,0.10971428570681147,0.15000000010899958,0.10971428570671904,0.15000000011922143,0.12472964823246002,0.8556544780731201,7.380497950390629,0,1.1778495275563072,3.8715210741339523,0.8753832914409971,1.220425768932603,3.877312550598932
66.14,1.2287407954576153,3.8875147223557756,0.8960218156154514,0.10869461919754429,0.16487013670247902,0.10961231906284619,0.15148701362502348,0.1214013397693634,0.8517618775367737,7.3926350501808376,0,1.1855462490895237,3.8809056182868455,0.8921832886545671,1.2287407954576153,3.8875147223557756
66.24000000000001,1.2354608242721146,3.8960576044975013,0.9125107770927526,0.10868627143202726,0.16499187494960244,0.10869128009119988,0.16491883201033564,0.1214013397693634,0.8517618775367737,7.403795285820993,0,1.1924761195635152,3.8896536326191096,0.9091385742702411,1.2354608242721146,3.8960576044975013
66.36,1.2433369704406074,3.906452950795168,0.9323100820487555,0.10868573817336244,0.16499965163846422,0.10868579149911906,0.16499887397991575,0.11999999731779099,0.8611032366752625,7.4162309417887,0,1.2000214712784327,3.8995386317008163,0.9282778092725623,1.2433369704406074,3.906452950795168
66.46000000000001,1.2497421352726976,3.91523344408749,0.9488100592169162,0.1086857153098972,0.16499998506399915,0.10868571759613532,0.16499995173099857,0.11999999731779099,0.8611032366752625,7.427808937365968,0,1.2068751733662606,3.908870124040123,0.9460977708397568,1.2497421352726976,3.91523344408749
66.58,1.2572358001037773,3.9259077426070563,0.9686100581188422,0.10868571431984599,0.16499999950224595,0.10868571431970064,0.16499999951319344,0.11999999731779099,0.8583154082298279,7.440673334753138,0,1.2142940099987967,3.9193798140048544,0.9658977536561401,1.2572358001037773,3.9259077426070563
66.68,1.2632836073434208,3.9348680405994103,0.9859576407841923,0.10764785792502128,0.1801354052601062,0.10764785792515275,0.18013540526870542,0.11999999731779099,0.8583154082298279,7.450485848107745,0,1.219808951930423,3.9274958988876736,0.9816658592171047,1.2632836073434208,3.9348680405994103
66.8,1.27034283356241,3.9457769170104746,1.0064628823349868,0.1087059599159155,0.1647047512262322,0.10870595991581133,0.16470475123792072,0.11999999731779099,0.8748241662979126,7.463705451104954,0,1.2270356415420438,3.9385653550920723,1.0031018610872395,1.27034283356241,3.9457769170104746
66.9,1.2760803386150643,3.9550083461121246,1.0229527652961272,0.1086863889873509,0.16499016060113253,0.1086863889872336,0.16499016061308214,0.12903675436973572,0.8951936960220337,7.473569177783982,0,1.2322750626438541,3.946922482021613,1.0182695186605124,1.2760803386150643,3.9550083461121246
67.02000000000001,1.2827056706882667,3.96612698480903,1.044198248659402,0.1076530574886401,0.1800595782906653,0.10765305748848819,0.1800595783015002,0.12903675436973572,0.8951936960220337,7.487614569172528,0,1.2395073015068174,3.9589627370142,1.041356038011386,1.2827056706882667,3.96612698480903
67.14,1.289077475111441,3.9773648348414703,1.0657989349613666,0.10765713433887412,0.18000012422475234,0.10765706138430309,0.18000118815489352,0.13276083767414093,0.911668062210083,7.499490987863473,0,1.2454004503786522,3.9692739017057854,1.0615169300778304,1.289077475111441,3.9773648348414703
67.24000000000001,1.2942009068312292,3.986833092726528,1.0837989450070045,0.10765714249192208,0.18000000532613625,0.10765713841530689,0.18000006478682828,0.13276083767414093,0.911668062210083,7.510943330513843,0,1.2508851974642878,3.9793274434492756,1.0809569085167792,1.2942009068312292,3.986833092726528
67.36,1.3001228338096669,3.9983144324137645,1.1053989455027848,0.10765714284641224,0.18000000015648795,0.10765714273994753,0.18000000171936037,0.15101070702075958,0.9125884175300598,7.522819820797108,0,1.256365543396626,3.989863895884056,1.1011168721576299,1.3001228338096669,3.9983144324137645
67.46000000000001,1.304867404109432,4.007978102909827,1.1233989455127729,0.1076571428562791,0.18000000001259633,0.10765714285609906,0.18000000002516003,0.15101070702075958,0.9125884175300598,7.534272164368378,0,1.2614479754179682,4.000126695600646,1.1205568344660461,1.304867404109432,4.007978102909827
67.58,1.3103301462114003,4.019684888538414,1.144998945514948,0.1076571428571102,0.18000000000047614,0.10765714285693173,0.18000000001197614,0.15389689803123474,0.9388479590415955,7.546148654711747,0,1.2665068912185427,4.010871852360732,1.1407167934536933,1.3103301462114003,4.019684888538414
67.68,1.3146884155329024,4.029528818816506,1.1629989455161431,0.10765714285714127,0.18000000000002314,0.10765714285693173,0.18000000001197614,0.15389689803123474,0.9388479590415955,7.557600998295464,0,1.2711790388789703,4.021327817634138,1.160156752254019,1.3146884155329024,4.029528818816506
67.8,1.3196834074108839,4.0414426946412085,1.1845989455175803,0.1076571428571428,0.18000000000000077,0.10765714285693173,0.18000000001197614,0.15984666347503662,0.9574224352836609,7.569053341884526,0,1.2756470529967459,4.031872627899159,1.1795967095321802,1.3196834074108839,4.0414426946412085
67.9,1.3236485421833497,4.0514514498602585,1.2025989455187807,0.10765714285714285,0.18000000000000002,0.10765714285693173,0.18000000001197614,0.16727329790592194,0.9805254936218262,7.5796573875556295,0,1.2796006214789486,4.0417120933750565,1.1975966686997848,1.3236485421833497,4.0514514498602585
68.02000000000001,1.3281679519144196,4.063553735458868,1.224198945520179,0.10765714285714285,0.18,0.10765714285700945,0.1800000000110047,0.16727329790592194,0.9805254936218262,7.593654587573214,0,1.284546973634205,4.0548061839768685,1.2213566132162315,1.3281679519144196,4.063553735458868
68.14,1.3324249183563541,4.0757508096055695,1.2457989455214384,0.10765714285714285,0.18,0.10765714285705386,0.18000000001044958,0.16603662073612213,0.968712568283081,7.605955223196141,0,1.2886358944348806,4.066407320275259,1.2422365635139119,1.3324249183563541,4.0757508096055695
68.24000000000001,1.33576787228937,4.085975321339007,1.263921919461593,0.10660308048700856,0.19537174289779172,0.10744633038379803,0.1830743484879105,0.16603662073612213,0.968712568283081,7.615710965479277,0,1.2917060536934133,4.0756673758702435,1.2587965239688164,1.33576787228937,4.085975321339007
68.36,1.3394776559255719,4.098179693557685,1.2878961501416835,0.10559427754716517,0.2100834524371744,0.10569515784253358,0.208612281291376,0.20412318408489227,0.9816045761108398,7.629115642359309,0,1.295655902702368,4.08847690572362,1.2839127371911372,1.3394776559255719,4.098179693557685
68.46000000000001,1.3423185748537936,4.108349807668788,1.3089013004102439,0.1055997546498347,0.21000357802324385,0.10559975464971005,0.21000357803793723,0.20412318408489227,0.9816045761108398,7.6386568767760314,0,1.2982656127436467,4.0976543001084815,1.3032384546022873,1.3423185748537936,4.108349807668788
68.58,1.3454449327343525,4.1206297337066315,1.3341015242977274,0.10559998948061167,0.21000015340774655,0.10559998948042049,0.2100001534212359,0.20522207021713257,1.016261100769043,7.651102390561342,0,1.3014023788952644,4.109698033395566,1.3284386785715785,1.3454449327343525,4.1206297337066315
68.68,1.3478131896270613,4.130920547579863,1.3551015319285116,0.10559999964943306,0.21000000511243447,0.10559999964920852,0.21000000512638728,0.20522207021713257,1.016261100769043,7.661473753125168,0,1.3037838548366647,4.119792276000679,1.349438645585767,1.3478131896270613,4.130920547579863
68.8,1.3503690831404382,4.143331772106935,1.380301532157248,0.10559999998066256,0.2100000002820042,0.10559999998053238,0.21000000029594568,0.21488364040851593,1.027613639831543,7.674748942428136,0,1.3065219488281627,4.132782021661135,1.376318595105453,1.3503690831404382,4.143331772106935
68.9,1.35225954661741,4.153720980439105,1.40130153216433,0.10559999999905959,0.21000000001371422,0.10559999999893988,0.21000000002782682,0.22736124694347382,1.070539116859436,7.6842906236030935,0,1.3082738035105104,4.142161503779913,1.3956385621324987,1.35225954661741,4.153720980439105
69.02000000000001,1.3542395183029545,4.166237002108614,1.4265015321663037,0.103501663940779,0.2406007341969727,0.10559999999975034,0.21000000001464292,0.22736124694347382,1.070539116859436,7.697150987069563,0,1.310347672032571,4.154853549235351,1.4216785244187826,1.3542395183029545,4.166237002108614
69.14,1.3558479327609563,4.1785531303465575,1.4553599037820402,0.10354085386348046,0.24002921449091,0.10352517789410376,0.240257822396589,0.234334796667099,1.074605107307434,7.709365181465838,0,1.3119863421813132,4.1669573215768,1.4496890475388458,1.3558479327609563,4.1785531303465575
69.24000000000001,1.3569169780252393,4.188851675504161,1.4793621541465756,0.10354277125225386,0.24000125257129776,0.1035420042965085,0.24001243735430333,0.234334796667099,1.074605107307434,7.720314706316863,0,1.3131659168303371,4.177843124170573,1.4756116378330817,1.3569169780252393,4.188851675504161
69.36,1.3578731577836392,4.201239534499881,1.5081622562478985,0.10354285389618861,0.2400000473472494,0.10354285389598816,0.24000004736166036,0.23930548131465912,1.0861670970916748,7.731264424169652,0,1.3140629713288852,4.18875603461107,1.501531746819616,1.3578731577836392,4.201239534499881
69.46000000000001,1.358393680815007,4.211534549747703,1.5328310414525386,0.10250059860752697,0.25519960364023175,0.10250059860844596,0.2551996034895476,0.23930548131465912,1.0861670970916748,7.7413754267008965,0,1.3146387362591017,4.198850630538197,1.525841107145721,1.358393680815007,4.211534549747703
69.58,1.3586690314019896,4.223772858514552,1.56430318603132,0.10146199597680529,0.2703458920049227,0.10146199597652616,0.2703458919840751,0.2620069086551666,1.0631600618362427,7.75375469166822,0,1.3149955872868162,4.2112247510513985,1.5580336616210504,1.3586690314019896,4.223772858514552
69.68,1.3585978089665625,4.233919853523656,1.5913180309843138,0.10148456083328306,0.2700168211812888,0.10148456083306501,0.2700168211981768,0.2620069086551666,1.0631600618362427,7.763263005439665,0,1.3149911946214008,4.220733063808178,1.5839724155065174,1.3585978089665625,4.233919853523656
69.8,1.3581507159246062,4.24608934638572,1.6237187615302533,0.1014856648314413,0.2700007212081478,0.10148566483118016,0.2700007212251554,0.267642080783844,1.0765804052352905,7.775546146621125,0,1.314620703338758,4.23301061623092,1.6174534476303588,1.3581507159246062,4.24608934638572
69.9,1.35747713906578,4.256215230020701,1.650718776017364,0.1014857118806882,0.27000003507329695,0.10148571188034472,0.27000003508928505,0.29082173109054565,1.049856424331665,7.786244551945548,0,1.313963300304605,4.243688804173465,1.6466135149882397,1.35747713906578,4.256215230020701
70.02000000000001,1.3563092946872382,4.26832844949734,1.6832408101666934,0.09939371249557892,0.30050835943947407,0.10127651401417026,0.2730508372641993,0.29082173109054565,1.049856424331665,7.797735370835899,0,1.3129107534618822,4.255131315432569,1.6779335727560059,1.3563092946872382,4.26832844949734
70.14,1.3547574956012634,4.280154340289646,1.719292030418275,0.09942725375939172,0.30001921600887055,0.09941048312714917,0.30026378774958284,0.30680713057518005,1.0649772882461548,7.808595685480889,0,1.3115774225096088,4.265909472174791,1.7109622165079514,1.3547574956012634,4.280154340289646
70.24000000000001,1.353139182542625,4.289964127967597,1.7492935863908725,0.09942850734859317,0.30000093449968274,0.0994278805536486,0.3000100752729995,0.30680713057518005,1.0649772882461548,7.818268827371321,0,1.3100796407635285,4.275465952901164,1.7409641288500894,1.353139182542625,4.289964127967597
70.36,1.3508029905138563,4.301702566095736,1.7847414533786592,0.10048040289687943,0.2846607910871748,0.10037521334006483,0.2861948056599728,0.31242799758911133,1.055124044418335,7.83028588240509,0,1.3078217632965852,4.2872689864531335,1.7779043174339542,1.3508029905138563,4.301702566095736
70.46000000000001,1.348530349883569,4.31148896529422,1.8132204409985269,0.10045827402334394,0.28498350382623416,0.10045827402310747,0.2849835038389037,0.31242799758911133,1.055124044418335,7.8400774467657275,0,1.3056695262572497,4.296821086136188,1.806379513594161,1.348530349883569,4.31148896529422
70.58,1.3454509602474478,4.323078385999621,1.8483346595665155,0.09941119046303659,0.30025347241404976,0.09941119046269487,0.3002534724326489,0.32524871826171875,1.0494906902313232,7.852158804058176,0,1.3026410051353894,4.308516694450519,1.842413528766121,1.3454509602474478,4.323078385999621
70.68,1.3425838405601156,4.332597723250914,1.8783455380667962,0.09942772616944986,0.30001232669552275,0.09942772616915452,0.3000123267141164,0.32524871826171875,1.0494906902313232,7.861057292000453,0,1.300132934928809,4.3170544149599825,1.8700263252230294,1.3425838405601156,4.332597723250914
70.8,1.338722668319595,4.344064208326599,1.9118917856086397,0.10153221046729069,0.26932193068534394,0.10153221046647065,0.26932193072010113,0.3395281732082367,1.0496807098388672,7.873586099679261,0,1.2962156701021774,4.328955089652226,1.9066660644499849,1.338722668319595,4.344064208326599
70.9,1.3351987514822696,4.353582538033864,1.938870706469105,0.10148770780949937,0.26997092777813414,0.10148770780914473,0.26997092779437737,0.3559417426586151,1.054918646812439,7.882701665853579,0,1.2931026511496846,4.337522624868366,1.931480119221631,1.3351987514822696,4.353582538033864
71.02000000000001,1.3306334644223003,4.364872224949853,1.9712699836446095,0.10148571900040662,0.2699999312440702,0.10148581123312628,0.2699985861961962,0.3559417426586151,1.054918646812439,7.894984974704609,0,1.2885730692167559,4.348940267525353,1.964959078451135,1.3306334644223003,4.364872224949853
71.14,1.3257048724192573,4.376008052806542,2.0036699764593173,0.10148571444283512,0.2699999977086543,0.10148571717711885,0.2699999578467671,0.36041268706321716,1.0308388471603394,7.907268194630243,0,1.2836638704175165,4.360199808319321,1.9984391802424073,1.3257048724192573,4.376008052806542
71.24000000000001,1.3213238941523455,4.385161974098545,2.030669976275451,0.10148571429335526,0.2699999998885689,0.10148571436782161,0.2699999988155233,0.36041268706321716,1.0308388471603394,7.916381741346039,0,1.2797794644220764,4.368444086565693,2.0232792695321664,1.3213238941523455,4.385161974098545
71.36,1.3157429155168694,4.3959855754706645,2.0630699762684284,0.10148571428604189,0.2699999999952224,0.10148571428575393,0.2700000000128988,0.36903494596481323,1.0577185153961182,7.929061153506467,0,1.2740369760564891,4.379748568867201,2.0578393871533236,1.3157429155168694,4.3959855754706645
71.46000000000001,1.3108262405911077,4.404863275229728,2.0900699762697172,0.10253977665585819,0.25462825710206793,0.10148571428575393,0.2700000000128988,0.36903494596481323,1.0577185153961182,7.938174700286319,0,1.269669997062239,4.387747708156669,2.0826794661445844,1.3108262405911077,4.404863275229728
71.58,1.3045397178372975,4.415476681605434,2.120170433235839,0.10354857959569255,0.2399165475628168,0.10354857959495867,0.23991654758803715,0.3723669946193695,1.0527153015136719,7.951412569996375,0,1.262987906963975,4.399175344236765,2.116304943071193,1.3045397178372975,4.415476681605434
71.68,1.29902764259437,4.424241848990189,2.1441668804584104,0.10354310249302245,0.23999642197675577,0.10354310249284238,0.23999642199248883,0.3723669946193695,1.0527153015136719,7.960740483828684,0,1.2580587297200174,4.407094510112072,2.138381162222638,1.29902764259437,4.424241848990189
71.8,1.2921380458259533,4.434581444941793,2.1729667139649242,0.10354286531934541,0.23999988075954587,0.10354286531920609,0.23999988077436085,0.39360395073890686,1.0472121238708496,7.973312295264263,0,1.2511409936379607,4.417591908374059,2.168141032652882,1.2921380458259533,4.434581444941793
71.9,1.2861311161716005,4.443106877417585,2.1958723389223107,0.1045851159179309,0.22480039286350748,0.10458511591777686,0.22480039287786635,0.4026024639606476,1.057595133781433,7.984343628460289,0,1.2448218226324972,4.426633942983894,2.193049262188376,1.2861311161716005,4.443106877417585
72.02000000000001,1.2785956822277953,4.453271059425147,2.2213474159400963,0.10561435258245869,0.20979069150581078,0.10561435258229501,0.20979069151827456,0.4026024639606476,1.057595133781433,7.996349782471798,0,1.2377028139806208,4.436301799517924,2.2177652719440597,1.2785956822277953,4.453271059425147
72.14,1.2707948850908215,4.46325719106826,2.2465450139256906,0.10560001808018261,0.20999973633067015,0.10560038626489243,0.20999436698268537,0.4008292257785797,1.0771433115005493,8.007551067078184,0,1.2308486102482652,4.445161182568038,2.2404421336448834,1.2707948850908215,4.46325719106826
72.24000000000001,1.2641037736180185,4.47142655869299,2.267544987560135,0.10560001808018261,0.20999973633067015,0.10560001808007646,0.20999973634430735,0.4008292257785797,1.0771433115005493,8.018752111336113,0,1.2237954099866841,4.453862662817863,2.2631220908817506,1.2641037736180185,4.47142655869299
72.36,1.2558502154969313,4.481041644118464,2.2927449857841253,0.10560000002930213,0.2099999995726772,0.10560000022983296,0.20999999665871627,0.4212477207183838,1.0722744464874268,8.030782816433321,0,1.2160020769699615,4.463027913803321,2.2874821239540446,1.2558502154969313,4.481041644118464
72.46000000000001,1.2487889544338315,4.488893274152161,2.313744985749368,0.10560000000110761,0.20999999998384716,0.10560000001780256,0.20999999975096495,0.4212477207183838,1.0722744464874268,8.04198385435201,0,1.2085475158720809,4.47138810335224,2.310162153323067,1.2487889544338315,4.488893274152161
72.58,1.2400695658199268,4.498151136316984,2.3382762032992956,0.10664225837749429,0.19480039866154145,0.10664225837634378,0.19480039883043587,0.4321765601634979,1.0719614028930664,8.053634346653514,0,1.2005980953218676,4.479905185234155,2.3332766137160212,1.2400695658199268,4.498151136316984
72.68,1.2325734888935902,4.505771245688463,2.3573908238379806,0.10768631362621499,0.17957459295103126,0.10726869152525298,0.1856649154562129,0.4321765601634979,1.0719614028930664,8.064983186875814,0,1.1926750014269265,4.488030501075601,2.354091424863274,1.2325734888935902,4.505771245688463
72.8,1.2233284463058265,4.514797485427769,2.378960675946497,0.10765875192989878,0.17997653435564273,0.10765875192980667,0.17997653436782612,0.4390312731266022,1.0747308731079102,8.077286278013045,0,1.183902194814764,4.496656271515196,2.3749397770368272,1.2233284463058265,4.514797485427769
72.9,1.215478047325819,4.522164341982143,2.396959413158069,0.10765720368016285,0.17999911299762508,0.10765720368010046,0.17999911300956017,0.44766169786453247,1.0970232486724854,8.08704213152748,0,1.1768189669387206,4.5033648153699515,2.391498348516304,1.215478047325819,4.522164341982143
73.02000000000001,1.205884524780279,4.530816208400496,2.4185593644493864,0.10765714546492984,0.1799999619697732,0.10765714546481231,0.17999996198253543,0.44766169786453247,1.0970232486724854,8.100191057399078,0,1.1670982494121973,4.512219300241828,2.4138182925710105,1.205884524780279,4.530816208400496
73.14,1.1960409391122127,4.53932345359946,2.43882179816178,0.1086994013614034,0.16480039681286723,0.10869940136132294,0.1648003968234002,0.4508252441883087,1.1076451539993286,8.113859694127125,0,1.1567931273823375,4.521199060258277,2.4356624032102387,1.1960409391122127,4.53932345359946
73.24000000000001,1.1876230586728174,4.546343633025155,2.453972306667536,0.10971560673491856,0.1499807351157709,0.10973539968728296,0.14969208790294175,0.4508252441883087,1.1076451539993286,8.124676520575198,0,1.148509036962678,4.528154459623277,2.450953435156682,1.1876230586728174,4.546343633025155
73.36,1.1773743791996283,4.554608003893681,2.471970145009302,0.10971431993321333,0.14999950097397216,0.10971534937446181,0.14998448829670052,0.4712497293949127,1.1273497343063354,8.137247340443347,0,1.1387488320439814,4.536076827457612,2.46835003945115,1.1773743791996283,4.554608003893681
73.46000000000001,1.168721412083328,4.561353091674176,2.4869701043799237,0.10971428814267253,0.14999996458602555,0.10971430403787785,0.14999973279028467,0.4712497293949127,1.1273497343063354,8.14851752631767,0,1.129882471844582,4.543034179429181,2.4839499885889778,1.168721412083328,4.561353091674176
73.58,1.158205764322849,4.569274739878166,2.5049701013582477,0.10971428580607884,0.14999999866135025,0.1097142860395861,0.1499999952639386,0.45634523034095764,1.142027497291565,8.161521539503953,0,1.1195186786901723,4.550888869136713,2.5019499757996666,1.158205764322849,4.569274739878166
73.68,1.149334963193484,4.575730657736243,2.5199701012715265,0.10971428571822135,0.14999999994260538,0.10971428572685848,0.1499999998252899,0.45634523034095764,1.142027497291565,8.172358261659417,0,1.1107753270916798,4.557291083589531,2.5169499656391,1.149334963193484,4.575730657736243
73.8,1.1385636739149887,4.583301039491256,2.5379701012688467,0.10971428571443448,0.14999999999783048,0.10971428571433517,0.1500000000090318,0.48946598172187805,1.1508296728134155,8.184061903321908,0,1.1012258111881126,4.5640573214047055,2.533149952545426,1.1385636739149887,4.583301039491256
73.9,1.1294846958799654,4.589460759109456,2.5529701012698442,0.10971428571429294,0.1499999999998945,0.10971428571422415,0.15000000001041958,0.5107606053352356,1.140033483505249,8.195765544989726,0,1.0915679401718563,4.570667976116765,2.549349937063272,1.1294846958799654,4.589460759109456
74.02000000000001,1.1183996422185274,4.59672414496087,2.5696987272353007,0.11075214207686182,0.13486459471243162,0.11075214207687534,0.13486459472217271,0.5107606053352356,1.140033483505249,8.20929254358756,0,1.0802791049236466,4.5781206192589385,2.566822109903584,1.1183996422185274,4.59672414496087
74.14,1.107153255655988,4.603834784565429,2.585654753899977,0.11178074175647194,0.1198641827181174,0.1111583182837439,0.12894119188866515,0.5171626806259155,1.1974272727966309,8.222445890541877,0,1.069183516527235,4.585184503051728,2.58292171146611,1.107153255655988,4.603834784565429
74.24000000000001,1.0976235868642572,4.6096767452552525,2.59764427326826,0.11177188148381671,0.11999339502767284,0.11177542559275278,0.11994171011026067,0.5171626806259155,1.1974272727966309,8.233516135644045,0,1.0597609210370442,4.590995270716187,2.594910725470766,1.0976235868642572,4.6096767452552525
74.36,1.0860972149090877,4.61653515240727,2.612043710527487,0.11177144366509206,0.119999779884074,0.11177148744692111,0.1199991414080337,0.5231557488441467,1.1853437423706055,8.24547111300682,0,1.0495077817570038,4.597143003521746,2.6078701208149058,1.0860972149090877,4.61653515240727
74.46000000000001,1.0764173040500549,4.62212320852668,2.6240436961012166,0.11177142921856939,0.11999999056252968,0.11177143066323225,0.11999996950284864,0.5231557488441467,1.1853437423706055,8.25698327692529,0,1.0395599193110199,4.602936961654277,2.6203500837857794,1.0764173040500549,4.62212320852668
74.58,1.0647139426732357,4.628674948547677,2.638443695508383,0.11177142860289987,0.11999999954104344,0.11177142860294698,0.11999999954964702,0.5308429002761841,1.201854944229126,8.271152045065078,0,1.0272183646766107,4.609896848133591,2.635710058152486,1.0647139426732357,4.628674948547677
74.68,1.0548898982242454,4.634005537071301,2.6504436954894213,0.11177142857295906,0.11999999997768034,0.11177142857281552,0.11999999998457689,0.5308429002761841,1.201854944229126,8.280893123620444,0,1.0186722033939244,4.614571432473632,2.646270040067312,1.0548898982242454,4.634005537071301
74.8,1.0430176691894717,4.640246061205853,2.6648436954894468,0.11177142857148642,0.11999999999915631,0.11177142857141664,0.12000000000816913,0.5397157073020935,1.2311818599700928,8.295504656590218,0,1.0057615993225766,4.621413449591387,2.6621100114419307,1.0430176691894717,4.640246061205853
74.9,1.0330563368351933,4.645315467585449,2.676843695490236,0.11177142857143138,0.11999999999995896,0.11177142857141664,0.12000000000816913,0.5520519614219666,1.2556250095367432,8.305245735151509,0,0.9970950215417798,4.625860812979581,2.672669991348755,1.0330563368351933,4.645315467585449
75.02000000000001,1.020836499884879,4.651353219723165,2.6880708261329573,0.11386343035714297,0.08949164062499823,0.11386343035715285,0.08949164063021264,0.5520519614219666,1.2556250095367432,8.319615349010265,0,0.9842404177718054,4.632283037233429,2.6855101388784286,1.020836499884879,4.651353219723165
75.14,1.0085369322840692,4.657266098262177,2.699050627496344,0.11277944731132354,0.1052997267098649,0.11351464738538208,0.09457805882545633,0.5528009533882141,1.2614514827728271,8.333174942961676,0,0.9720339286067379,4.638187629547064,2.6963199914532368,1.0085369322840692,4.657266098262177
75.24000000000001,0.9983197818873649,4.662042198216483,2.709573856791067,0.11279871409678877,0.1050187527551636,0.11279100738250669,0.10513114234778076,0.5528009533882141,1.2614514827728271,8.34480716808448,0,0.9615076954283936,4.643138091786363,2.7072234396225965,0.9983197818873649,4.662042198216483
75.36,0.985992147841001,4.6676321420971085,2.7221753853665627,0.11279995139280281,0.1050007088549589,0.11279995139277244,0.10500070886293456,0.5601850748062134,1.2733057737350464,8.356887618467185,0,0.9505200876385373,4.648159023622712,2.718565007741355,0.985992147841001,4.6676321420971085
75.46000000000001,0.9756318282435344,4.672187574406301,2.732126281367861,0.11384599880882355,0.08974585070465636,0.1137413940655696,0.09127133673875187,0.5601850748062134,1.2733057737350464,8.368995206019045,0,0.9394535115648295,4.653070700559439,2.729570366247866,0.9756318282435344,4.672187574406301
75.58,0.9630715168895547,4.677558472915759,2.74291037861156,0.11382931862749973,0.08998910334896214,0.11382931862744528,0.08998910335400456,0.5817067623138428,1.3129339218139648,8.382559037347342,0,0.9269954056064154,4.6584347583733905,2.740352491682562,0.9630715168895547,4.677558472915759
75.68,0.9526219019196335,4.6819013329992005,2.7528827268950757,0.11278634938839363,0.10519907141925935,0.11278634938838294,0.10519907142625406,0.5817067623138428,1.3129339218139648,8.392903669844436,0,0.9174536231217525,4.662430482152049,2.7492745964027323,0.9526219019196335,4.6819013329992005
75.8,0.9399917441218675,4.686986444966998,2.7643236781066145,0.11385366129961612,0.08963410604726486,0.11385366129967878,0.08963410605467015,0.581250786781311,1.319324016571045,8.406390304943752,0,0.9049617544576543,4.667514038346391,2.7610635791682383,0.9399917441218675,4.686986444966998
75.9,0.9293901159106155,4.691132325519916,2.7733145288211665,0.11383014120594963,0.08997710741323461,0.11383014120593948,0.08997710742086884,0.601335883140564,1.3662508726119995,8.417693496087479,0,0.8944481221364979,4.6716644197080415,2.770048918249887,0.9293901159106155,4.691132325519916
76.02000000000001,0.9166202269101866,4.695980962111943,2.7841139061602322,0.11382862374264394,0.08999923708644267,0.11382862374265112,0.08999923709368529,0.601335883140564,1.3662508726119995,8.431708096030167,0,0.8813612914043403,4.676678786362113,2.78120791169446,0.9166202269101866,4.695980962111943
76.14,0.903908384162175,4.700638811166379,2.796678548400941,0.112799152491399,0.10501235950043092,0.1127908626349372,0.10513325325006706,0.6042869091033936,1.3844391107559204,8.445150856420009,0,0.868752355365026,4.681339530815007,2.793501873211632,0.903908384162175,4.700638811166379
76.24000000000001,0.8932571839713019,4.704402659260147,2.806934788209023,0.11384913599374784,0.08970010009117733,0.11321914589106363,0.09888745593822357,0.6042869091033936,1.3844391107559204,8.4572388632892,0,0.8573673616406317,4.685401775018045,2.804752992796779,0.8932571839713019,4.704402659260147
76.36,0.880329906169609,4.7088201013873086,2.8177080342590783,0.11382934877002743,0.08998866377043342,0.11383330621483889,0.08993095103743132,0.6054219007492065,1.3988144397735596,8.469446933178785,0,0.8458257485382945,4.689380234195285,2.814449371542412,0.880329906169609,4.7088201013873086
76.46000000000001,0.8695226834773747,4.712394127112338,2.826707291243577,0.11382860475708635,0.08999951395915734,0.11382867915832318,0.08999842894624743,0.6054219007492065,1.3988144397735596,8.480749060217251,0,0.8351065982291721,4.692963234647986,2.8234484332735734,0.8695226834773747,4.712394127112338
76.58,0.8565122697848926,4.716554339311305,2.837507262079783,0.11382857351380928,0.08999996959028134,0.11382857351380782,0.08999996959607737,0.6207166910171509,1.432396650314331,8.495667739542851,0,0.820908839233867,4.697544788132482,2.8353283680005816,0.8565122697848926,4.716554339311305
76.68,0.8456364538783722,4.719913683374056,2.8465072607856996,0.113828571517976,0.08999999869618332,0.11382857151791548,0.08999999870085151,0.6207166910171509,1.432396650314331,8.506517716231201,0,0.8105495269786767,4.700770721135071,2.8439683459545337,0.8456364538783722,4.719913683374056
76.8,0.8325462255314251,4.723815490299809,2.857307260725703,0.1138285714315509,0.08999999995654928,0.11382857143149572,0.08999999996261998,0.6191563010215759,1.4587175846099854,8.520532240181945,0,0.7971281815519844,4.7048048714177675,2.855128319390157,0.8325462255314251,4.723815490299809
76.9,0.8216060308525608,4.726958848779846,2.8663072607249402,0.11382857142868405,0.08999999999835756,0.11382857142872016,0.09000000000397579,0.6384537816047668,1.524879813194275,8.530478056986595,0,0.7875764525748719,4.707576828390642,2.863048300780075,0.8216060308525608,4.726958848779846
77.02000000000001,0.808441117643055,4.730600721311086,2.8771072607255395,0.11382857142857172,0.08999999999999558,0.11382857142860914,0.09000000000536357,0.6384537816047668,1.524879813194275,8.544492580928281,0,0.7740805833279265,4.711354181244352,2.8742082749406155,0.808441117643055,4.730600721311086
77.14,0.7952376407451152,4.734100203151696,2.8879072607263496,0.11382857142857143,0.08999999999999983,0.11382857142847591,0.0900000000070289,0.6291874647140503,1.5399892330169678,8.558055027915907,0,0.7609807111463764,4.71486606352017,2.885008250439745,0.7952376407451152,4.734100203151696
77.24000000000001,0.784206395887749,4.7369073723735236,2.896907260727019,0.11382857142857143,0.09,0.11382857142849812,0.09000000000675135,0.6291874647140503,1.5399892330169678,8.568905004486036,0,0.7504739821711146,4.7175735785825,2.893648231230484,0.784206395887749,4.7369073723735236
77.36,0.7709362218376518,4.740144756506939,2.9077072607278183,0.11382857142857143,0.09,0.1138285714284537,0.09000000000675135,0.6311461329460144,1.5943717956542969,8.583823680938577,0,0.7359898348189411,4.72114798518726,2.9055282054318705,0.7709362218376518,4.740144756506939
77.46000000000001,0.7598515609353172,4.742732971108434,2.916707260728488,0.11382857142857143,0.09,0.11382857142847591,0.09000000000647379,0.6311461329460144,1.5943717956542969,8.594221577785861,0,0.7258701939278662,4.723537363157035,2.913808187918932,0.7598515609353172,4.742732971108434
77.58,0.746459277591284,4.745723568267163,2.9265920099565386,0.11487457232142857,0.0747458203125,0.11487457232142173,0.07474582032013233,0.6261783838272095,1.6605068445205688,8.607832352242573,0,0.7125955153058001,4.726543371938183,2.9239822606970507,0.746459277591284,4.745723568267163
77.68,0.7352282820577124,4.748132150348699,2.934082162019222,0.1148578901454241,0.07498910204589844,0.1148578901455366,0.07498910205183673,0.6261783838272095,1.6605068445205688,8.618794990572917,0,0.7018828772853625,4.728871209089916,2.9311695205872343,0.7352282820577124,4.748132150348699
77.8,0.721728484170624,4.7509110371993435,2.9430816931463295,0.1148571711046723,0.07499958805686209,0.1148571711045987,0.07499958806306273,0.6105898022651672,1.6955922842025757,8.632953819553284,0,0.6880226150250133,4.731763538284464,2.9404688641335253,0.721728484170624,4.7509110371993435
77.9,0.7104599449522526,4.753133885730865,2.950581682076911,0.11485714392490069,0.07499998442853152,0.11485714392494017,0.07499998443516454,0.619650661945343,1.737402081489563,8.64391547231941,0,0.6772740024439736,4.73391415655553,2.947668834907043,0.7104599449522526,4.753133885730865
78.02000000000001,0.6969161669571667,4.755689653149391,2.959581681690468,0.1148571428593692,0.07499999996753244,0.11485714290919713,0.0749999992485928,0.619650661945343,1.737402081489563,8.658987714238776,0,0.6624699475899227,4.73674478128413,2.95756881654334,0.6969161669571667,4.755689653149391
78.14,0.6833334407557905,4.758126548023561,2.9683368758212842,0.11590631088683673,0.05969963290029748,0.11527681006888724,0.06887985332576507,0.6061680912971497,1.76767897605896,8.671777416017097,0,0.6498865881068507,4.739032910585139,2.9659544547125973,0.6833334407557905,4.758126548023561
78.24000000000001,0.6719107499871558,4.760090511810492,2.9743114389347265,0.11588659736498741,0.059987121760600254,0.11589842547823359,0.05981462844528718,0.6061680912971497,1.76767897605896,8.683770442157194,0,0.6380717137694587,4.741092381485311,2.972230100441868,0.6719107499871558,4.760090511810492
78.36,0.6582312198092666,4.762348502537111,2.98211836766977,0.11484349885357566,0.07519897505202161,0.11484349885524381,0.07519897484542515,0.6002299785614014,1.8330962657928467,8.697122899488008,0,0.6249020555965625,4.743294248960956,2.9795069053790435,0.6582312198092666,4.762348502537111
78.46000000000001,0.6468853809093403,4.764129644567,2.9896313728393493,0.11485662711321597,0.07500752126560023,0.11485531428712115,0.07502666665215596,0.6002299785614014,1.8330962657928467,8.709453558903753,0,0.6127249440884914,4.745234124458798,2.9876222578456324,0.6468853809093403,4.764129644567
78.58,0.6331910224972116,4.76616684321455,2.997723724699683,0.11589497077105135,0.05986500958883434,0.11589497077113542,0.059865009594539664,0.6051707863807678,1.8454943895339966,8.72275101320638,0,0.5995765817326224,4.747219787645052,2.9956475316693716,0.6331910224972116,4.76616684321455
78.68,0.6217168146329025,4.767794038795219,3.0037170389194374,0.11588598625179738,0.05999603382795475,0.11588598625174029,0.059996033832665496,0.6051707863807678,1.8454943895339966,8.733363548028079,0,0.5890725993326296,4.748733805175458,3.001159821203177,0.6217168146329025,4.767794038795219
78.8,0.6079357243148874,4.769655707047435,3.010916875293321,0.11588573130159309,0.059999751851767445,0.11588573130167923,0.05999975185633222,0.5884764194488525,1.8973827362060547,8.747205210597636,0,0.5753602417593533,4.750621362451967,3.0083595893548014,0.6079357243148874,4.769655707047435
78.9,0.5964414947643444,4.771131268293455,3.016916869580552,0.11588571492891525,0.05999999061998604,0.11588571492893163,0.05999999062616945,0.5932075381278992,1.938202977180481,8.758739923332318,0,0.5639231506285309,4.752118875168735,3.014359573081992,0.5964414947643444,4.771131268293455
79.02000000000001,0.5826370429215291,4.772810868437099,3.0241168693835836,0.11588571431699399,0.05999999954383763,0.11588571431693229,0.05999999954847679,0.5932075381278992,1.938202977180481,8.773965726231532,0,0.5488128159495944,4.753990468024101,3.02227956455243,0.5826370429215291,4.772810868437099
79.14,0.5688208558851825,4.774391033850206,3.031316869379172,0.11588571428576498,0.0599999999992607,0.11588571428624572,0.05999999999645178,0.5911242961883545,1.967397689819336,8.786884598727452,0,0.5359806358592683,4.755484596765293,3.028999558280789,0.5688208558851825,4.774391033850206
79.24000000000001,0.5572989190002338,4.775631822023101,3.0373168693794224,0.11588571428571577,0.05999999999997827,0.11588571428575722,0.06000000000255801,0.5911242961883545,1.967397689819336,8.798880697721323,0,0.5240562968285314,4.7567947607820456,3.035239553091351,0.5572989190002338,4.775631822023101
79.36,0.5434630780352233,4.777029481401362,3.0445168693797293,0.11588571428571438,0.05999999999999864,0.11588571428580163,0.06000000000255801,0.57683926820755,1.990675926208496,8.812260956679085,0,0.5107467227335678,4.758168284421237,3.0421995480911583,0.5434630780352233,4.777029481401362
79.46000000000001,0.5319257669985832,4.778118076328116,3.0505168693799796,0.11588571428571429,0.05999999999999993,0.11588571428575722,0.06000000000255801,0.57683926820755,1.990675926208496,8.823334281473997,0,0.49972488914314317,4.7592349175908835,3.0479595446084926,0.5319257669985832,4.778118076328116
79.58,0.5180726828264995,4.779332986146938,3.0577168693802754,0.11588571428571429,0.06,0.11588571428577943,0.06000000000228045,0.5838391184806824,2.005366563796997,8.838560084311776,0,0.48456020955138746,4.760597842729812,3.0558795407624384,0.5180726828264995,4.779332986146938
79.68,0.5065220078700534,4.780269198153526,3.063716869380537,0.11588571428571429,0.06,0.11588571428575722,0.06000000000255801,0.5838391184806824,2.005366563796997,8.849633409094102,0,0.47352481620285936,4.761513602184102,3.0616395385992474,0.5065220078700534,4.780269198153526
79.8,0.492654094217235,4.78130114673009,3.0709168693808326,0.11588571428571429,0.06,0.11588571428577943,0.06000000000228045,0.5851542353630066,2.0377910137176514,8.86347505430385,0,0.4597234572683382,4.7625688906153085,3.0688395365837846,0.492654094217235,4.78130114673009
79.9,0.4809258564083348,4.78210752194388,3.0744762006481547,0.11797771607142857,0.029491640624999996,0.1179777160713158,0.029491640633483307,0.582813560962677,2.0860543251037598,8.87561294881836,0,0.4476157608063014,4.763424559726896,3.0733107729657156,0.4809258564083348,4.78210752194388
80.02000000000001,0.4668021970860077,4.783031465838175,3.0780658001236056,0.1158445775786966,0.06059991031067466,0.11794435171943451,0.029978204092728777,0.582813560962677,2.0860543251037598,8.888793335009339,0,0.4344645854750899,4.764301581705591,3.0766585955608536,0.4668021970860077,4.783031465838175
80.14,0.45292501694643733,4.7838635881589715,3.0853263055614617,0.1158839505494009,0.06002572115457017,0.11586426406398065,0.06031281574420122,0.5757155418395996,2.2146949768066406,8.902681579284254,0,0.4206028247906115,4.76515885632083,3.083016937839419,0.45292501694643733,4.7838635881589715
80.24000000000001,0.44130294409722187,4.784484148832738,3.0905960862216726,0.11797764045123413,0.029492743419502192,0.1171401644882275,0.04170593476765516,0.5757155418395996,2.2146949768066406,8.914688122477678,0,0.4086148725237715,4.765826748455477,3.0891378764328437,0.44130294409722187,4.784484148832738
80.36,0.4271641128075543,4.785180679587167,3.0941546357571266,0.1179443484772038,0.029978251374111156,0.11794434847711699,0.02997825136907828,0.5707571506500244,2.1967763900756836,8.928802514270622,0,0.39451852028379575,4.766540127184667,3.0928874522866816,0.4271641128075543,4.785180679587167
80.46000000000001,0.4153821717079132,4.785722311270292,3.097153133657435,0.11794290684275358,0.029999275209843516,0.11794319516964524,0.029995070444377436,0.5707571506500244,2.1967763900756836,8.940099309708444,0,0.383234329297065,4.7670736259559545,3.095765785095247,0.4153821717079132,4.785722311270292
80.58,0.4012418970114264,4.786325611988862,3.100753080157734,0.11794285902151538,0.029999972602900635,0.11794285902173574,0.02999997260527687,0.5752249956130981,2.1757960319519043,8.95469083822258,0,0.3686568871471838,4.767714628877728,3.099485723864735,0.4012418970114264,4.786325611988862
80.68,0.38945674087553844,4.786789474332276,3.1037530787736607,0.11794285723421875,0.02999999866764317,0.11794285723427667,0.02999999867053793,0.5752249956130981,2.1757960319519043,8.965516810349074,0,0.35783988208590145,4.7681551671709546,3.102245722996809,0.38945674087553844,4.786789474332276
80.8,0.37547077206929713,4.7872836675433845,3.109663418096906,0.11585834039241931,0.060399202610551796,0.11585834039233855,0.06039920257133735,0.5801986455917358,2.146801233291626,8.979519370822535,0,0.3438469699453215,4.768674887902625,3.1071210349081233,0.37547077206929713,4.7872836675433845
80.9,0.3637213487660293,4.787634951423731,3.1132410190522237,0.11796889981230672,0.029620211070526894,0.11796889981237069,0.029620211092484805,0.5587510466575623,2.116706371307373,8.992579210544868,0,0.33079369322228525,4.769088869019147,3.112129901695101,0.3637213487660293,4.787634951423731
81.02000000000001,0.34957267085201066,4.788010802832653,3.1168332324447574,0.11794291873388248,0.029999101797547133,0.11794376216254232,0.029986801798609353,0.5587510466575623,2.116706371307373,9.006230067740814,0,0.3171480756321836,4.769467052531245,3.1156006014322895,0.34957267085201066,4.788010802832653
81.14,0.33542325982973364,4.788335722949029,3.1204331454027763,0.11794285947100057,0.029999966047908305,0.11794288317614754,0.02999962035094006,0.5653964281082153,2.0932204723358154,9.01988021107217,0,0.30350193877001974,4.769797751345375,3.119080509517728,0.33542325982973364,4.788335722949029
81.24000000000001,0.323631257508779,4.788567577805291,3.123433142787832,0.1179428572426763,0.029999998544304067,0.11794285813402361,0.02999998554908956,0.5653964281082153,2.0932204723358154,9.031647571492806,0,0.29173717028336155,4.770044720421377,3.1220805084338825,0.323631257508779,4.788567577805291
81.36,0.30948001617154686,4.7887991058471515,3.127033142674793,0.11794285714713688,0.029999999937587035,0.11794285714727959,0.029999999939522848,0.5628736019134521,2.0793845653533936,9.046239095186639,0,0.277147913964916,4.770301943636431,3.1258005109898295,0.30948001617154686,4.7887991058471515
81.46000000000001,0.29768674062775424,4.788953129014225,3.1300331426711043,0.11794285714301891,0.029999999997640785,0.11794285714306074,0.029999999998364668,0.5628736019134521,2.0793845653533936,9.05753576128919,0,0.26585240758770645,4.770463809985419,3.128680513247235,0.29768674062775424,4.788953129014225
81.58,0.2835342794372346,4.78909125449916,3.1336331426710635,0.11794285714286326,0.02999999999991082,0.1179428571428387,0.030000000001140226,0.5657832622528076,2.0506246089935303,9.071656591168368,0,0.2517324459168031,4.770620395070629,3.132280516248067,0.2835342794372346,4.78909125449916
81.68,0.27174024420480564,4.789167439258131,3.136633142671194,0.1179428571428574,0.029999999999996176,0.1179428571428387,0.030000000001140226,0.5657832622528076,2.0506246089935303,9.083894645373233,0,0.23949475726102198,4.770714984104606,3.1354005189981313,0.27174024420480564,4.789167439258131
81.8,0.25758717963220457,4.789212156168971,3.140233142671342,0.11794285714285715,0.02999999999999981,0.1179428571428387,0.030000000001140226,0.5742152333259583,2.0329246520996094,9.098015475248568,0,0.22537406216598033,4.770776680141699,3.1390005223809423,0.25758717963220457,4.789212156168971
81.9,0.2457928984571715,4.789210499201229,-3.139952164508114,0.11794285714285714,0.02999999999999999,0.1179428571428387,0.030000000001140226,0.5728606581687927,2.005903959274292,9.108841447227856,0,0.21454809784122464,4.7707895539703085,-3.141424782012699,0.2457928984571715,4.789210499201229
82.02000000000001,0.23163175782951143,4.78916179296376,-3.136474197943767,0.11996514107142857,-0.0005083593750000001,0.11814508553513736,0.02694916410611592,0.5728606581687927,2.005903959274292,9.124374358323012,0,0.1990152233458975,4.770755834503629,-3.1374647776744933,0.23163175782951143,4.78916179296376
82.14,0.2172355881266138,4.789088537747119,-3.136527338367195,0.11999883829863904,-1.694147818061731e-05,0.11997861996222436,-0.00031179222231836334,0.5745669007301331,1.9927221536636353,9.137779213039684,0,0.18561051362221592,4.770693487098409,-3.1369331505960485,0.2172355881266138,4.789088537747119
82.24000000000001,0.20528565069400606,4.789026988499645,-3.135802148903638,0.11792435135481867,0.030269876075560913,0.11875414613471413,0.018155148807097454,0.5745669007301331,1.9927221536636353,9.150710500768792,0,0.17267936651497928,4.7706331810125135,-3.136758427598142,0.20528565069400606,4.789026988499645
82.36,0.19113443326410676,4.788919366036358,-3.1321801507710187,0.11794215762326629,0.03001020132736651,0.11794215762315208,0.030010201334251807,0.5648413896560669,1.954444169998169,9.164361693364196,0,0.15902846021902883,4.77054476961059,-3.133393588379182,0.19113443326410676,4.788919366036358
82.46000000000001,0.17926830122263837,4.788792175520089,-3.1302811104202464,0.11995883323979428,-0.0006003485863333893,0.11975716567460548,0.002460706772511312,0.5648413896560669,1.954444169998169,9.176639993547703,0,0.14675074978060776,4.77042442931561,-3.1306900326006057,0.17926830122263837,4.788792175520089
82.58,0.16487180795487483,4.788629717327691,-3.1303188830775706,0.11999799800652619,-2.9195738159503666e-05,0.11999799800650468,-2.9195737771825492e-05,0.5601140260696411,1.9270108938217163,9.190079090862438,0,0.13331245212426213,4.770277825310202,-3.130705033325515,0.16487180795487483,4.788629717327691
82.68,0.15293937949077754,4.788491495538955,-3.129347250515907,0.11895783898212464,0.015198181510682371,0.11895783898219214,0.01519818151107799,0.5601140260696411,1.9270108938217163,9.202497700303175,0,0.1208946014525254,4.770140547722886,-3.1299839623489305,0.15293937949077754,4.788491495538955
82.8,0.1386646294031934,4.788303739902457,-3.1275387239537764,0.1189709148843632,0.015007491269703173,0.11897091488426437,0.015007491269425355,0.5690932869911194,1.917482852935791,9.217232682365742,0,0.10616078212072422,4.769955441585666,-3.128113876492803,0.1386646294031934,4.788303739902457
82.9,0.12676880880372637,4.788127619680759,-3.126038469266229,0.11897141347871747,0.01500022010203705,0.11897141347874118,0.015000220101590855,0.5634894371032715,1.8855772018432617,9.227690300222685,0,0.09570421192414846,4.769807418053996,-3.126793593681693,0.12676880880372637,4.788127619680759
83.02000000000001,0.11239159408593392,4.78790005458108,-3.1257444828691914,0.11999587336228672,-6.018013331852425e-05,0.11999587336231077,-6.018013448683135e-05,0.5634894371032715,1.8855772018432617,9.243000990437837,0,0.0803953312460366,4.769572030612369,-3.1261323677110537,0.11239159408593392,4.78790005458108
83.14,0.09812765595299515,4.787662343523316,-3.1237901256961296,0.11793229664264857,0.030154007294708376,0.11854190101030504,0.02126394345602911,0.5609153509140015,1.8557666540145874,9.257276404820155,0,0.06612175152785671,4.769343168611018,-3.1246337998680174,0.09812765595299515,4.787662343523316
83.24000000000001,0.08629595704813264,4.787434528919824,-3.1213878402319315,0.11996559385287502,-0.0005017563122393786,0.11894894524577815,0.014826125699363146,0.5609153509140015,1.8557666540145874,9.26857630762972,0,0.05482376693592128,4.769134967587984,-3.121809550786453,0.08629595704813264,4.787434528919824
83.36,0.07190169934151272,4.787144043482344,-3.121428841240431,0.11999852483644201,-2.1512801887263354e-05,0.11999852483646212,-2.151280736883976e-05,0.5597730278968811,1.8327679634094238,9.282476849444999,0,0.0409260514845009,4.768854667766995,-3.121483609938887,0.07190169934151272,4.787144043482344
83.46000000000001,0.05990423490530565,4.786902107369931,-3.1214302473343833,0.1199999442387535,-8.131848448097527e-07,0.1199998022986204,-2.883147054433266e-06,0.5597730278968811,1.8327679634094238,9.295916745299701,0,0.02748887528789279,4.768584304221827,-3.1214853568770073,0.05990423490530565,4.786902107369931
83.58,0.04564013540727418,4.78660715817507,-3.1194929638835354,0.11792429035066401,0.030270765719482954,0.11792429035146768,0.030270765549733625,0.5698144435882568,1.81405508518219,9.31019670917206,0,0.013211844819650764,4.768294875120443,-3.1202276315471877,0.04564013540727418,4.78660715817507
83.68,0.03378691448046759,4.786330508393111,-3.1173995411744646,0.11899132334691633,0.01470986785747012,0.11899132334709517,0.014709867872386706,0.5698144435882568,1.81405508518219,9.32154642634179,0,0.0018650567601214973,4.768037036866893,-3.1179948844811864,0.03378691448046759,4.786330508393111
83.8,0.01942881675779681,4.78597669064115,-3.116887937634066,0.11998534554213854,-0.00021371084381293845,0.1199853455422728,-0.00021371084318877465,0.5696572065353394,1.7764438390731812,9.335888705890822,0,-0.01247301228396358,4.767689533270327,-3.1172410052551958,0.01942881675779681,4.78597669064115
83.9,0.007432814594038316,4.785680321786845,-3.1168928581134345,0.11999944606085695,-8.078279169347803e-06,0.11999944606082558,-8.078280266943239e-06,0.5715476870536804,1.7707297801971436,9.346928318433235,0,-0.023509350480600766,4.767420675880496,-3.117247507676457,0.007432814594038316,4.785680321786845
84.02000000000001,-0.006742411098606833,4.785309303504759,-3.1136859976997497,0.11899132438565083,0.014709852709258694,0.11803101848535391,0.028714313791700086,0.5715476870536804,1.7707297801971436,9.361133132514825,0,-0.0377097410687286,4.7670662041085565,-3.115018851877579,-0.006742411098606833,4.785309303504759
84.14,-0.021035199786740923,4.784898057225916,-3.1122212391070656,0.11997865133632078,-0.0003113346786551734,0.11948498785949724,0.007199259219881071,0.5691952705383301,1.7485765218734741,9.374898654597176,0,-0.051469957227062935,4.766684039908708,-3.11299066264268,-0.021035199786740923,4.784898057225916
84.24000000000001,-0.03302830144178928,4.784545881284927,-3.112246448693595,0.11999896178652032,-1.5140613245222068e-05,0.11998880656132194,-0.00016323765061887485,0.5691952705383301,1.7485765218734741,9.387850366685477,0,-0.06441631921444424,4.766311807038171,-3.1128979032084025,-0.03302830144178928,4.784545881284927
84.36,-0.04732991249780107,4.784122590478992,-3.1109052601475726,0.11790804272768865,0.030507710221207112,0.1179080427303747,0.030507709841420816,0.5753762125968933,1.719101905822754,9.40219679279435,0,-0.07875686858725128,4.765901215046771,-3.1124681498808076,-0.04732991249780107,4.784122590478992
84.46000000000001,-0.05911592895416262,4.783742843415161,-3.1078739268108944,0.1179413644748068,0.030021768075734253,0.11794136447480508,0.030021768083476896,0.5753762125968933,1.719101905822754,9.4144307997487,0,-0.09098510551529593,4.765525518639149,-3.109329014197153,-0.05911592895416262,4.783742843415161
84.58,-0.07338116610739386,4.783242435611876,-3.1061086153909843,0.11995886322084046,-0.0005999113627431908,0.11995886321967131,-0.0005999111460375239,0.565724790096283,1.6941931247711182,9.42816016841257,0,-0.10470651837155165,4.765058193124555,-3.10674156826933,-0.07338116610739386,4.783242435611876
84.68,-0.08537187037137522,4.782817014385947,-3.106134155117851,0.11999823626059353,-2.5721199677614304e-05,0.11999823626049899,-2.572119989219246e-05,0.565724790096283,1.6941931247711182,9.440638229504328,0,-0.1171770083727881,4.764623580954068,-3.1067741056815543,-0.08537187037137522,4.782817014385947
84.8,-0.09967503936542979,4.782303261583888,-3.104858419648998,0.11895782739551725,0.015198350482040098,0.1189578273956382,0.015198350482581446,0.5769305229187012,1.685180902481079,9.454002674032024,0,-0.13053324944170086,4.764155390775894,-3.1058666296584776,-0.09967503936542979,4.782303261583888
84.9,-0.11147551148297316,4.781854344249512,-3.1020731805965926,0.11792484452815422,0.030262683964417468,0.11792484452826102,0.03026268396544296,0.5760853290557861,1.649990200996399,9.465810113636042,0,-0.14233272257853935,4.763721727662895,-3.1034434467945142,-0.11147551148297316,4.781854344249512
85.02000000000001,-0.12581908590242522,4.781279515912532,-3.1015176365801254,0.11999853853540791,-2.1313025301097647e-05,0.11996591336238538,-0.000497096799834118,0.5760853290557861,1.649990200996399,9.481051605341356,0,-0.15756227375854648,4.76311853593657,-3.1018230461927296,-0.12581908590242522,4.781279515912532
85.14,-0.14017372355629776,4.780703500112627,-3.101029008824446,0.11789638149681532,0.03067776983810983,0.11915767572159286,0.012258319948832419,0.5717522501945496,1.6264731884002686,9.49544119202984,0,-0.17194051659926224,4.762547276031805,-3.1017924005009605,-0.14017372355629776,4.780703500112627
85.24000000000001,-0.1519537959576928,4.780207309100296,-3.097974128030395,0.11794059697131094,0.03003296083504871,0.1179184892340368,0.030355365348289087,0.5717522501945496,1.6264731884002686,9.507686703225886,0,-0.18417574977726003,4.762045665094444,-3.098967230331843,-0.1519537959576928,4.780207309100296
85.36,-0.16609216619973594,4.779564699364466,-3.094371667579637,0.11794273247077702,0.03000181813450164,0.11794273247078824,0.03000181813456182,0.5765749216079712,1.6043742895126343,9.519924559197298,0,-0.1964016480989783,4.761504805589572,-3.0958446684409893,-0.16609216619973594,4.779564699364466
85.46000000000001,-0.17794469502833288,4.77898909719065,-3.092478314769359,0.119949021779882,-0.000743432376720764,0.11974839284543126,0.0023310930549746978,0.5765749216079712,1.6043742895126343,9.533136543495907,0,-0.2095986649229875,4.760876095757057,-3.092819105010766,-0.17794469502833288,4.77898909719065
85.58,-0.19232415099487266,4.77828278137286,-3.0925250899557497,0.11999752086237848,-3.6154090313762355e-05,0.11999752086242488,-3.615408972201806e-05,0.5627212524414062,1.5816936492919922,9.548014934547957,0,-0.22445934652401522,4.760150380488771,-3.092826126945395,-0.19232415099487266,4.77828278137286
85.68,-0.20417601402687865,4.777693435258996,-3.090580955074823,0.11791560380882911,0.03039744445457528,0.11791560380958188,0.030397444288343678,0.5627212524414062,1.5816936492919922,9.559423438219689,0,-0.2358542834801738,4.759594172080813,-3.0916733695513896,-0.20417601402687865,4.777693435258996
85.8,-0.21830813929796877,4.776946190837495,-3.086962460887116,0.11794194890394882,0.030013245150746347,0.1179419489039768,0.03001324515111703,0.571278989315033,1.55442214012146,9.573542595457033,0,-0.24995453244176846,4.758863706261015,-3.0880517911938767,-0.21830813929796877,4.776946190837495
85.9,-0.23008382410704345,4.776284521271538,-3.08396214445345,0.11794281297400931,0.030000644129030824,0.11794281297401454,0.030000644132832655,0.5825977325439453,1.5302953720092773,9.585780617079063,0,-0.26217396508662705,4.758189436983172,-3.084931364868918,-0.23008382410704345,4.776284521271538
86.02000000000001,-0.24421197095975547,4.7754438881385,-3.080362124442687,0.11794285567089537,0.030000021466109323,0.11794285567074958,0.030000021467579963,0.5825977325439453,1.5302953720092773,9.599430751341492,0,-0.27580080931500595,4.757392391339664,-3.081451335215606,-0.24421197095975547,4.7754438881385
86.14,-0.2583370013431355,4.774552399101035,-3.076762124255222,0.11794285713937594,0.030000000050767438,0.11794285710533536,0.030000000549312844,0.5832147598266602,1.516658902168274,9.612139499477669,0,-0.288485308623218,4.756607689811203,-3.0782113280000565,-0.2583370013431355,4.774552399101035
86.24000000000001,-0.2701262430948553,4.773769602243409,-3.0740672078363893,0.11898885803556503,0.014745820314676653,0.11846585758583661,0.022372910394030665,0.5832147598266602,1.516658902168274,9.625801472496061,0,-0.3021182657996979,4.755717754207041,-3.0748531540699306,-0.2701262430948553,4.773769602243409
86.36,-0.28432899806126477,4.772795030121001,-3.071677810950185,0.11792617496684628,0.03024328173349176,0.11792617496853008,0.03024328151884914,0.5749191045761108,1.4940489530563354,9.638613974297325,0,-0.31490158961677506,4.754853558282997,-3.0730123724633005,-0.28432899806126477,4.772795030121001
86.46000000000001,-0.2960921805715454,4.7719534108641914,-3.068662796817717,0.11794214189456068,0.03001043070432346,0.11794214189453367,0.030010430710769587,0.5749191045761108,1.4940489530563354,9.651791953410944,0,-0.32804702276898023,4.75392796616986,-3.069633497808912,-0.2960921805715454,4.7719534108641914
86.58,-0.31020576957937773,4.770896729835071,-3.065062144142211,0.11794282647658644,0.030000447216447866,0.1179428264767246,0.03000044721757078,0.5859242081642151,1.4641207456588745,9.664971342076473,0,-0.34119067072645803,4.752958015672681,-3.0662728007372264,-0.31020576957937773,4.770896729835071
86.68,-0.32196416160092767,4.769977349633423,-3.0620621266504386,0.11794285565151623,0.030000021748721673,0.11794285565154272,0.030000021749299055,0.5859242081642151,1.4641207456588745,9.677209394486784,0,-0.35339255275864967,4.752017802042713,-3.063152770509585,-0.32196416160092767,4.769977349633423
86.8,-0.3360705135015896,4.7688275362654915,-3.0584621257888243,0.1179428570789159,0.030000000932476442,0.11794285707882324,0.030000000936225568,0.5812286138534546,1.4349861145019531,9.691800918035378,0,-0.3679370310951937,4.750847029055767,-3.0594327603579043,-0.3360705135015896,4.7688275362654915
86.9,-0.34782258274986705,4.767830571108152,-3.0554621257638024,0.11794285714072625,0.030000000031075513,0.11794285714070707,0.030000000033891805,0.5781640410423279,1.4082242250442505,9.702156195830176,0,-0.3782562275925323,4.749983338221766,-3.056792753781907,-0.34782258274986705,4.767830571108152
87.02000000000001,-0.3619210387606948,4.766587681528582,-3.0518621257625997,0.11794285714276577,0.030000000001332364,0.11794285714259445,0.03000000000419334,0.5781640410423279,1.4082242250442505,9.717689106887624,0,-0.3937306571700441,4.748636729455556,-3.052832743799433,-0.3619210387606948,4.766587681528582
87.14,-0.3760149290208765,4.765294045670907,-3.0482621257624407,0.11794285714285696,0.030000000000002774,0.11794285714281649,0.03000000000141778,0.5929306745529175,1.3887861967086792,9.731809936722614,0,-0.4077935940759321,4.747359372493007,-3.0492327344858414,-0.3760149290208765,4.765294045670907
87.24000000000001,-0.38775621806522015,4.76417726334724,-3.04526212576231,0.11794285714285713,0.030000000000000103,0.11794285714281649,0.03000000000141778,0.5929306745529175,1.3887861967086792,9.743577296858358,0,-0.4195091335502452,4.746256240864371,-3.0462327265067928,-0.38775621806522015,4.76417726334724
87.36,-0.40184126342691184,4.762790636664453,-3.041662125762162,0.11794285714285714,0.030000000000000002,0.11794285714281649,0.03000000000141778,0.5861414670944214,1.3681591749191284,9.756756738950132,0,-0.43262654124489397,4.74497901370259,-3.0428727173339074,-0.40184126342691184,4.762790636664453
87.46000000000001,-0.4134995455291185,4.7616018228485215,-3.037560499346897,0.11584452108363769,0.060600734196950494,0.11605435469310699,0.057540660379773456,0.5861414670944214,1.3681591749191284,9.769410739391388,0,-0.4452173954661405,4.743716430181941,-3.039169556027725,-0.4134995455291185,4.7616018228485215
87.58,-0.4273227105793312,4.760107845318436,-3.0303227024258637,0.11588371100633767,0.06002921449090893,0.11588371100628159,0.06002921449532739,0.5843799114227295,1.3565435409545898,9.78186459698247,0,-0.4576017180020633,4.7424022291983885,-3.0326575406926333,-0.4273227105793312,4.760107845318436
87.68,-0.4388941021830051,4.758782522763126,-3.025175580897804,0.11693162928796816,0.04474707288379772,0.11693162928794187,0.04474707292367874,0.5843799114227295,1.3565435409545898,9.793905971595889,0,-0.46956764066206347,4.741056347526181,-3.0269700961552712,-0.4388941021830051,4.758782522763126
87.8,-0.45290891549943196,4.757111027126691,-3.0210068998887616,0.11796103021286448,0.029734976062392823,0.1179610302128653,0.029734976065010077,0.5896543860435486,1.3162662982940674,9.807491742274381,0,-0.483060437218523,4.7394696509532475,-3.022628318435732,-0.45290891549943196,4.757111027126691
87.9,-0.4644483367836867,4.75568390287515,-3.0155724406664195,0.11585163452751941,0.06049699647367509,0.11585163452763059,0.060496996477643616,0.5992075800895691,1.3085553646087646,9.81912852610955,0,-0.49461320291374755,4.738073820441442,-3.0182060345801514,-0.4644483367836867,4.75568390287515
88.02000000000001,-0.47823720648314705,4.753886388125235,-3.0083619750848665,0.11588564322712104,0.060001036271151456,0.11588405694242798,0.06002416959277612,0.5992075800895691,1.3085553646087646,9.833430151391402,0,-0.5087993566047839,4.736260114523492,-3.010747880069442,-0.47823720648314705,4.753886388125235
88.14,-0.492013477063242,4.751989517887643,-3.001161870673935,0.11588571159969636,0.06000003917109449,0.11588567741342981,0.060000537724647085,0.6063358187675476,1.2848273515701294,9.846348993188817,0,-0.5216019648470345,4.734531040903865,-3.0040274646793272,-0.492013477063242,4.751989517887643
88.24000000000001,-0.503483032992968,4.750333055741582,-2.9951618676507583,0.1158857141550897,0.06000000190494163,0.11588571313301266,0.06000001681660816,0.6063358187675476,1.2848273515701294,9.85788370472992,0,-0.5330228461869331,4.7329145509544945,-2.99802744109755,-0.503483032992968,4.750333055741582
88.36,-0.517233072414695,4.748254507554823,-2.987961867501826,0.11588571428011375,0.06000000008167437,0.1158857142801395,0.06000000008499207,0.5996473431587219,1.2651517391204834,9.872648121717686,0,-0.5476270660592102,4.730745502566185,-2.9903474148821974,-0.517233072414695,4.748254507554823
88.46000000000001,-0.5286797646678771,4.746446795928638,-2.981961867496424,0.11588571428547416,0.06000000000350179,0.11588571428533534,0.06000000000838668,0.5996473431587219,1.2651517391204834,9.884182833542976,0,-0.5590247660532304,4.728972930497468,-2.9843473941358116,-0.5286797646678771,4.746446795928638
88.58,-0.5424011701741478,4.7441869335703455,-2.974761867495795,0.1158857142857026,0.06000000000017029,0.11588571428575722,0.06000000000255801,0.6006146669387817,1.2400065660476685,9.898947250541495,0,-0.5735979476551631,4.726604304882638,-2.9766673672078987,-0.5424011701741478,4.7441869335703455
88.68,-0.5538230041058004,4.742228287479681,-2.968761867495545,0.11588571428571384,0.06000000000000644,0.11588571428575722,0.06000000000255801,0.6006146669387817,1.2400065660476685,9.910020575198374,0,-0.5845156609831339,4.724754425252801,-2.9709073467568765,-0.5538230041058004,4.742228287479681
88.8,-0.5675133849037376,4.739787504704792,-2.961561867495238,0.11588571428571426,0.060000000000000275,0.11588571428575722,0.06000000000255801,0.6098996996879578,1.2114869356155396,9.924323606333072,0,-0.5986016170426214,4.722271978570523,-2.9634673199574717,-0.5675133849037376,4.739787504704792
88.9,-0.578908370402066,4.737678265419264,-2.9555618674949877,0.11588571428571429,0.060000000000000005,0.11588571428575722,0.06000000000255801,0.6037886142730713,1.1938574314117432,9.934474156178517,0,-0.608586706633564,4.720446698311029,-2.95818730061617,-0.578908370402066,4.737678265419264
89.02000000000001,-0.5925653411143285,4.7350569875036035,-2.9483618674946808,0.11588571428571429,0.06,0.11588571428575722,0.06000000000255801,0.6037886142730713,1.1938574314117432,9.94877718731154,0,-0.6226399471704,4.717785283272737,-2.95074727284293,-0.5925653411143285,4.7350569875036035
89.14,-0.6062236593619083,4.732333645128822,-2.9414669510796463,0.11693171517857143,0.0447458203125,0.11640871473053149,0.05237291037102354,0.6092711091041565,1.1789376735687256,9.96169605962507,0,-0.6353158646921766,4.71529161592636,-2.9440272472460167,-0.6062236593619083,4.732333645128822
89.24000000000001,-0.6176531348371329,4.729988161002657,-2.9366204299823893,0.11586903210970982,0.06024328173339844,0.11629410533882112,0.054044296953492665,0.6092711091041565,1.1789376735687256,9.97380326216167,0,-0.6471821489691019,4.71288835757124,-2.939224038516951,-0.6176531348371329,4.729988161002657
89.36,-0.6312978475013761,4.727101422152405,-2.9300107173939436,0.11693099993027524,0.04475625101681946,0.11693099992862166,0.044756251235122946,0.6182819604873657,1.1534379720687866,9.987199707670545,0,-0.6602959712471075,4.7101511294965075,-2.9324618570143417,-0.6312978475013761,4.727101422152405
89.46000000000001,-0.6427240238860341,4.724620332115644,-2.9255257108816877,0.11691491751237537,0.04499078627785916,0.11691491751253391,0.044990786278453765,0.6182819604873657,1.1534379720687866,10.00071644464462,0,-0.6735107828415112,4.707310190751878,-2.927261669417307,-0.6427240238860341,4.724620332115644
89.58,-0.6563532489324865,4.721586597872427,-2.919149984640684,0.11586831190977166,0.060253784649163214,0.1158683119096171,0.06025378465224218,0.6288091540336609,1.1364436149597168,10.014168924681188,0,-0.686647908326038,4.704414477862444,-2.9212903353262623,-0.6563532489324865,4.721586597872427
89.68,-0.6676478737187086,4.718996180973816,-2.9131400585125364,0.11588486798537655,0.06001234187992533,0.11588486798526088,0.06001234188340865,0.6288091540336609,1.1364436149597168,10.024779950076121,0,-0.6969959289346375,4.702066642813744,-2.915758552695085,-0.6676478737187086,4.718996180973816
89.8,-0.681355265309251,4.715769840972316,-2.908502271925711,0.11797767978630158,0.029492169783101797,0.11797767978631857,0.029492169785483302,0.6281194686889648,1.121746301651001,10.039226475173054,0,-0.7110653619885081,4.698787444600924,-2.910045542560306,-0.681355265309251,4.715769840972316
89.9,-0.6927484739690821,4.713041812021797,-2.9043499638273627,0.11689218403116358,0.045322316212197705,0.11689218403097001,0.045322316215012926,0.6261425614356995,1.095922827720642,10.050456637022288,0,-0.7219921020461277,4.696194591563594,-2.906373998902252,-0.6927484739690821,4.713041812021797
90.02000000000001,-0.7062686915158545,4.7097242045916605,-2.89736946206523,0.11588526392359313,0.060006567780933384,0.11587621558388772,0.06013852273806242,0.6261425614356995,1.095922827720642,10.064798069603548,0,-0.7359281360915795,4.69280879127905,-2.8994834395016653,-0.7062686915158545,4.7097242045916605
90.14,-0.7197500473690298,4.70631308613852,-2.890168800321341,0.11588569726200657,0.060000248262404264,0.11588548059278114,0.06000340802586601,0.6323387026786804,1.0726580619812012,10.079562338269977,0,-0.7502479526390986,4.6892134493899,-2.8918014944453585,-0.7197500473690298,4.70631308613852
90.24000000000001,-0.7309777866785411,4.703393303978178,-2.8843528492493884,0.11693754732220972,0.04466076821777482,0.11620125227851386,0.0553984043996647,0.6323387026786804,1.0726580619812012,10.089712886415498,0,-0.7600767115952447,4.686677877455103,-2.886521450919123,-0.7309777866785411,4.703393303978178
90.36,-0.744537997696751,4.699787129721912,-2.8789795647371883,0.11691574110422512,0.04497877556338357,0.11691574110417324,0.04497877556769447,0.6411131024360657,1.0503814220428467,10.10368633796282,0,-0.7735881291728743,4.683114319796208,-2.8809890033354186,-0.744537997696751,4.699787129721912
90.46000000000001,-0.7557769465574725,4.696737024921721,-2.8738096094473917,0.1158683472212722,0.06025326968978007,0.11586834722230321,0.06025326953318366,0.6411131024360657,1.0503814220428467,10.11530745700671,0,-0.7848105997289898,4.680096611651049,-2.876161351329939,-0.7557769465574725,4.696737024921721
90.58,-0.7691731008247957,4.6930094009663685,-2.8665929275233757,0.11588513551455794,0.060008440412696665,0.11588513551443747,0.060008440417869124,0.6394842267036438,1.0150902271270752,10.12914750448567,0,-0.7981526103093042,4.676417254656315,-2.8689407206071977,-0.7691731008247957,4.6930094009663685
90.68,-0.7803167048306588,4.6898291258317775,-2.860592597398076,0.11588568613931481,0.06000041046832567,0.11588568613913885,0.06000041047282689,0.6394842267036438,1.0150902271270752,10.141143567627546,0,-0.8096952773183661,4.673150395427363,-2.8627002345271495,-0.7803167048306588,4.6898291258317775
90.8,-0.7936635665582289,4.685924616263321,-2.853392579570918,0.11588571307893741,0.06000001759882946,0.11588571307890039,0.060000017602923617,0.6463268995285034,1.0105550289154053,10.154985210939778,0,-0.8229881380928616,4.66929151709125,-2.8555001820846995,-0.7936635665582289,4.685924616263321
90.9,-0.8047642426981537,4.682597519427435,-2.8473925790976793,0.11588571424009807,0.060000000665236516,0.11588571424003824,0.060000000667859155,0.6538066864013672,0.9824193716049194,10.166981309720223,0,-0.8344858908370609,4.665869811700156,-2.8492601553679977,-0.8047642426981537,4.682597519427435
91.02000000000001,-0.81805840478567,4.678517176145062,-2.8401925790785985,0.11588571428375849,0.060000000028522016,0.11588571428386985,0.06000000003170136,0.6538066864013672,0.9824193716049194,10.180822954774719,0,-0.8477256907159472,4.661832629888331,-2.842060125224698,-0.81805840478567,4.678517176145062
91.14,-0.8313228440733464,4.674341221484282,-2.832992579077592,0.11588571428570965,0.06000000000006745,0.1158857142856684,0.06000000000366823,0.651197075843811,0.9754413962364197,10.194203213556468,0,-0.8604962146133612,4.657839505240622,-2.8351000961219626,-0.8313228440733464,4.674341221484282
91.24000000000001,-0.8423533424273235,4.670788378828935,-2.826992579077342,0.1158857142857141,0.06000000000000255,0.11588571428575722,0.06000000000255801,0.651197075843811,0.9754413962364197,10.206199312388316,0,-0.8719217767787255,4.654183972941646,-2.8288600700997453,-0.8423533424273235,4.670788378828935
91.36,-0.8555615051330958,4.666437702458004,-2.819792579077035,0.11588571428571427,0.06000000000000011,0.11588571428575722,0.06000000000255801,0.6609964966773987,0.9533113837242126,10.2191181847072,0,-0.8842004569069037,4.6501675969256935,-2.822140042167506,-0.8555615051330958,4.666437702458004
91.46000000000001,-0.8665441463628492,4.662739570971801,-2.8137925790767846,0.11588571428571429,0.060000000000000005,0.11588571428575722,0.06000000000255801,0.6609964966773987,0.9533113837242126,10.231575670375944,0,-0.8960147951426267,4.646216601957472,-2.815660015305071,-0.8665441463628492,4.662739570971801
91.58,-0.8796414000292644,4.658230543043346,-2.8057969599957153,0.11483654625610455,0.07530036709847525,0.11483654625625839,0.07530036704839205,0.662054181098938,0.9327019453048706,10.244910896051197,0,-0.9086335319511409,4.641904325856927,-2.808180366164605,-0.8796414000292644,4.658230543043346
91.68,-0.890418264237308,4.654421354337028,-2.797488655370544,0.1138102588850162,0.09026705792684711,0.11381025888519414,0.09026705788145462,0.662054181098938,0.9327019453048706,10.256282865888627,0,-0.9193656524189595,4.638143569517083,-2.8001382927246885,-0.890418264237308,4.654421354337028
91.8,-0.9033346241434743,4.649719990296097,-2.7879426940253302,0.11486012469326018,0.07495651488995553,0.11486012469317242,0.07495651489358712,0.6720501780509949,0.9163512587547302,10.270837079244972,0,-0.9330529961295027,4.633195666064969,-2.7897140907162097,-0.9033346241434743,4.649719990296097
91.9,-0.9140063097272614,4.645727685466653,-2.779105837033674,0.11381502949029876,0.09019748659980972,0.11381502949026068,0.09019748660771265,0.6733765006065369,0.8900651931762695,10.280802802427306,0,-0.9423962682372722,4.629728836841156,-2.782110083789678,-0.9140063097272614,4.645727685466653
92.02000000000001,-0.9267514477508808,4.64081522599521,-2.7683019008871765,0.11382855207926391,0.09000028217740111,0.11382805954276431,0.09000746500648082,0.6733765006065369,0.8900651931762695,10.295268856796861,0,-0.9559077692918192,4.624561045410004,-2.7705829993196285,-0.9267514477508808,4.64081522599521
92.14,-0.9394430350041899,4.635765301543633,-2.757501873467999,0.11382857048758926,0.09000001372265663,0.11382856312420753,0.09000012110987887,0.6944401860237122,0.8813566565513611,10.309283373640417,0,-0.9689399078073064,4.6194064311595024,-2.759422867286946,-0.9394430350041899,4.635765301543633
92.24000000000001,-0.9499771952001685,4.631452526416471,-2.7485018723075347,0.11382857139721245,0.09000000045731839,0.11382857085131537,0.09000000842168676,0.6944401860237122,0.8813566565513611,10.320585429219086,0,-0.9794072854214859,4.615143748179795,-2.750422830279222,-0.9499771952001685,4.631452526416471
92.36,-0.9625663144251121,4.626152313928295,-2.7377018722706867,0.11382857142660942,0.09000000002861266,0.11382857142656633,0.0900000000358947,0.699316143989563,0.8706452250480652,10.332791642493522,0,-0.9906684616619623,4.610434443328554,-2.740702791999199,-0.9625663144251121,4.626152313928295
92.46000000000001,-0.9729425668116369,4.621660121980686,-2.7275951067964597,0.1117204466882452,0.12074348579642409,0.11193125916517666,0.117669136801557,0.699316143989563,0.8706452250480652,10.34494003791597,0,-1.0018351082194261,4.605650144424758,-2.730531954327295,-0.9729425668116369,4.621660121980686
92.58,-0.9851796546983088,4.616177277000855,-2.7131483282460898,0.11176894925566738,0.1200361566881839,0.11176894925550851,0.12003615669747836,0.6962618231773376,0.8299471139907837,10.358219206412718,0,-1.0139689308009991,4.600255085062348,-2.716079483279934,-0.9851796546983088,4.616177277000855
92.68,-0.995318307335591,4.611472812179291,-2.7011465300667945,0.1117713459462702,0.1200012049502263,0.1117713459463765,0.12000120495792022,0.6962618231773376,0.8299471139907837,10.369288437425805,0,-1.0240231087494736,4.595624601178183,-2.7040773600515857,-0.995318307335591,4.611472812179291
92.8,-1.0074092094478349,4.605667301746588,-2.686746476550555,0.11177142401378763,0.120000066465597,0.1117714240138179,0.12000006647389094,0.6951505541801453,0.8241384625434875,10.383014434570187,0,-1.0364121280990373,4.589715692889531,-2.689197242417326,-1.0074092094478349,4.605667301746588
92.9,-1.0174202536754533,4.600696787246156,-2.6747464749925225,0.11177142837601971,0.12000000284971248,0.11177142837583975,0.12000000285700141,0.7096881866455078,0.8016657829284668,10.392755512742811,0,-1.0451503280053043,4.5854107577723315,-2.678637202710523,-1.0174202536754533,4.600696787246156
93.02000000000001,-1.029353698109468,4.594574135244022,-2.660346474922276,0.11177142857106935,0.12000000000523853,0.11177142856295674,0.12000000013112633,0.7096881866455078,0.8016657829284668,10.406924280475431,0,-1.0577781543283842,4.578984874065395,-2.663277148798536,-1.029353698109468,4.594574135244022
93.14,-1.041153243787353,4.588303167405169,-2.6452168940699625,0.10968691181653023,0.1503992026756008,0.11052071852142298,0.13823952128011463,0.7241098880767822,0.8037644624710083,10.41887298662625,0,-1.0683504979966985,4.5734173676183705,-2.650299853238355,-1.041153243787353,4.588303167405169
93.24000000000001,-1.0507588964558188,4.583006885606901,-2.6301831196093914,0.10971325097976277,0.15001508987845968,0.10969744748161592,0.15024555757275904,0.7241098880767822,0.8037644624710083,10.43100946746459,0,-1.0790078483900882,4.567610901418358,-2.6337384868718816,-1.0507588964558188,4.583006885606901
93.36,-1.06218143939754,4.57646054777962,-2.612181831524035,0.10971424660127585,0.15000057039806056,0.10971414703915272,0.1500020223571541,0.7121618986129761,0.7849491834640503,10.444013371155567,0,-1.0903124656837977,4.561183838399606,-2.6157370250923875,-1.06218143939754,4.57646054777962
93.46000000000001,-1.0715688858979342,4.57087114413899,-2.596513015909723,0.10867202543472837,0.16519962907687788,0.10867202543562993,0.16519962893452034,0.7121618986129761,0.7849491834640503,10.454379875642369,0,-1.0992408626556975,4.555916187804982,-2.6009308071821855,-1.0715688858979342,4.57087114413899
93.58,-1.082652739143662,4.5639992634239155,-2.5767012153536437,0.1086850485789596,0.16500970822350589,0.10868504857866057,0.16500970823452032,0.6988707780838013,0.7766423225402832,10.468100770062156,0,-1.1109285450772433,4.548728627489267,-2.5797965872520785,-1.082652739143662,4.5639992634239155
93.68,-1.091730002942089,4.558137425330407,-2.5592827829879647,0.10763652109236033,0.18030073406974503,0.10763652109222477,0.180300734079486,0.6988707780838013,0.7766423225402832,10.47833149359815,0,-1.1195426964726576,4.543209198188442,-2.563240917377401,-1.091730002942089,4.558137425330407
93.8,-1.102441309340382,4.550917084866717,-2.537668686737654,0.10765636335353927,0.18001136776088564,0.10765636335332562,0.1800113677716264,0.6690465211868286,0.7660768628120422,10.491054999456628,0,-1.1301201192497161,4.536137725306071,-2.541624448810545,-1.102441309340382,4.550917084866717
93.9,-1.1112471921946063,4.544724078589204,-2.519668297207006,0.10765711687956883,0.18000037883962108,0.10765711687934498,0.18000037885268494,0.6626414060592651,0.7550416588783264,10.500810704612595,0,-1.1381253797867885,4.530561921612993,-2.5250639345530486,-1.1112471921946063,4.544724078589204
94.02000000000001,-1.1216650069320175,4.537084739778899,-2.49806828610733,0.10765714142420818,0.18000002089696404,0.10765714142415561,0.18000002090845513,0.6626414060592651,0.7550416588783264,10.513535482161204,0,-1.1484263211933345,4.523091274398695,-2.5034638694064126,-1.1216650069320175,4.537084739778899
94.14,-1.131730869513408,4.529341997568,-2.4732709632020393,0.10559807288101423,0.2100281038185423,0.10554901807460215,0.2107434864215274,0.6442860960960388,0.7590746283531189,10.526468085700511,0,-1.15872362675955,4.515267098251593,-2.478690671546689,-1.131730869513408,4.529341997568
94.24000000000001,-1.1399399734762603,4.522719577722723,-2.4520887976345933,0.10457318607706446,0.22497436970947648,0.10529060684094649,0.21451198342709032,0.6442860960960388,0.7590746283531189,10.536423733497912,0,-1.166507490733871,4.509060135653417,-2.4585193471548172,-1.1399399734762603,4.522719577722723
94.36,-1.1494937528277307,4.514623139974437,-2.424722354394265,0.1035174178388118,0.24037098985066113,0.10393972513547123,0.23421234159465287,0.6255937218666077,0.7551417946815491,10.549537429820377,0,-1.1765589094623654,4.500637664948076,-2.429689370898355,-1.1494937528277307,4.514623139974437
94.46000000000001,-1.1572153797753246,4.507728357708644,-2.400690993428628,0.10354200935793252,0.24001236353015068,0.10352725444613409,0.24022753934233032,0.6255937218666077,0.7551417946815491,10.558862398464097,0,-1.1835499538580012,4.49446673807567,-2.407575210005621,-1.1572153797753246,4.507728357708644
94.58,-1.1662829673981754,4.499191188728082,-2.3723193431585186,0.10459466249357806,0.22466117196865318,0.10427886655117735,0.22926652966243077,0.6129722595214844,0.755640983581543,10.571860218955077,0,-1.193066612516848,4.4856136851849016,-2.37707803102463,-1.1662829673981754,4.499191188728082
94.68,-1.1737145403002993,4.491831965955374,-2.3498466752338847,0.10457220286025751,0.22498870828791137,0.10458343267676362,0.22482494013875698,0.6129722595214844,0.755640983581543,10.58211756190996,0,-1.200387954778611,4.478429603338191,-2.3546079628247583,-1.1737145403002993,4.491831965955374
94.8,-1.1823800164842881,4.482814227302016,-2.322237430755352,0.10352546087620497,0.24025369555534418,0.10352546087757375,0.24025369535662922,0.5894448161125183,0.7628365159034729,10.594791430982571,0,-1.209207171175719,4.469327494823641,-2.3262370966423664,-1.1823800164842881,4.482814227302016
94.9,-1.1893567501515097,4.47516470960139,-2.2982260576738405,0.1035414568484236,0.24002042096048914,0.10354145684825511,0.24002042097681642,0.5737559795379639,0.7554843425750732,10.603712578314829,0,-1.2152532498758943,4.462767631862028,-2.305105025616005,-1.1893567501515097,4.47516470960139
95.02000000000001,-1.1974840613837774,4.465766901093584,-2.269425170789639,0.1035427971052333,0.24000087554868096,0.10354279710476089,0.24000087556402816,0.5737559795379639,0.7554843425750732,10.617095297745177,0,-1.2240600859742226,4.4526910839765375,-2.2734238100343593,-1.1974840613837774,4.465766901093584
95.14,-1.2053374184977017,4.456138908573658,-2.2406251435879554,0.10250500066991632,0.2551354068970536,0.1035428551416473,0.24000002919410957,0.5540743470191956,0.7857235670089722,10.628856061515087,0,-1.231532629355077,4.443609417836844,-2.245583782161255,-1.2053374184977017,4.456138908573658
95.24000000000001,-1.2116114608478883,4.448006959846537,-2.2154137151739577,0.10354030395273904,0.2400372340225555,0.10291912198188147,0.24909613796281205,0.5540743470191956,0.7857235670089722,10.638493603835132,0,-1.2374609676764607,4.436010929387299,-2.221365937134575,-1.2116114608478883,4.448006959846537
95.36,-1.218933441844119,4.437969209810622,-2.1866103874926646,0.10354274767483082,0.24000159640871707,0.10354225893027813,0.2400087239465276,0.5504578351974487,0.7834780812263489,10.65065838398992,0,-1.2446882413778755,4.426225818705288,-2.192523563383262,-1.218933441844119,4.437969209810622
95.46000000000001,-1.2248123172386034,4.429446019665849,-2.1626102886013343,0.10354285181928363,0.24000007763544706,0.10354285181908285,0.2400000776489608,0.5504578351974487,0.7834780812263489,10.66160810083117,0,-1.2509480389170284,4.417241875602599,-2.166603466708579,-1.2248123172386034,4.429446019665849
95.58,-1.231594458421067,4.419035637563299,-2.1338102828857437,0.10354285696544484,0.24000000258726265,0.10354285696518861,0.240000002601215,0.5417366027832031,0.8192707896232605,10.673368866600086,0,-1.257409728340154,4.407415269816756,-2.1387634897496506,-1.231594458421067,4.419035637563299
95.68,-1.2370382454899478,4.410178642856592,-2.1104251524334168,0.10459691950777886,0.224628257178225,0.10459691950588379,0.224628257406434,0.5417366027832031,0.8192707896232605,10.683951204173407,0,-1.2629930533513667,4.398425700842944,-2.1142693265171864,-1.2370382454899478,4.410178642856592
95.8,-1.2433406168696561,4.399326487885238,-2.0834437832679265,0.10457348043790031,0.22497007694728705,0.10457348043768633,0.22497007696298255,0.5249348878860474,0.8387181162834167,10.695848482729042,0,-1.2690100932562989,4.388162150394254,-2.088189245146895,-1.2433406168696561,4.399326487885238
95.9,-1.2484042408892977,4.39009557062819,-2.061987876929616,0.10562333055532531,0.20965976273483916,0.10562333055510464,0.20965976274989195,0.5158722400665283,0.8666687607765198,10.705339912830125,0,-1.2736231305329504,4.379867143917587,-2.068199308302319,-1.2484042408892977,4.39009557062819
96.02000000000001,-1.2542402726843551,4.37884715255095,-2.0367965584373353,0.10560128692393614,0.20998123235926458,0.10560128692378434,0.2099812323747008,0.5158722400665283,0.8666687607765198,10.718616186160471,0,-1.2797985989935068,4.36811456876,-2.0413333335642903,-1.2542402726843551,4.37884715255095
96.14,-1.259790786485578,4.367455780391729,-2.0115968327802105,0.10560000208568784,0.20999996958371892,0.10560001994819324,0.20999970909763022,0.5062362551689148,0.9168812036514282,10.731061754460221,0,-1.285298873851907,4.356950378382468,-2.016133806953373,-1.259790786485578,4.367455780391729
96.24000000000001,-1.2641957455667214,4.357858601579194,-1.9905968353546923,0.10560000008942387,0.20999999869590194,0.10560000128698732,0.20999998124271446,0.5062362551689148,0.9168812036514282,10.741847956402232,0,-1.2898369291367398,4.34716527712772,-1.9942938550626246,-1.2641957455667214,4.357858601579194
96.36,-1.2692142354285112,4.3462230592189375,-1.965396835469303,0.10560000000338021,0.20999999995070504,0.10560000002026726,0.20999999971405003,0.49061694741249084,0.9501018524169922,10.753878661527299,0,-1.2946451384065547,4.336137177136154,-1.9699339082824447,-1.2692142354285112,4.3462230592189375
96.46000000000001,-1.2731843110330507,4.336401978608558,-1.944883222705695,0.10664225837760483,0.1948003986599297,0.10643380670096736,0.1978403191429945,0.49061694741249084,0.9501018524169922,10.764271929737067,0,-1.2985864356794652,4.326520202565806,-1.9492044558088213,-1.2731843110330507,4.336401978608558
96.58,-1.277743557263286,4.3243830327622526,-1.9223507104869528,0.10767515914936837,0.17973726240504448,0.10767515914880121,0.17973726243514232,0.4933687746524811,0.9981738924980164,10.777332803517783,0,-1.3032685866862146,4.314327422494559,-1.9257395720070702,-1.277743557263286,4.3243830327622526
96.68,-1.2813600266772573,4.3142421931691395,-1.9043629017730581,0.10765791530567202,0.17998873512561628,0.10765791530555902,0.17998873513613844,0.4933687746524811,0.9981738924980164,10.787513718289725,0,-1.3067230139621255,4.304750473200081,-1.9084727667079346,-1.2813600266772573,4.3142421931691395
96.8,-1.2854577189008984,4.301990644083536,-1.8827635537870349,0.10765716555256051,0.179999669025159,0.10765716555252158,0.17999966903742282,0.4890816807746887,1.03569757938385,10.799390265874711,0,-1.3105429836102713,4.293505020144482,-1.8883135513502165,-1.2854577189008984,4.301990644083536
96.9,-1.288669665605809,4.291715387610758,-1.864763568966444,0.10765714361348559,0.1799999889700017,0.107657143613471,0.1799999889812165,0.47077855467796326,1.101366639137268,10.809994313174808,0,-1.3137614858554425,4.283401205892402,-1.870313614152549,-1.288669665605809,4.291715387610758
97.02000000000001,-1.2923103341104671,4.279225670451098,-1.8444888664338708,0.1086898419150423,0.16493980540563305,0.1086898419148774,0.16493980541820719,0.47077855467796326,1.101366639137268,10.823224607876657,0,-1.3175297557941656,4.270718901702441,-1.8490405798438223,-1.2923103341104671,4.279225670451098
97.14,-1.295749747120879,4.2665282406588805,-1.826335352881305,0.10971504059024606,0.1499889913922448,0.10972852183852577,0.1497923898610698,0.4617008864879608,1.1846957206726074,10.835761384267373,0,-1.3208660086461674,4.25863419321699,-1.8312048461693833,-1.295749747120879,4.2665282406588805
97.24000000000001,-1.2984432700752289,4.2558926128565675,-1.8113364537409924,0.10971431087112404,0.14999963312944098,0.1097150405902747,0.1499889914033381,0.4617008864879608,1.1846957206726074,10.847465270801615,0,-1.3237865901119554,4.247300563440606,-1.815008039810199,-1.2984432700752289,4.2558926128565675
97.36,-1.301464456405339,4.243078407837262,-1.7933364894449817,0.10971428710194824,0.1499999797632548,0.10971429660955323,0.1499998411202963,0.4543796479701996,1.2242612838745117,10.860469293503437,0,-1.3268158175698153,4.234654283851809,-1.7970082026527092,-1.301464456405339,4.243078407837262
97.46000000000001,-1.3038102990127638,4.232339223735928,-1.7786439259242484,0.1107683481251911,0.13462825650762966,0.11024131761194766,0.14231411835763375,0.4543796479701996,1.2242612838745117,10.87174978563302,0,-1.3292624168242813,4.223642306065161,-1.781544636718825,-1.3038102990127638,4.232339223735928
97.58,-1.3064477597770956,4.219312632149107,-1.762471807866053,0.1107444520162363,0.1349767414298872,0.1107444520161538,0.13497674144186123,0.45828765630722046,1.3146543502807617,10.88401944305374,0,-1.3317374639824204,4.211624875608243,-1.766453739101994,-1.3064477597770956,4.219312632149107
97.68,-1.3084950267727817,4.208378132114112,-1.7497052657933037,0.1117889264159104,0.11974482310130641,0.1117889264149019,0.11974482323179325,0.45828765630722046,1.3146543502807617,10.894563461755897,0,-1.3337228542438786,4.2012694636946035,-1.7538736071429144,-1.3084950267727817,4.208378132114112
97.8,-1.3107870900700502,4.195161936092647,-1.735320173023384,0.11177208999070924,0.11999035430215689,0.11177208999053612,0.1199903543114278,0.4556373059749603,1.400046706199646,10.909176464782131,0,-1.336268402255988,4.186879882645707,-1.738052586931441,-1.3107870900700502,4.195161936092647
97.9,-1.312551520054463,4.184124975985915,-1.7233206154344443,0.11177145061374914,0.11999967854949159,0.11177145061362914,0.1199996785578028,0.4534686207771301,1.4762184619903564,10.918917580275222,0,-1.3378385706096045,4.17726614755517,-1.7274930790298708,-1.312551520054463,4.184124975985915
98.02000000000001,-1.3144938223553944,4.170853900382231,-1.7089206274897928,0.11177142995053235,0.11999997988806975,0.1117714299506023,0.11999997989564637,0.4534686207771301,1.4762184619903564,10.932643584005385,0,-1.3398785783541656,4.163692586975772,-1.712613116766584,-1.3144938223553944,4.170853900382231
98.14,-1.3162481476669687,4.15753167081161,-1.6948820725988123,0.11383682659546003,0.08987961214954104,0.11239104800959687,0.11096388331743867,0.4370841979980469,1.5923887491226196,10.946370766268574,0,-1.3417185394848865,4.150089275764004,-1.6977477585528669,-1.3162481476669687,4.15753167081161
98.24000000000001,-1.3176062831582134,4.146229428523242,-1.6858927369729513,0.1138289728881508,0.08999414538113422,0.1138344704832539,0.08991397212415597,0.4370841979980469,1.5923887491226196,10.958094120477337,0,-1.343151021992368,4.138453768565351,-1.6879971211932128,-1.3176062831582134,4.146229428523242
98.36,-1.3191016717557724,4.132652129487722,-1.6750933031441504,0.11382858322391116,0.08999982798462883,0.11382873908958313,0.08999755494815131,0.4274066686630249,1.70433509349823,10.970752457824814,0,-1.3445670898127282,4.125874887202898,-1.677917718052405,-1.3191016717557724,4.132652129487722
98.46000000000001,-1.3202357581641972,4.1213259460683656,-1.666093316393803,0.11382857193429662,0.08999999262484096,0.11382857645012567,0.08999992677366508,0.4274066686630249,1.70433509349823,10.983410750771062,0,-1.345856291661243,4.113282415685884,-1.6678377408172413,-1.3202357581641972,4.1213259460683656
98.58,-1.3214620404614956,4.1077217405347435,-1.6552933169944357,0.11382857144768786,0.08999999972121867,0.11382857144768277,0.08999999972530981,0.43874189257621765,1.7973105907440186,10.995616964331713,0,-1.3469791788817043,4.101127960791553,-1.658117746886841,-1.3214620404614956,4.1077217405347435
98.68,-1.3223768953815789,4.096329732977423,-1.6469620994605398,0.11487082980694152,0.07480039864876947,0.11487082980585761,0.07480039882323819,0.43874189257621765,1.7973105907440186,11.006948152791844,0,-1.3479177609362147,4.089835711429891,-1.6494832552767258,-1.3223768953815789,4.096329732977423
98.8,-1.3233722512873642,4.082514975992204,-1.638950092333385,0.11590373057797261,0.059737262404565984,0.11590373057788206,0.059737262407266734,0.4369068145751953,1.924134612083435,11.021627412566778,0,-1.349004355195,4.075196723061266,-1.6406934762232754,-1.3233722512873642,4.082514975992204
98.9,-1.3241269052691227,4.070950256636548,-1.632961197726557,0.1158863953023434,0.059990068507492035,0.11588639530217826,0.05999006851109545,0.4378208518028259,2.0426604747772217,11.031778892997611,0,-1.349686296448207,4.065068173754245,-1.6354254770592411,-1.3241269052691227,4.070950256636548
99.02000000000001,-1.324940863455803,4.057067817473275,-1.625761563742348,0.11588575185089817,0.05999945217440168,0.11588575185095262,0.05999945218021496,0.4378208518028259,2.0426604747772217,11.046543350586152,0,-1.3505826944564507,4.050330952900412,-1.6277459986444183,-1.324940863455803,4.057067817473275
99.14,-1.3256548477126187,4.043179901951365,-1.6185615763861902,0.11588571435476908,0.059999998992951026,0.11588571530110059,0.059999985195791083,0.4163212180137634,2.1215832233428955,11.059923610868983,0,-1.3512972713377955,4.03696978734059,-1.6207860154993365,-1.3256548477126187,4.043179901951365
99.24000000000001,-1.3261734389840156,4.031602957271872,-1.6125615764787533,0.11588571428867502,0.05999999995682277,0.11588571434164585,0.05999999919015231,0.4163212180137634,2.1215832233428955,11.071458322859204,0,-1.3518386354956236,4.025447786405598,-1.6147860147624862,-1.3261734389840156,4.031602957271872
99.36,-1.3267082500422327,4.017640230981279,-1.6063343509544767,0.11797023104073913,0.029600797322554183,0.1175533276873697,0.035680638184043545,0.4097735583782196,2.2409496307373047,11.08531606480308,0,-1.3524000805928535,4.0116014225801795,-1.6077646682812876,-1.3267082500422327,4.017640230981279
99.46000000000001,-1.3271099042868426,4.005850890668004,-1.6033620444389192,0.11794403079872882,0.02998288418520451,0.11794927084731732,0.02990646680911535,0.4097735583782196,2.2409496307373047,11.098022180625625,0,-1.352847999910171,3.998903204296457,-1.604421023817377,-1.3271099042868426,4.005850890668004
99.58,-1.327545281975196,3.991704366887039,-1.5997633078323068,0.11794290150710002,0.02999935302145805,0.11794290150699549,0.02999935302366863,0.42630162835121155,2.361220359802246,11.1107310313566,0,-1.3532543925177236,3.9862008528625403,-1.6011823443725688,-1.327545281975196,3.991704366887039
99.68,-1.3278691949423669,3.9799145316142956,-1.596763347513255,0.11794285862133062,0.02999997843892846,0.11794285862145593,0.029999978440886643,0.42630162835121155,2.361220359802246,11.123439783461054,0,-1.3536196309232444,3.973497350158184,-1.5979423929158267,-1.3278691949423669,3.9799145316142956
99.8,-1.3282112007764666,3.9657655291447815,-1.593163348787453,0.11794285721475724,0.029999998951456847,0.11794285721482556,0.029999998954755025,0.4283807575702667,2.4103598594665527,11.136619225746148,0,-1.353954920597673,3.9603221735073615,-1.594582392761335,-1.3282112007764666,3.9657655291447815
99.9,-1.328468538369357,3.953835994818006,-1.5922304945893198,0.11997262609876538,-0.0003992027263380808,0.11997262609826365,-0.00039920259098380484,0.42989441752433777,2.463301420211792,11.148472966219511,0,-1.3542226798800794,3.948471457572173,-1.5925921896303916,-1.328468538369357,3.953835994818006
100.02000000000001,-1.3287773130975693,3.9394402851512105,-1.5922447752686726,0.11999882634398457,-1.7115816891745215e-05,0.11999882634405878,-1.711581654184613e-05,0.42989441752433777,2.463301420211792,11.164311738489118,0,-1.3545679716387153,3.9326364495011332,-1.5926127915309833,-1.3287773130975693,3.9394402851512105
100.14,-1.3290861506760572,3.9250436205881347,-1.5922451139304974,0.11999999809788285,-2.7739208383422994e-08,0.11999995988194456,-5.850536721752064e-07,0.4262959957122803,2.490828275680542,11.178711714226186,0,-1.3548819653831374,3.918239897512667,-1.5926131985320078,-1.3290861506760572,3.9250436205881347
100.24000000000001,-1.3293435163996719,3.913046380974734,-1.5922451167049465,0.11999999809788285,-2.7739208383422994e-08,0.11999999810681228,-2.7744750941138818e-08,0.4262959957122803,2.490828275680542,11.19023171407266,0,-1.3551331615627313,3.9067226366863204,-1.592613201196302,-1.3293435163996719,3.913046380974734
100.36,-1.329622844050913,3.8988919489990077,-1.5887042220681347,0.1179399462959532,0.030042449850682443,0.11792686226390625,0.030233258663525664,0.4230313003063202,2.499264717102051,11.20392746791614,0,-1.3554169093949069,3.893029822493871,-1.590005253463442,-1.329622844050913,3.8988919489990077
100.46000000000001,-1.3298191951680087,3.8870345324297553,-1.5866740438900344,0.11997276766055988,-0.0003971382835016356,0.11956620338466895,0.005690779672773427,0.4230313003063202,2.499264717102051,11.215234726763514,0,-1.3556184790151597,3.8817243604365426,-1.5872380822549819,-1.3298191951680087,3.8870345324297553
100.58,-1.330048075505898,3.8726382570784783,-1.5867018299054936,0.11999897061638751,-1.5011844348759129e-05,0.11999897061647502,-1.5011844545220754e-05,0.43198615312576294,2.5167596340179443,11.229625452402031,0,-1.3558528337366633,3.867335543172168,-1.58706633180071,-1.330048075505898,3.8726382570784783
100.68,-1.3302389404763524,3.860639845927859,-1.5867028631557754,0.11999997333546315,-3.888578289320282e-07,0.1199997727953761,-3.3134900379039323e-06,0.43198615312576294,2.5167596340179443,11.2430653765703,0,-1.3560713690745156,3.853897395831298,-1.587067603416792,-1.3302389404763524,3.860639845927859
100.8,-1.330467985162057,3.8462416692218246,-1.5867028865094055,0.11999999833170179,-2.4329348768072702e-08,0.11999999833660624,-2.4332202919197243e-08,0.4316820800304413,2.552898645401001,11.256025375113072,0,-1.3562821071612965,3.8409391107716373,-1.5870676279322824,-1.330467985162057,3.8462416692218246
100.9,-1.3306503598645942,3.8343689722792096,-1.584866843503063,0.11790166400384228,0.030600733277300052,0.1179016640051378,0.03060073306165867,0.42853009700775146,2.5540904998779297,11.267943061000448,0,-1.3564734324145675,3.8290229607407924,-1.5862940935032446,-1.3306503598645942,3.8343689722792096
101.02000000000001,-1.3308237506231118,3.82021841753135,-1.5812447040064497,0.11794058491076219,0.03003313671805126,0.11794058491065851,0.03003313672006458,0.42853009700775146,2.5540904998779297,11.282532153143373,0,-1.3566716990787968,3.814435215888191,-1.582542731994805,-1.3308237506231118,3.82021841753135
101.14,-1.3309632621168257,3.805881444404045,-1.5804720872836466,0.11994908487764148,-0.0007425122010616302,0.11994908487782396,-0.0007425122017234997,0.43734654784202576,2.6037094593048096,11.29728324820944,0,-1.3568259100504196,3.7996849269207034,-1.5808104721349878,-1.3309632621168257,3.805881444404045
101.24000000000001,-1.3310794200513547,3.793882447995441,-1.5804785238294274,0.11999752393090518,-3.6109340966106026e-05,0.11999752393083707,-3.610933912989722e-05,0.43734654784202576,2.6037094593048096,11.30880253640286,0,-1.3569412617806087,3.788166216295751,-1.580822421088974,-1.3310794200513547,3.793882447995441
101.36,-1.3312188444197164,3.7794831412683885,-1.5804787904951516,0.11999999483722901,-7.52904101403631e-08,0.11999996830920345,-4.621875104859896e-07,0.4307591915130615,2.6202404499053955,11.324162494697388,0,-1.357095116556747,3.7728070285725184,-1.5808231209752635,-1.3312188444197164,3.7794831412683885
101.46000000000001,-1.3313340408986503,3.767512879233857,-1.5800532071902629,0.11895774187363187,0.015199597676201758,0.11927041776500502,0.010639695572356445,0.4307591915130615,2.6202404499053955,11.336139016191003,0,-1.3572146816522794,3.7608311039203266,-1.5805862928828234,-1.3313340408986503,3.767512879233857
101.58,-1.3314507295563425,3.7532880117451315,-1.577506224768879,0.1179248408614034,0.03026273743786715,0.11792484086221577,0.030262737311659293,0.4234329164028168,2.610438108444214,11.3489391655651,0,-1.3573286367193749,3.7480314618065056,-1.5785878282321557,-1.3314507295563425,3.7532880117451315
101.68,-1.3315141885507589,3.7414310299445592,-1.5754736578662245,0.11994578730822604,-0.0007906017550369715,0.11954159801566,0.00542006640902315,0.4234329164028168,2.610438108444214,11.362147292013058,0,-1.3574095778667603,3.7348235833699106,-1.5755217015241267,-1.3315141885507589,3.7414310299445592
101.8,-1.3315820066901904,3.7270342703532164,-1.57551858436087,0.11999615273197364,-5.6105992051008533e-05,0.1199961527319271,-5.610598985406057e-05,0.4208764433860779,2.6445937156677246,11.37558562415009,0,-1.3574726268105857,3.7213853991378083,-1.5755079627285962,-1.3315820066901904,3.7270342703532164
101.9,-1.3316386987108757,3.7150346091138027,-1.5755215716325124,0.11999990034267227,-1.4533360293491326e-06,0.11999990034250452,-1.4533363401625365e-06,0.4349484145641327,2.696204423904419,11.387105407357248,0,-1.3575268171873796,3.709865743390219,-1.5755116002751903,-1.3316386987108757,3.7150346091138027
102.02000000000001,-1.3317067425936417,3.700634773688703,-1.5755216272164836,0.11999999292769943,-1.0313771654389204e-07,0.11999999293113017,-1.0315109877367945e-07,0.4349484145641327,2.696204423904419,11.402465402707827,0,-1.3575990920351,3.69450591808144,-1.5755116782852174,-1.3317067425936417,3.700634773688703
102.14,-1.3317527404666343,3.686460792086109,-1.5722267261361422,0.1179416954516014,0.030016941330812983,0.11790799851734146,0.030508354954827954,0.43048354983329773,2.6874003410339355,11.415709513926863,0,-1.357651153171748,3.6812619091860843,-1.5732810044630625,-1.3317527404666343,3.686460792086109
102.24000000000001,-1.331751909594526,3.6746666269980266,-1.5692250320025372,0.11996519087894116,-0.0005076330154413933,0.11794169545173983,0.030016941333366187,0.43048354983329773,2.6874003410339355,11.427476132918672,0,-1.3576623727897061,3.669495295543299,-1.5702714401741495,-1.331751909594526,3.6746666269980266
102.36,-1.3317297040303064,3.6602699003268246,-1.5692725182586094,0.11999807991320986,-2.800126568948476e-05,0.1199882132030039,-0.0001718907974290751,0.43760934472084045,2.706756114959717,11.442763978412241,0,-1.3576405989875497,3.6542074655554697,-1.5692500180248152,-1.3317297040303064,3.6602699003268246
102.46000000000001,-1.331711435159161,3.6482700838779487,-1.5692749922425338,0.11999994358566296,-8.227090817047411e-07,0.11999863901503982,-1.9847699317399048e-05,0.43760934472084045,2.706756114959717,11.45380382485525,0,-1.3576234328009815,3.6431676324585776,-1.569252593870243,-1.331711435159161,3.6482700838779487
102.58,-1.3316895285773283,3.6338701049655384,-1.569275056767416,0.11999999688815977,-4.538100336506996e-08,0.11999999689140672,-4.5384807023651774e-08,0.4269081652164459,2.6831610202789307,11.469163813766444,0,-1.3575995711152393,3.627807662081914,-1.5692527801123342,-1.3316895285773283,3.6338701049655384
102.68,-1.3316712733689025,3.6218701190656652,-1.5692750599020429,0.11999999989629545,-1.51235782427314e-09,0.11999999929721561,-1.02873265461767e-08,0.4269081652164459,2.6831610202789307,11.481643813560751,0,-1.357580183881183,3.6153276773463037,-1.569252783602966,-1.3316712733689025,3.6218701190656652
102.8,-1.3316493671350587,3.607470135734161,-1.5692750599919896,0.11999999999427961,-8.342233851401732e-11,0.11999999999667832,-8.243405957841787e-11,0.43119490146636963,2.6592040061950684,11.496043813557373,0,-1.357557814014989,3.6009276947250712,-1.5692527836976466,-1.3316493671350587,3.607470135734161
102.9,-1.3316256335606815,3.5955876681405075,-1.5675614188977118,0.11790166394099676,0.030600734193797125,0.11790166394256563,0.030600733934849078,0.42920511960983276,2.6963462829589844,11.50653063904125,0,-1.35754052358509,3.5904408834952304,-1.568610381878824,-1.3316256335606815,3.5955876681405075
103.02000000000001,-1.3315541068580425,3.5814363875897692,-1.5639370089776243,0.1179405849072956,0.03003313676860565,0.1179405849071502,0.030033136770024615,0.42920511960983276,2.6963462829589844,11.521590238572761,0,-1.3574779534031807,3.5753814139487337,-1.564736630130225,-1.3315541068580425,3.5814363875897692
103.14,-1.3314495278048755,3.5670738368029946,-1.563516529746191,0.11999823752402056,-2.570277470014455e-05,0.11996282717201545,-0.0005421037480024538,0.42800575494766235,2.6156225204467773,11.535899211459244,0,-1.3573757400944881,3.5610728061371533,-1.563483638468003,-1.3314495278048755,3.5670738368029946
103.24000000000001,-1.3313621877159472,3.5550743309049526,-1.5635191000237472,0.11999823752402056,-2.570277470014455e-05,0.11999823752386618,-2.570277546354305e-05,0.42800575494766235,2.6156225204467773,11.546938933738826,0,-1.3572949393418123,3.550033379555637,-1.5634883028387156,-1.3313621877159472,3.5550743309049526
103.36,-1.331257398785934,3.540674724716344,-1.5635192827767723,0.119999996760101,-4.724852719839534e-08,0.11999997456313416,-3.709788032324468e-07,0.4204271137714386,2.5941288471221924,11.561338898377246,0,-1.3571895694668816,3.5356338004375796,-1.5634888962254117,-1.331257398785934,3.540674724716344
103.46000000000001,-1.331170075058779,3.5286750427454106,-1.563519287134046,0.1199999999160756,-1.2238975624685714e-09,0.11999999739362721,-3.8049563499953365e-08,0.4204271137714386,2.5941288471221924,11.574778898075124,0,-1.357091225184945,3.5221941605509914,-1.5634889013326025,-1.331170075058779,3.5286750427454106
103.58,-1.3310652866135204,3.5142754240287646,-1.5635192872355417,0.11999999999474917,-7.657459471877274e-11,0.11999999999647848,-7.66053886991358e-11,0.43217507004737854,2.5913503170013428,11.587738898070656,0,-1.3569963932293436,3.509234507516114,-1.5634889014368825,-1.3310652866135204,3.5142754240287646
103.68,-1.3309779629095586,3.5022757417592927,-1.5635192872397392,0.11999999999971037,-4.2238891217912125e-12,0.12000000000140787,-3.885780586188048e-12,0.43217507004737854,2.5913503170013428,11.600698898071956,0,-1.3569015612743736,3.4962748544754647,-1.5634889014415663,-1.3309779629095586,3.5022757417592927
103.8,-1.3308731744648228,3.487876123035701,-1.5635192872400483,0.11999999999998757,-1.810992460967982e-13,0.1200000000005419,-2.4980018054066022e-12,0.44061678647994995,2.5890400409698486,11.614618898073328,0,-1.3567997047302607,3.4823552271355322,-1.5634889014412134,-1.3308731744648228,3.487876123035701
103.9,-1.3307830258714213,3.4759395740181147,-1.5625989328454006,0.11894816639617645,0.01533924005576009,0.11894816639621553,0.015339240045375568,0.4337269961833954,2.5729711055755615,11.626091369896363,0,-1.3567146519629736,3.470883070592095,-1.562945227888281,-1.3307830258714213,3.4759395740181147
104.02000000000001,-1.330653012494611,3.461664453891536,-1.5607864304514412,0.11897014541936805,0.015018712634215869,0.118970145419528,0.015018712635761489,0.4337269961833954,2.5729711055755615,11.641776443253995,0,-1.3565755096399943,3.4551986144125437,-1.5609473671935694,-1.330653012494611,3.461664453891536
104.14,-1.330506682672692,3.4472788722729275,-1.5606253962092664,0.1199993374204079,-9.662619051527162e-06,0.11999026404294622,-0.00014198270975596117,0.4415957033634186,2.5349535942077637,11.655189678767412,0,-1.3564388076091123,3.4417860755218954,-1.5605956255938163,-1.330506682672692,3.4472788722729275
104.24000000000001,-1.3303846400459434,3.4352795565779024,-1.560626324956104,0.11999998053265684,-2.8389875425273767e-07,0.1199994017315742,-8.724745370614073e-06,0.4415957033634186,2.5349535942077637,11.666709623474414,0,-1.3563211892558291,3.430266731270794,-1.560596554654263,-1.3303846400459434,3.4352795565779024
104.36,-1.3302381947950235,3.420880303074666,-1.5606263514642083,0.1199999990532776,-1.3806368302780197e-08,0.11999999349887602,-9.484857343977637e-08,0.43474170565605164,2.5368940830230713,11.681109614928198,0,-1.3561741741142177,3.4158674903040906,-1.5605966980822576,-1.3302381947950235,3.420880303074666
104.46000000000001,-1.3301161572026765,3.4088809237019473,-1.5606263523753816,0.11999999994777835,-7.615654917891405e-10,0.11999999985981002,-2.066957716095885e-09,0.43474170565605164,2.5368940830230713,11.693589614862468,0,-1.3560467611639457,3.4033881407898146,-1.5605966992045828,-1.3301161572026765,3.4088809237019473
104.58,-1.3299674627506788,3.394540271149035,-1.559772118371914,0.11895399910938186,0.01525417965484788,0.11895399910955007,0.015254179607793183,0.4255732595920563,2.536294937133789,11.7079423155599,0,-1.3558991642092744,3.38903619902401,-1.5600547545736232,-1.3299674627506788,3.394540271149035
104.68,-1.3298291289126067,3.382592317065531,-1.5590550372127956,0.11998006223338335,-0.00029075909649277864,0.11998006223306046,-0.00029075900270791877,0.4255732595920563,2.536294937133789,11.72034347842442,0,-1.3557569253124209,3.376635851912393,-1.559015507524278,-1.3298291289126067,3.382592317065531
104.8,-1.3296602539535576,3.3681944664549732,-1.559071939867999,0.11999933555816078,-9.68977682185641e-06,0.11999933555810749,-9.689775648524801e-06,0.4288923740386963,2.528968095779419,11.735222334734997,0,-1.3555817050676717,3.361758027374623,-1.5590346997093874,-1.3296602539535576,3.3681944664549732
104.9,-1.3295195683864622,3.3561953171574905,-1.5590723188592597,0.11999996768732299,-4.712265396388315e-07,0.11999996768889964,-4.712474854784432e-07,0.4303881824016571,2.5195438861846924,11.745782310281303,0,-1.3554574039315468,3.3511987834260197,-1.5590351099370003,-1.3295195683864622,3.3561953171574905
105.02000000000001,-1.3293507467333086,3.341796307869604,-1.5590723344472777,0.11999999992358037,-1.1144527944654477e-09,0.11999999821772356,-2.602140725116442e-08,0.4303881824016571,2.5195438861846924,11.760662308922004,0,-1.3552822537347706,3.3363198156541665,-1.5590351327532317,-1.3293507467333086,3.341796307869604
105.14,-1.329181925113573,3.3273972975273374,-1.5590723346635829,0.1199999999967235,-4.778216356270607e-11,0.11999999995346844,-6.869504964868156e-10,0.42172062397003174,2.495652914047241,11.775062308891565,0,-1.3551127536078809,3.3219208132987834,-1.5590351332808543,-1.329181925113573,3.3273972975273374
105.24000000000001,-1.3290412404309784,3.315398122230069,-1.5590723346678212,0.1199999999998908,-1.5923783866881024e-12,0.11999999999814381,-3.3584246494910985e-11,0.42172062397003174,2.495652914047241,11.787062308891992,0,-1.3549715035029606,3.3099216446434925,-1.559035133285304,-1.3290412404309784,3.315398122230069
105.36,-1.3288718841376326,3.3010324728522487,-1.5585859474336277,0.11895774162256487,0.015199601337595587,0.11916619329974676,0.012159680857493083,0.4220552444458008,2.5110738277435303,11.801443448263834,0,-1.3548022218041713,3.2955415016212966,-1.558859089961208,-1.3288718841376326,3.3010324728522487
105.46000000000001,-1.3287181022036665,3.2891048773992773,-1.557560234430959,0.11998315736364681,-0.0002456217801505892,0.11977807421381659,0.0028434230600615784,0.4220552444458008,2.5110738277435303,11.81382171299276,0,-1.3546445141519297,3.283164241585416,-1.5575143872741162,-1.3287181022036665,3.2891048773992773
105.58,-1.3285276911377994,3.274707260251833,-1.5575766231397374,0.1199991809205317,-1.1944908912578788e-05,0.11999918092053807,-1.194490756306621e-05,0.41642847657203674,2.509765625,11.828700621992057,0,-1.3544469411248234,3.268286644403468,-1.5575326949982453,-1.3285276911377994,3.274707260251833
105.68,-1.3283690657544813,3.262708355646268,-1.5575773074988606,0.11999997593451223,-3.509550300865453e-07,0.11999997593397094,-3.510117196903195e-07,0.41642847657203674,2.509765625,11.840700578434465,0,-1.3542876698411153,3.2562877449840277,-1.5575334257576392,-1.3283690657544813,3.262708355646268
105.8,-1.3281787176486082,3.2483096151017863,-1.5575773269140767,0.1199999988296638,-1.706740283465483e-08,0.11999999883061108,-1.706912389209947e-08,0.4025392234325409,2.4991846084594727,11.854140577206257,0,-1.354109288577223,3.2428489300396044,-1.557533446371611,-1.3281787176486082,3.2483096151017863
105.9,-1.3280200942736928,3.236310663563849,-1.5575773272888862,0.1199999999169457,-1.2112085024750852e-09,0.1199999999174084,-1.210420652597577e-09,0.4052063226699829,2.4955053329467773,11.866620577173052,0,-1.3539436488925325,3.2303700293401816,-1.557533446941248,-1.3280200942736928,3.236310663563849
106.02000000000001,-1.3278297462250876,3.221911921690356,-1.5575773273305604,0.1199999999998654,-1.9629775930901714e-12,0.11999999999834365,-3.108624468950438e-11,0.4052063226699829,2.4955053329467773,11.881500577170735,0,-1.353746155424297,3.2154913400074125,-1.5575334469922566,-1.3278297462250876,3.221911921690356
106.14,-1.3276393981765444,3.2075131798140117,-1.5575773273305595,0.11999999999999422,-8.416266430374109e-14,0.12000000000036426,-2.7755575615628914e-13,0.40902844071388245,2.5024917125701904,11.895420577171315,0,-1.3535614034702825,3.201572566112718,-1.5575334469920987,-1.3276393981765444,3.2075131798140117
106.24000000000001,-1.3274807748027584,3.195514228250392,-1.5575773273305276,0.11999999999999968,-4.642450456566192e-15,0.12000000000029765,5.551115123125783e-13,0.40902844071388245,2.5024917125701904,11.907420577171743,0,-1.3534021345444383,3.1895736231001215,-1.5575334469918154,-1.3274807748027584,3.195514228250392
106.36,-1.3272904267542152,3.181115486374071,-1.5575773273303979,0.11999999999999998,-1.547133326979816e-16,0.12000000000003119,5.551115123125783e-13,0.4091425836086273,2.5513408184051514,11.920860577172142,0,-1.3532237533475202,3.1761348069260937,-1.5575334469915296,-1.3272904267542152,3.181115486374071
106.46000000000001,-1.3271318033804267,3.1691165348104904,-1.557577327330215,0.12,-5.8481706892161675e-18,0.1200000000000534,2.7755575615628914e-13,0.4091425836086273,2.5513408184051514,11.933340577172435,0,-1.3530581136646895,3.163655906193145,-1.5575334469911082,-1.3271318033804267,3.1691165348104904
106.58,-1.3269414553318772,3.1547177929341728,-1.557577327330215,0.12,-2.8440420122788794e-19,0.12000000000014222,-2.7755575615628914e-13,0.40743952989578247,2.8864591121673584,11.948220577172743,0,-1.3528606201967222,3.1487772168577477,-1.5575334469908848,-1.3269414553318772,3.1547177929341728
106.68,-1.3267828319580859,3.1427188413705904,-1.5575773273302043,0.12,-1.0750491147118633e-20,0.11999999999987576,2.7755575615628914e-13,0.40743952989578247,2.8864591121673584,11.95926057717293,0,-1.35271409278502,3.1377381892863636,-1.5575334469907525,-1.3267828319580859,3.1427188413705904
106.8,-1.3265924839095407,3.1283200994942906,-1.5575773273303979,0.12,-4.609273079327113e-22,0.11999999999996458,-1.942890293094024e-12,0.40203216671943665,2.8708934783935547,11.975100577173157,0,-1.3525038578030344,3.121899584510074,-1.5575334469907776,-1.3265924839095407,3.1283200994942906
106.9,-1.3264338605357546,3.1163211479307154,-1.5575773273306883,0.12,-2.542495783443163e-23,0.11999999999992017,-3.0531133177191805e-12,0.398192435503006,2.899343490600586,11.985660577173288,0,-1.3523637011483918,3.1113405146592337,-1.5575334469909479,-1.3264338605357546,3.1163211479307154
107.02000000000001,-1.3262435124872183,3.101922406054413,-1.557577327331216,0.12,-3.632828015602467e-26,0.12000000000000899,-4.163336342344337e-12,0.398192435503006,2.899343490600586,12.001020577173456,0,-1.352159836923477,3.0959818676034883,-1.5575334469913569,-1.3262435124872183,3.101922406054413
107.14,-1.3260534618892963,3.087536251370319,-1.55776093173267,0.11895083197039026,-0.015300367098475246,0.11968524959165006,-0.004590110027347105,0.40308329463005066,2.8764472007751465,12.015899759594207,0,-1.3519623697527845,3.081103995570617,-1.5575646073995133,-1.3260534618892963,3.087536251370319
107.24000000000001,-1.3259074971245577,3.0756416756919824,-1.5592852924642913,0.11897029245364184,-0.015016568384389795,0.11896056221201157,-0.015158467746578808,0.40308329463005066,2.8764472007751465,12.026384135874402,0,-1.3518300275376727,3.0706204545885445,-1.558845709035436,-1.3259074971245577,3.0756416756919824
107.36,-1.3257544711237572,3.0613298265260935,-1.5605344914527122,0.11997677568677115,0.00033868790125411686,0.1198761273621951,-0.0011968379376448013,0.39585575461387634,2.8798177242279053,12.042122560318685,0,-1.351656997798814,3.054882981325727,-1.5604948829548533,-1.3257544711237572,3.0613298265260935
107.46000000000001,-1.3256311789530115,3.049331824484428,-1.5605145925520552,0.11999854694344718,2.119040806190976e-05,0.11999854694344503,2.11904069291613e-05,0.39585575461387634,2.8798177242279053,12.054120918737604,0,-1.3515331068469343,3.0428852625516885,-1.5604737112334208,-1.3256311789530115,3.049331824484428
107.58,-1.3254831116151669,3.0349326762364686,-1.5605132730625064,0.11999994507439925,8.009983442222583e-07,0.11999994506586287,8.011072361036042e-07,0.40250226855278015,2.829651117324829,12.068520810097207,0,-1.3513843075615624,3.0284861400110263,-1.5604723099661595,-1.3254831116151669,3.0349326762364686
107.68,-1.3253631745929273,3.022992034755315,-1.5613700566722424,0.11895083404658036,-0.015300336820703078,0.11895083404702689,-0.015300336750900811,0.40250226855278015,2.829651117324829,12.080008108530702,0,-1.351266980918409,3.016999440756715,-1.5610506813829235,-1.3253631745929273,3.022992034755315
107.8,-1.3252416068322166,3.0087168868096215,-1.5631832386073559,0.1189704270327081,-0.015014605773006742,0.11897042703266081,-0.015014605775909295,0.4111391007900238,2.8151345252990723,12.093823488415403,0,-1.351144472328103,3.003184604058299,-1.5628060953925373,-1.3252416068322166,3.0087168868096215
107.9,-1.3251541469652752,2.9967434784933777,-1.5635208032144343,0.11997944125716878,0.00029981499962182653,0.11997944125714533,0.00029981499893860786,0.40768685936927795,2.8022637367248535,12.106738373947895,0,-1.35104812910554,2.9902700778842255,-1.5634832265673855,-1.3251541469652752,2.9967434784933777
108.02000000000001,-1.3250492612054878,2.98234457866927,-1.5635103298760689,0.11999931486363737,9.991571955007144e-06,0.11999931486368354,9.991570903977731e-06,0.40768685936927795,2.8022637367248535,12.121137471865495,0,-1.3509425482636184,2.9758713670555967,-1.56347159130569,-1.3250492612054878,2.98234457866927
108.14,-1.3249557053136378,2.968057350283782,-1.5651501817251587,0.11897091246363005,-0.015007526572061763,0.11896040244607775,-0.01516079766561429,0.4056857228279114,2.791499614715576,12.13450145836775,0,-1.3508513085961198,2.962507692016315,-1.5647761055699434,-1.3249557053136378,2.968057350283782
108.24000000000001,-1.3248971579749464,2.956144086584481,-1.5664086541208848,0.11999074353473424,0.00013499011845885523,0.11937884489132689,-0.008950520033190745,0.4056857228279114,2.791499614715576,12.146889025315431,0,-1.350786347354366,2.950120295400384,-1.5663072155499775,-1.3248971579749464,2.956144086584481
108.36,-1.3248338747219235,2.941744984170497,-1.5663975923241849,0.11999954984596893,6.5647462863458855e-06,0.11999954984596162,6.5647484670527945e-06,0.408565878868103,2.7593460083007812,12.160323520174783,0,-1.3507266354394356,2.9366859332416064,-1.5663596322000464,-1.3248338747219235,2.941744984170497
108.46000000000001,-1.324781086667683,2.9297451313124463,-1.5663971397487357,0.1199999867739618,1.928797236795053e-07,0.11999989938995537,1.4672660308967522e-06,0.408565878868103,2.7593460083007812,12.172803477123452,0,-1.3506711379255063,2.924206099690369,-1.5663590767474558,-1.324781086667683,2.9297451313124463
108.58,-1.3247204214141586,2.915399458320157,-1.5671875054050697,0.11895774226575911,-0.015199591957679408,0.11895774226651223,-0.015199591854864192,0.41344326734542847,2.738255739212036,12.188130982142829,0,-1.3506043460944654,2.90887874019924,-1.5669338095235226,-1.3247204214141586,2.915399458320157
108.68,-1.3246894526792259,2.9035613648283793,-1.5695480086774671,0.11792850461101552,-0.030209307756023637,0.1179285046114753,-0.03020930768982133,0.41344326734542847,2.738255739212036,12.199058929599904,0,-1.3505708227741606,2.897950844161503,-1.568842550548058,-1.3246894526792259,2.9035613648283793
108.8,-1.3246869883779477,2.889255114420011,-1.570839264952488,0.11996575643623127,0.0004993853049604867,0.11996575643546947,0.0004993851876466948,0.41379278898239136,2.7098987102508545,12.213785566290696,0,-1.3505655568074744,2.8832242084122153,-1.5712031878939139,-1.3246869883779477,2.889255114420011
108.9,-1.3246873696176493,2.8772560478544156,-1.5708256524578366,0.11999853180720342,2.1411144950180868e-05,0.11999853180735265,2.1411145634253614e-05,0.41040700674057007,2.671598196029663,12.224824227422877,0,-1.3505697873221578,2.872185548090696,-1.5711859185928398,-1.3246873696176493,2.8772560478544156
109.02000000000001,-1.3246877838690445,2.8628560940754864,-1.570824978485229,0.11999999693871903,4.464368060295073e-08,0.11999994450420104,8.093681280740839e-07,0.41040700674057007,2.671598196029663,12.239704149355124,0,-1.350575424912889,2.8573056272264123,-1.571184911498557,-1.3246877838690445,2.8628560940754864
109.14,-1.3246881964147832,2.848456094448708,-1.5708249731241841,0.11999999993008857,1.019541602799806e-09,0.11999999693901309,4.469036252174874e-08,0.41569316387176514,2.635589599609375,12.25410414823007,0,-1.3505808775146426,2.8429056293837873,-1.5711848969571924,-1.3246881964147832,2.848456094448708
109.24000000000001,-1.3246885401701278,2.836456094460076,-1.5708249730301296,0.11999999999614365,5.6238373850954645e-11,0.11999999994340982,8.254508188088039e-10,0.41569316387176514,2.635589599609375,12.266104148182654,0,-1.3505854213060289,2.830905630291454,-1.5711848963317931,-1.3246885401701278,2.836456094460076
109.36,-1.3246903848289704,2.8220974027554044,-1.5714273807733437,0.1189673009896633,-0.015060193900743486,0.11896730099099084,-0.0150601936957373,0.4303276240825653,2.64229416847229,12.280489825499062,0,-1.3505912109067737,2.8165199541400754,-1.5714542687866428,-1.3246903848289704,2.8220974027554044
109.46000000000001,-1.3247068473518073,2.8102005574879545,-1.572931538150976,0.11897129101650215,-0.015002006009343392,0.11897049301108353,-0.015013643590022774,0.4303276240825653,2.64229416847229,12.293352985472794,0,-1.3506100833470291,2.8036568080108895,-1.573079142754098,-1.3247068473518073,2.8102005574879545
109.58,-1.3247475340484929,2.795866972837303,-1.5738840900444517,0.11999072265358739,0.00013529463518399015,0.11999072265318489,0.00013529456444061339,0.4250997304916382,2.6235430240631104,12.307680617076702,0,-1.350653997229778,2.789329243704692,-1.574247588813535,-1.3247475340484929,2.795866972837303
109.68,-1.3247845291471207,2.783867457707594,-1.5738778506883222,0.11999964931590305,5.114143080582272e-06,0.11999964931599383,5.114144940865373e-06,0.4250997304916382,2.6235430240631104,12.319680092858622,0,-1.350695231069777,2.777329838768975,-1.5742408274895001,-1.3247845291471207,2.783867457707594
109.8,-1.3248288997597295,2.769467546364885,-1.5738775546785633,0.11999998969650177,1.502593491376538e-07,0.1199999896985604,1.502784008344804e-07,0.4364350140094757,2.612476110458374,12.333120068464652,0,-1.350741388596163,2.7638899424236363,-1.5742405127202546,-1.3248288997597295,2.769467546364885
109.9,-1.32486587438913,2.7574676036530126,-1.5738775499442819,0.11999999949892738,7.307308975662691e-09,0.11999999949903195,7.315537065011313e-09,0.4381115138530731,2.5867607593536377,12.344640067968063,0,-1.350780951199836,2.7523700108544387,-1.5742405062998657,-1.32486587438913,2.7574676036530126
110.02000000000001,-1.3249188840279056,2.7431709735266985,-1.575383569134374,0.11896730102077223,-0.0150601934470717,0.11896730102081143,-0.015060193446214676,0.4381115138530731,2.5867607593536377,12.35992825619828,0,-1.350839575894673,2.737081935026929,-1.5754743575336918,-1.3249188840279056,2.7431709735266985
110.14,-1.3249971031039207,2.728878369887527,-1.5769422892442402,0.11999072175542154,0.0001353077334357442,0.11937907308106066,-0.008946938173937102,0.43053945899009705,2.5705623626708984,12.3737444446134,0,-1.3509161889162018,2.723265959029302,-1.5772053646151398,-1.3249971031039207,2.728878369887527
110.24000000000001,-1.3250707701705362,2.716879381760186,-1.5769308305762204,0.11999960219526369,5.801319071057532e-06,0.11999427393130091,8.3505170000997e-05,0.43053945899009705,2.5705623626708984,12.385736025396445,0,-1.3509940240335994,2.7112746308555424,-1.5772967886382878,-1.3250707701705362,2.716879381760186
110.36,-1.3251591016817086,2.702479686711529,-1.576930334310518,0.11999998294412192,2.487315551715917e-07,0.11999994487068566,8.040071386439251e-07,0.4308153986930847,2.5496363639831543,12.39965598183415,0,-1.3510843668768566,2.697354967591,-1.5772962265712085,-1.3251591016817086,2.702479686711529
110.46000000000001,-1.3252327091683653,2.690479913649321,-1.5769303170451796,0.11999999926872922,1.0664365427981993e-08,0.11999999600496025,5.8328897267756474e-08,0.4308153986930847,2.5496363639831543,12.412615980196126,0,-1.3511684762425062,2.684395242163467,-1.5772962054115913,-1.3252327091683653,2.690479913649321
110.58,-1.325321038066756,2.676080184600289,-1.5769303163742168,0.11999999996443733,5.186220601837521e-10,0.1199999999657031,5.184741524999481e-10,0.42126739025115967,2.5359625816345215,12.426055980139173,0,-1.3512557006622377,2.6709555252628134,-1.5772962046640255,-1.325321038066756,2.676080184600289
110.68,-1.3253971313261725,2.6641390035664876,-1.5777845504043573,0.1189539991086676,-0.01525417966526408,0.11895399910903937,-0.015254179595303174,0.42126739025115967,2.5359625816345215,12.438030665323117,0,-1.3513342867572842,2.6589810979495674,-1.5777506643987222,-1.3253971313261725,2.6641390035664876
110.8,-1.325504674045095,2.6497825811799594,-1.5783752550608778,0.11998331782393015,0.0002432817343518026,0.11998331782396843,0.0002432817328146264,0.43094733357429504,2.5270566940307617,12.45236700752971,0,-1.3514443284965334,2.6446451780739473,-1.5787519308013238,-1.325504674045095,2.6497825811799594
110.9,-1.3255955607998129,2.637783316242932,-1.5783695549696006,0.119999284751701,1.0430704360333536e-05,0.11999928475163735,1.0430706298691916e-05,0.42900848388671875,2.513669013977051,12.46436627658946,0,-1.35153958070218,2.6326462870841274,-1.5787425029717332,-1.3255955607998129,2.637783316242932
111.02000000000001,-1.3257046106311183,2.623383748923187,-1.5783692667777862,0.11895774293737592,-0.015199582163267757,0.11999997295972786,3.9432984655363157e-07,0.42900848388671875,2.513669013977051,12.479246241671085,0,-1.3516576652764285,2.6177667905582473,-1.578742052494782,-1.3257046106311183,2.623383748923187
111.14,-1.3258255496971627,2.609088824781377,-1.5798843125405881,0.1199831573072743,0.00024562260224989495,0.1194704501213728,-0.0074769799507379275,0.4342842698097229,2.517880439758301,12.493559842877996,0,-1.3517800243199836,2.6034537123507144,-1.580198828733853,-1.3258255496971627,2.609088824781377
111.24000000000001,-1.3259344499365806,2.5970906808418626,-1.5798644521125687,0.11999927786954939,1.0531069071464244e-05,0.11999121758834441,0.00012807683857918306,0.4342842698097229,2.517880439758301,12.504593253529672,0,-1.351884245021039,2.592420793940158,-1.5802444232706716,-1.3259344499365806,2.5970906808418626
111.36,-1.326065019267322,2.582691359469834,-1.5798631883842644,0.11999997270343762,3.9807486785947564e-07,0.11999927786967568,1.0531069349895006e-05,0.4356175363063812,2.4940998554229736,12.518513158780019,0,-1.3520156130061025,2.578501508591004,-1.580243199518797,-1.326065019267322,2.582691359469834
111.46000000000001,-1.326173817157674,2.5706918713552223,-1.579862916157823,0.11999999909032047,1.326615976757274e-08,0.11999999117358051,1.2872758414772534e-07,0.4356175363063812,2.4940998554229736,12.53243311808381,0,-1.3521469673425357,2.5645821690571937,-1.5802426745193692,-1.326173817157674,2.5706918713552223
111.58,-1.326307037336314,2.556354452868735,-1.5807665269378905,0.1189673010463372,-0.01506019307424917,0.11896730104661302,-0.015060193039317937,0.4302167594432831,2.481745719909668,12.546797127279683,0,-1.3522841640853915,2.5502188150884004,-1.5808752735727063,-1.326307037336314,2.556354452868735
111.68,-1.3264330314812207,2.5444096461901187,-1.5815375802385303,0.11998274750335257,0.0002515989094415669,0.1199827475025117,0.0002515987690410171,0.4302167594432831,2.481745719909668,12.559211238680044,0,-1.3524178589221387,2.5378054236279177,-1.58192530398612,-1.3264330314812207,2.5444096461901187
111.8,-1.326587569610058,2.5300112247706195,-1.581526653297882,0.11999926029920623,1.0787303242307179e-05,0.11999926029921948,1.0787301885084588e-05,0.43819135427474976,2.440497398376465,12.573130319978985,0,-1.3525724940094337,2.523887201320587,-1.5819134547318034,-1.326587569610058,2.5300112247706195
111.9,-1.3267163275871112,2.518011938054174,-1.5815263253675662,0.11999997534888608,3.594954111100034e-07,0.11999997534606344,3.595296282909999e-07,0.43801048398017883,2.4195075035095215,12.584170288307108,0,-1.35269511117263,2.512847913946971,-1.5819130461316986,-1.3267163275871112,2.518011938054174
112.02000000000001,-1.3268708364726018,2.5036127677082622,-1.5815263150602432,0.1199999999417,8.502081945896255e-10,0.11999999880172307,1.748573508209006e-08,0.43801048398017883,2.4195075035095215,12.59905028707962,0,-1.3528603767425902,2.4979688329685854,-1.581913030281374,-1.3268708364726018,2.5036127677082622
112.14,-1.3270253453379712,2.489213596661221,-1.5815263149747276,0.11999999999750038,3.645267634303019e-11,0.11999999996992194,4.413136522884997e-10,0.44300398230552673,2.4299490451812744,12.61345028705746,0,-1.3530203111278643,2.483569721178125,-1.5819130299868283,-1.3270253453379712,2.489213596661221
112.24000000000001,-1.3271541027253766,2.4772142874506295,-1.5815263149716101,0.11999999999991669,1.2148142657751725e-12,0.11999999999876554,2.4702462297909733e-11,0.44300398230552673,2.4299490451812744,12.625930287057734,0,-1.3531589209279193,2.4710904909402394,-1.581913029983547,-1.3271541027253766,2.4772142874506295
112.36,-1.3273086115902457,2.4628151163976844,-1.5815263149716101,0.1199999999999954,6.700970186064301e-14,0.12000000000036426,-2.7755575615628914e-13,0.44116151332855225,2.4245145320892334,12.639850287058232,0,-1.3533135241663823,2.457171349520866,-1.5819130299838067,-1.3273086115902457,2.4628151163976844
112.46000000000001,-1.3274373689776366,2.450815807186899,-1.5815263149716208,0.11999999999999983,2.532969637978971e-15,0.12000000000034206,-5.551115123125783e-13,0.44116151332855225,2.4245145320892334,12.65281028705862,0,-1.3534574651125053,2.4442121488891115,-1.5819130299841033,-1.3274373689776366,2.450815807186899
112.58,-1.3275944704240266,2.436479428616497,-1.5824415657446773,0.11895399910714285,-0.015254179687499892,0.11895399910739624,-0.01525417965247966,0.4423142969608307,2.4037370681762695,12.665741263947822,0,-1.3536021926196167,2.4312819819428655,-1.582429517799628,-1.3275944704240266,2.436479428616497
112.68,-1.327739128225681,2.4245184922355993,-1.5829829476062607,0.11999167648309318,0.00012138462155767977,0.11999167648315545,0.0001213846137493313,0.4423142969608307,2.4037370681762695,12.677682245505734,0,-1.3537487986621886,2.4193419004006533,-1.5833760296001345,-1.327739128225681,2.4245184922355993
112.8,-1.3279145468364757,2.4101199188742757,-1.582977725153736,0.11999968537069974,4.588343961932383e-06,0.11999968537066419,4.588345536848948e-06,0.4362393021583557,2.403376579284668,12.692081695612206,0,-1.353929715351538,2.404943586870232,-1.5833689372903066,-1.3279145468364757,2.4101199188742757
112.9,-1.3280607186758184,2.398120817621434,-1.5829776018508197,0.1199999881069988,1.7343960085584154e-07,0.11999998810812151,1.734584698098729e-07,0.44368091225624084,2.3880388736724854,12.704081680576477,0,-1.3540804616704865,2.392944548796701,-1.5833687432817816,-1.3280607186758184,2.398120817621434
113.02000000000001,-1.328236124636522,2.38372188630276,-1.5829775969734288,0.11999999997520229,3.616332598059419e-10,0.11999999949003914,7.445710714648612e-09,0.44368091225624084,2.3880388736724854,12.719921679986527,0,-1.354279446270678,2.377105799274113,-1.583368735658974,-1.328236124636522,2.38372188630276
113.14,-1.3284115305888018,2.3693229546519516,-1.5829775969382915,0.11999999999879406,1.758669913349113e-11,0.11999999998999478,1.5487611193520934e-10,0.44081398844718933,2.373553514480591,12.733841679982048,0,-1.3544543115105947,2.3631868976643178,-1.5833687355944346,-1.3284115305888018,2.3693229546519516
113.24000000000001,-1.328557702215543,2.3573238449410425,-1.5829775969367914,0.11999999999995441,6.647779903579569e-13,0.11999999999983135,9.71445146547012e-12,0.44081398844718933,2.373553514480591,12.744401679982273,0,-1.3545869678993407,2.352627730922227,-1.583368735593063,-1.328557702215543,2.3573238449410425
113.36,-1.3287331081676246,2.342924913287872,-1.582977596936619,0.11999999999999804,2.8502356336597403e-14,0.12000000000025324,1.6653345369377348e-12,0.4518224000930786,2.376774787902832,12.76072167998269,0,-1.3547919823182641,2.3363090186843793,-1.583368735593201,-1.3287331081676246,2.342924913287872
113.46000000000001,-1.328879279794355,2.3309258035769025,-1.5829775969366084,0.11999999999999993,9.498635644766939e-16,0.12000000000012001,0.0,0.4518224000930786,2.376774787902832,12.772721679982949,0,-1.3549427282145066,2.3243099655683648,-1.5833687355933552,-1.328879279794355,2.3309258035769025
113.58,-1.3290546857464314,2.316526871923746,-1.5829775969365445,0.12,5.942933438091513e-17,0.12000000000012001,0.0,0.45038169622421265,2.3567845821380615,12.787121679983196,0,-1.3551236232899737,2.309911101829209,-1.5833687355935007,-1.3290546857464314,2.316526871923746
113.68,-1.3292008573731617,2.3045277622127767,-1.5829775969365338,0.12,2.2464314183222862e-18,0.12000000000012001,0.0,0.45038169622421265,2.3567845821380615,12.797201679983347,0,-1.3552502498427879,2.2998318972118206,-1.5833687355936221,-1.3292008573731617,2.3045277622127767
113.8,-1.3293762633252382,2.2901288305596124,-1.5829775969365445,0.12,9.631574706056802e-20,0.12000000000014222,-2.7755575615628914e-13,0.44534239172935486,2.3670847415924072,12.812081679983537,0,-1.3554371747540686,2.2849530713480903,-1.5833687355938,-1.3293762633252382,2.2901288305596124
113.9,-1.3295224349519685,2.2781297208486517,-1.5829775969366617,0.12,4.129537655221853e-21,0.12000000000000899,-1.3877787807814457e-12,0.447743684053421,2.350440263748169,12.824081679983667,0,-1.3555879206502501,2.2729540182322014,-1.5833687355939396,-1.3295224349519685,2.2781297208486517
114.02000000000001,-1.3296978409040505,2.2637307891955025,-1.5829775969368323,0.12,7.591187118737422e-24,0.12000000000000899,-1.3877787807814457e-12,0.447743684053421,2.350440263748169,12.838961679983804,0,-1.355774845561502,2.258075192368524,-1.5833687355941002,-1.3296978409040505,2.2637307891955025
114.14,-1.3298732468561336,2.2493318575423515,-1.5829775969370046,0.12,2.8694720248072515e-25,0.12000000000000899,-1.3877787807814457e-12,0.4395277500152588,2.339834451675415,12.853361679983914,0,-1.3559557406368952,2.2436763286295043,-1.5833687355942396,-1.3298732468561336,2.2493318575423515
114.24000000000001,-1.3300194184828695,2.2373327478314042,-1.5829775969370259,0.12,1.230286130636109e-26,0.11999999999987576,2.7755575615628914e-13,0.4395277500152588,2.339834451675415,12.866321679983994,0,-1.3561185462047396,2.230717351264405,-1.583368735594346,-1.3300194184828695,2.2373327478314042
114.36,-1.3301948244349535,2.222933816178256,-1.5829775969371662,0.12,5.983042610410002e-28,0.12000000000003119,-1.6653345369377348e-12,0.443014532327652,2.331066131591797,12.880241679984065,0,-1.3562934114442686,2.216798449650054,-1.5833687355945596,-1.3301948244349535,2.222933816178256
114.46000000000001,-1.330340996061695,2.210934706467307,-1.5829775969372089,0.12,2.565229519213288e-29,0.11999999999985356,0.0,0.443014532327652,2.331066131591797,12.891761679984116,0,-1.3564381275045645,2.2052793586588755,-1.5833687355946713,-1.330340996061695,2.210934706467307
114.58,-1.330516402013783,2.1965357748141603,-1.5829775969370898,0.12,1.2475047175407217e-30,0.12000000000003119,1.6653345369377348e-12,0.4296189248561859,2.328789234161377,12.906161679984168,0,-1.3566190225799275,2.190880494919913,-1.5833687355946127,-1.330516402013783,2.1965357748141603
114.68,-1.3306625736405189,2.184536665103212,-1.5829775969370579,0.12,3.6653109611958574e-32,0.11999999999987576,2.7755575615628914e-13,0.4296189248561859,2.328789234161377,12.91912167998421,0,-1.3567818281477475,2.177921517554851,-1.5833687355945711,-1.3306625736405189,2.184536665103212
114.8,-1.330837979592602,2.1701377334500753,-1.5829775969370579,0.12,2.021802028967422e-33,0.11999999999989797,0.0,0.4328259527683258,2.316959857940674,12.932561679984252,0,-1.356950663551408,2.164482578065159,-1.5833687355945683,-1.330837979592602,2.1701377334500753
114.9,-1.3309841512193379,2.158138623739129,-1.5829775969370685,0.12,8.668476199197821e-35,0.11999999999987576,-2.7755575615628914e-13,0.4444766640663147,2.319885015487671,12.944081679984283,0,-1.3570953796116845,2.152963487073999,-1.5833687355945583,-1.3309841512193379,2.158138623739129
115.02000000000001,-1.331159557171421,2.143739692085993,-1.5829775969370579,0.12,3.7166091704060656e-36,0.11999999999989797,0.0,0.4444766640663147,2.319885015487671,12.959921679984317,0,-1.3572943641945592,2.1371247369611623,-1.5833687355945363,-1.331159557171421,2.143739692085993
115.14,-1.331334963123504,2.1293407604328545,-1.5829775969369069,0.12,6.832114879517235e-39,0.11999999999985356,2.7755575615628914e-12,0.4472479820251465,2.2950336933135986,12.973841679984341,0,-1.3574692294340505,2.123205835346858,-1.583368735594424,-1.331334963123504,2.1293407604328545
115.24000000000001,-1.33148113475024,2.117341650721907,-1.5829775969369069,0.12,2.2768563117147603e-40,0.11999999999989797,0.0,0.4472479820251465,2.2950336933135986,12.985841679984356,0,-1.3576199753301599,2.1112067822310845,-1.5833687355944168,-1.33148113475024,2.117341650721907
115.36,-1.331656540702323,2.102942719068772,-1.5829775969369069,0.12,1.1072650492879211e-41,0.11999999999987576,2.7755575615628914e-13,0.4411398470401764,2.302011251449585,12.999761679984372,0,-1.3577948405696447,2.097287880616788,-1.5833687355944124,-1.331656540702323,2.102942719068772
115.46000000000001,-1.331802712329059,2.090943609357825,-1.5829775969369069,0.12,4.747398898821961e-43,0.11999999999989797,0.0,0.4411398470401764,2.302011251449585,13.012721679984388,0,-1.3579576461374376,2.084328903251752,-1.583368735594442,-1.331802712329059,2.090943609357825
115.58,-1.331978118281142,2.076544677704688,-1.5829775969369282,0.12,1.7945188437188847e-44,0.11999999999992017,-2.7755575615628914e-13,0.4490567147731781,2.2634103298187256,13.027121679984406,0,-1.3581385412127633,2.0699300395128226,-1.5833687355944968,-1.331978118281142,2.076544677704688
115.68,-1.3321242899078796,2.0645455679937363,-1.5829775969372666,0.12,9.898646738740487e-46,0.11999999999998678,-4.440892098500626e-12,0.4490567147731781,2.2634103298187256,13.038641679984421,0,-1.3582832572730246,2.0584109485216784,-1.5833687355948203,-1.3321242899078796,2.0645455679937363
115.8,-1.3322996958599718,2.0501466363405862,-1.5829775969377942,0.12,3.2988023038231685e-47,0.12000000000000899,-4.163336342344337e-12,0.4415508806705475,2.265273332595825,13.053041679984439,0,-1.3584641523483554,2.044012084782749,-1.5833687355953123,-1.3322996958599718,2.0501466363405862
115.9,-1.3324407909294036,2.0382188149664224,-1.5819371719837145,0.11895083197039026,0.015300367098475246,0.11895083197046574,0.015300367099402301,0.4453944265842438,2.254948139190674,13.064024859828983,0,-1.3586001622104722,2.033029747107418,-1.5827026835929099,-1.3324407909294036,2.0382188149664224
116.02000000000001,-1.3325962384189667,2.023845617902954,-1.581581371507559,0.11999185118378243,-0.00011883690317276399,0.11999185118376499,-0.00011883690503866617,0.4453944265842438,2.254948139190674,13.079809181896096,0,-1.358778569348735,2.0172464333231925,-1.5819674946838715,-1.3325962384189667,2.023845617902954
116.14,-1.3327515555754104,2.0094465505522043,-1.581582756934081,0.11999998502031126,-2.1845379408394538e-07,0.11999980919306097,-2.7826096982153103e-06,0.43938198685646057,2.2347378730773926,13.094209071044915,0,-1.3589393094476008,2.0028474413404567,-1.5819693555042498,-1.3327515555754104,2.0094465505522043
116.24000000000001,-1.332880990338608,1.9974472497873688,-1.5815827738275454,0.11999999917371362,-1.2050009638757941e-08,0.11999999351304247,-9.462097771972822e-08,0.43938198685646057,2.2347378730773926,13.105729069991753,0,-1.3590679058912705,1.9913281601697492,-1.5819693731748863,-1.332880990338608,1.9974472497873688
116.36,-1.3330363121727031,1.9830480875512393,-1.5815827748544111,0.11999999997246334,-4.015761003153446e-10,0.11999999989327215,-1.5665246877460959e-09,0.44183793663978577,2.2165708541870117,13.120129069925635,0,-1.3592286515761516,1.9769290574574065,-1.5819693742946537,-1.3330363121727031,1.9830480875512393
116.46000000000001,-1.3331657470396818,1.9710487856312018,-1.581582774883752,0.1199999999989591,-1.5179594016880538e-11,0.11999999999154909,-1.3211653993039363e-10,0.44183793663978577,2.2165708541870117,13.13164906992416,0,-1.3593572481298422,1.965409775236175,-1.5819693743267957,-1.3331657470396818,1.9710487856312018
116.58,-1.333321068880247,1.956649623324829,-1.5815827748847744,0.11999999999994937,-7.382035410312493e-13,0.12000000000036426,-2.7755575615628914e-13,0.4382198750972748,2.18353271484375,13.145089069924529,0,-1.3595072774427193,1.951970612642651,-1.581969374327726,-1.333321068880247,1.956649623324829
116.68,-1.333450503747388,1.9446503214028084,-1.5815827748846873,0.11999999999999783,-3.1650476821714815e-14,0.12000000000025324,1.6653345369377348e-12,0.4382198750972748,2.18353271484375,13.158049069924875,0,-1.359651948565877,1.939011420141762,-1.5819693743275558,-1.333450503747388,1.9446503214028084
116.8,-1.3336058255879573,1.9302511590964,-1.581582774884666,0.11999999999999988,-1.539204147300301e-15,0.12000000000012001,0.0,0.4342767894268036,2.1677677631378174,13.172929069925203,0,-1.3598180524480412,1.924132347270441,-1.5819693743273362,-1.3336058255879573,1.9302511590964
116.9,-1.3337352604550983,1.9182518571743936,-1.581582774884666,0.12,-5.818198355621758e-17,0.12000000000014222,2.7755575615628914e-13,0.441754549741745,2.1435632705688477,13.183969069925404,0,-1.3599412908122401,1.9130930351401498,-1.5819693743272016,-1.3337352604550983,1.9182518571743936
117.02000000000001,-1.3338905822956675,1.9038526948679915,-1.581582774884634,0.12,-2.4945525449728284e-18,0.12000000000012001,0.0,0.441754549741745,2.1435632705688477,13.198849069925624,0,-1.3601073946944353,1.8982139622689371,-1.5819693743270427,-1.3338905822956675,1.9038526948679915
117.14,-1.3340459041362367,1.8894535325616035,-1.5815827748847309,0.12,-5.899627505735606e-21,0.11999999999998678,-1.6653345369377348e-12,0.44365185499191284,2.1057095527648926,13.21276906992579,0,-1.360262782197148,1.8842948295830042,-1.5819693743270047,-1.3340459041362367,1.8894535325616035
117.24000000000001,-1.3341753390033777,1.8774542306396123,-1.5815827748848916,0.12,-1.9660975203258418e-22,0.11999999999994237,-1.6653345369377348e-12,0.44365185499191284,2.1057095527648926,13.22572906992592,0,-1.360407453320376,1.8713356370823315,-1.5819693743271022,-1.3341753390033777,1.8774542306396123
117.36,-1.3343306608439502,1.863055068333219,-1.5815827748850737,0.12,-8.429643118397046e-24,0.12000000000000899,-1.942890293094024e-12,0.42941224575042725,2.0772173404693604,13.239169069926042,0,-1.360557482633364,1.857896474489055,-1.581969374327066,-1.3343306608439502,1.863055068333219
117.46000000000001,-1.3344600957110968,1.8510557664112242,-1.5815827748852131,0.12,-3.186408756496622e-25,0.12000000000000899,-1.3877787807814457e-12,0.42941224575042725,2.0772173404693604,13.25164906992614,0,-1.3606967955668607,1.8454172520810288,-1.5819693743270469,-1.3344600957110968,1.8510557664112242
117.58,-1.3346154175516727,1.836656604104837,-1.5815827748852984,0.12,-1.7576374166361447e-26,0.11999999999989797,0.0,0.4319385588169098,2.0579235553741455,13.266529069926237,0,-1.3608628994491152,1.830538179209939,-1.581969374327038,-1.3346154175516727,1.836656604104837
117.68,-1.3347448524188192,1.8246573021828556,-1.5815827748852984,0.12,-8.547620992807415e-28,0.11999999999987576,2.7755575615628914e-13,0.4319385588169098,2.0579235553741455,13.278049069926299,0,-1.3609914960031242,1.8190188969871737,-1.5819693743270273,-1.3347448524188192,1.8246573021828556
117.8,-1.3349001742593951,1.8102581398764757,-1.5815827748852984,0.12,-2.214124570290834e-29,0.11999999999989797,0.0,0.4358111619949341,2.0407016277313232,13.291969069926362,0,-1.3611468835058909,1.8050997643013442,-1.5819693743270071,-1.3349001742593951,1.8102581398764757
117.9,-1.3350296091265417,1.7982588379544915,-1.5815827748853304,0.12,-1.2213210818926271e-30,0.11999999999989797,0.0,0.4371703565120697,2.0041892528533936,13.303969069926406,0,-1.3612808382496593,1.7931005119859829,-1.5819693743270022,-1.3350296091265417,1.7982588379544915
118.02000000000001,-1.3351849309671175,1.7838596756481062,-1.5815827748852451,0.12,-2.2451125619310255e-33,0.12000000000000899,1.3877787807814457e-12,0.4371703565120697,2.0041892528533936,13.319809069926457,0,-1.3614576585114384,1.7772614989297155,-1.5819693743268874,-1.3351849309671175,1.7838596756481062
118.14,-1.3353402528076934,1.7694605133417227,-1.5815827748852025,0.12,-9.625920109279271e-35,0.11999999999989797,0.0,0.43500709533691406,1.9977757930755615,13.334209069926501,0,-1.361618404203968,1.7628623961512924,-1.5819693743267642,-1.3353402528076934,1.7694605133417227
118.24000000000001,-1.3354696876748395,1.7574612114197377,-1.5815827748849414,0.12,-4.1271132468534873e-36,0.11999999999994237,3.3306690738754696e-12,0.43500709533691406,1.9977757930755615,13.345249069926531,0,-1.3617416425682416,1.7518230840211721,-1.5819693743265046,-1.3354696876748395,1.7574612114197377
118.36,-1.3356250095154074,1.7430620491133453,-1.5815827748844031,0.12,-1.7694998045884325e-37,0.11999999999998678,4.440892098500626e-12,0.43738970160484314,1.9716335535049438,13.360129069926563,0,-1.361907746450521,1.736944011150149,-1.581969374325985,-1.3356250095154074,1.7430620491133453
118.46000000000001,-1.3357531504690914,1.7310963087162194,-1.5810931631454468,0.11895083197039026,0.015300367098475246,0.11916066557797755,0.012240293467136176,0.43738970160484314,1.9716335535049438,13.371630207331723,0,-1.3620358151437464,1.7254435868091877,-1.5817931534869738,-1.3357531504690914,1.7310963087162194
118.58,-1.3358904518676498,1.716764824256744,-1.5801242993116287,0.1199873146908193,-0.00018499409221856152,0.11998731469065049,-0.00018499404064176161,0.43355250358581543,1.934342861175537,13.385932081323164,0,-1.3621810804927046,1.7111424505730195,-1.5805028147310252,-1.3358904518676498,1.716764824256744
118.68,-1.3360024580985894,1.7047659356296707,-1.5801328832226658,0.11999945611736888,-7.931621703870824e-06,0.11999945611740337,-7.931622025836305e-06,0.43355250358581543,1.934342861175537,13.397931443107893,0,-1.3622975222130858,1.6991436537763995,-1.580513524812867,-1.3360024580985894,1.7047659356296707
118.8,-1.3361369065396869,1.6903665889996944,-1.5801332580617349,0.11999997668103218,-3.4006828055346155e-07,0.11999997668175055,-3.401073866982074e-07,0.44201987981796265,1.923423171043396,13.411851415415434,0,-1.362432649911681,1.685224337358279,-1.580513989406982,-1.3361369065396869,1.6903665889996944
118.9,-1.3362489481615523,1.6783671126233721,-1.5801332661874439,0.11999999886596804,-1.653796594413552e-08,0.11999999886627144,-1.654620884750102e-08,0.42648041248321533,1.9043669700622559,13.425291414610994,0,-1.362563120054551,1.6717849714536515,-1.5805140029087632,-1.3362489481615523,1.6783671126233721
119.02000000000001,-1.3363833981417343,1.663967740342792,-1.5801332667600774,0.11999999996668084,-4.859042775439046e-10,0.11999999996730182,-4.862776847858186e-10,0.42648041248321533,1.9043669700622559,13.439691414573675,0,-1.3627029095485457,1.6573856500174662,-1.5805140035454175,-1.3363833981417343,1.663967740342792
119.14,-1.336517848123735,1.6495683680233473,-1.58013326676483,0.11999999999993052,-1.0131431747695644e-12,0.11999999999894317,-2.0261570199409107e-11,0.42741554975509644,1.8653360605239868,13.453131414573738,0,-1.3628333797449081,1.643946283308817,-1.5805140035518968,-1.336517848123735,1.6495683680233473
119.24000000000001,-1.3366298897754234,1.6375688910902109,-1.5801332667649712,0.11999999999999661,-4.92704797213168e-14,0.12000000000025324,-1.6653345369377348e-12,0.42741554975509644,1.8653360605239868,13.464651414574076,0,-1.3629452113418326,1.6324268261296901,-1.5805140035518623,-1.3366298897754234,1.6375688910902109
119.36,-1.3367643397574511,1.6231695187704545,-1.5801332667650672,0.11999999999999983,-2.396087969028498e-15,0.12000000000014222,2.7755575615628914e-13,0.4352044463157654,1.8412531614303589,13.48049141457446,0,-1.3630989797876298,1.6165875725084717,-1.5805140035517133,-1.3367643397574511,1.6231695187704545
119.46000000000001,-1.336876381409141,1.611170041837334,-1.5801332667650778,0.12,-7.039979387158504e-17,0.1200000000000978,-2.7755575615628914e-13,0.4352044463157654,1.8412531614303589,13.4924914145747,0,-1.3632154710344633,1.6045881379469966,-1.5805140035516105,-1.336876381409141,1.611170041837334
119.58,-1.3370074656052153,1.5968287613779553,-1.5792856840773422,0.11896214363742427,0.015135405287562558,0.11896214363738,0.015135405242172606,0.43441250920295715,1.832013487815857,13.506359847608111,0,-1.3633484956280155,1.590720342907419,-1.579914262780977,-1.3370074656052153,1.5968287613779553
119.68,-1.3371027703147036,1.5848757610078916,-1.5786336351904267,0.11998296862725971,-0.0002483741857957554,0.11998296862731905,-0.00024837413348244297,0.43441250920295715,1.832013487815857,13.518770836883679,0,-1.363453599803663,1.5783097986844403,-1.5790062318544813,-1.3371027703147036,1.5848757610078916
119.8,-1.3372157527297188,1.5704770165978752,-1.5786454816404751,0.11999917174203396,-1.2078762004522918e-05,0.11999917174208008,-1.207876021425136e-05,0.430319219827652,1.8093013763427734,13.53317007452622,0,-1.3635718137017192,1.5639110463023531,-1.57901902538108,-1.3372157527297188,1.5704770165978752
119.9,-1.3373099438460587,1.5584774025047343,-1.5786457184060831,0.1199999644884397,-5.1787692094392e-07,0.11999996448426309,-5.179295881063695e-07,0.4346715807914734,1.768925428390503,13.543730058027078,0,-1.3636585419469358,1.5533514189533477,-1.579019302248818,-1.3373099438460587,1.5584774025047343
120.02000000000001,-1.3374229741091341,1.5440778472204433,-1.5786457344963687,0.11999999881654916,-1.725865792563911e-08,0.1199999988173106,-1.7261470031115778e-08,0.4346715807914734,1.768925428390503,13.558130056590414,0,-1.3637768088735243,1.5389519060602614,-1.5790193263505141,-1.3374229741091341,1.5440778472204433
120.14,-1.3375359566993772,1.5296825068493842,-1.5785842476897385,0.11894593763155667,0.015371742873131795,0.11989459371228861,0.001537173489052357,0.4347110986709595,1.7437859773635864,13.573970056565003,0,-1.3639069025904558,1.5231124403236986,-1.579019326789383,-1.3375359566993772,1.5296825068493842
120.24000000000001,-1.3376196615526366,1.5177756541886511,-1.5772329131160812,0.11999212115771614,-0.00011489978330633246,0.11925979268827547,0.010725750200224482,0.4347110986709595,1.7437859773635864,13.584905278063697,0,-1.3639901456193708,1.512177535668255,-1.5777367876888342,-1.3376196615526366,1.5177756541886511
120.36,-1.3377124341750777,1.5033766286681307,-1.5772427658524608,0.11999961684157912,-5.587726971230852e-06,0.11999886727318554,-1.651893510867808e-05,0.426425963640213,1.715126395225525,13.599777021198934,0,-1.364091508304365,1.4973061379704409,-1.5776118461505033,-1.3377124341750777,1.5033766286681307
120.46000000000001,-1.3377897937606167,1.4913769046061083,-1.5772431534850233,0.1199999835720827,-2.3957379389152273e-07,0.11999991022664247,-1.3092221751165312e-06,0.426425963640213,1.715126395225525,13.612256995480811,0,-1.3641764447425895,1.484826452722897,-1.5776122774830448,-1.3377897937606167,1.4913769046061083
120.58,-1.3378794047977791,1.4770357621616497,-1.5763889353408234,0.11895399981148981,0.015254169415773587,0.1189539998116329,0.015254169366263337,0.4369940757751465,1.7021006345748901,13.626600300385045,0,-1.3642721910969904,1.470483467391682,-1.5769486285698249,-1.3378794047977791,1.4770357621616497
120.68,-1.3379396178918967,1.4650871589712509,-1.5756718546933934,0.11998006220684364,-0.0002907594835302312,0.1199800622063929,-0.0002907593887879756,0.4369940757751465,1.7021006345748901,13.637570861608372,0,-1.3643328454315644,1.4595130738432962,-1.5760294527145908,-1.3379396178918967,1.4650871589712509
120.8,-1.3380099934973402,1.4506884189684843,-1.5756877215557366,0.11999924635055356,-1.0990721093911983e-05,0.11999924635075487,-1.0990721666104264e-05,0.4289000332355499,1.6810327768325806,13.652449713265538,0,-1.3644107690812328,1.4446344262387338,-1.5760487229758058,-1.3380099934973402,1.4506884189684843
120.9,-1.3380686928920351,1.4386885837840773,-1.575688031408377,0.1199999584283572,-6.062531240251541e-07,0.11999995842837397,-6.062542134976923e-07,0.4343467056751251,1.6562799215316772,13.66348969013148,0,-1.3644686489838762,1.433594601098933,-1.5760491110931156,-1.3380686928920351,1.4386885837840773
121.02000000000001,-1.338130280806034,1.4243891349625704,-1.574223647212227,0.11998716058213064,-0.0001872415105945407,0.11895400088941521,0.0152541536957429,0.4343467056751251,1.6562799215316772,13.678750386307312,0,-1.36454276971514,1.4183340849252164,-1.574836674406956,-1.338130280806034,1.4243891349625704
121.14,-1.3381797885057642,1.4099905622212876,-1.574243220160387,0.11999957211624614,-6.239971410467714e-06,0.11999212519580027,-0.000114840897347257,0.42146775126457214,1.6443567276000977,13.692172419634375,0,-1.364593873004363,1.404912148884295,-1.5745983173346638,-1.3381797885057642,1.4099905622212876
121.24000000000001,-1.338221067554771,1.3979990658520847,-1.574121393191086,0.11895084814441473,0.01530013122728517,0.11978982732274712,0.003055034187016137,0.42146775126457214,1.6443567276000977,13.70513237945873,0,-1.3646430223760777,1.391952282257352,-1.574598992628263,-1.338221067554771,1.3979990658520847
121.36,-1.3382560061076687,1.3837003044049812,-1.5726595171206645,0.11998018133999583,-0.00028902212506074474,0.1195684480602699,0.005946639434484258,0.4308217167854309,1.6107730865478516,13.719886209101553,0,-1.3646868676105393,1.3771985177640147,-1.5730057174149863,-1.3382560061076687,1.3837003044049812
121.46000000000001,-1.3382785184235575,1.3717017081751148,-1.5726796807881824,0.11999890679379097,-1.5942590548269307e-05,0.11999516170300151,-7.055849987613882e-05,0.4308217167854309,1.6107730865478516,13.730444953664588,0,-1.3647102222116498,1.3666397990297163,-1.5730267737588455,-1.3382785184235575,1.3717017081751148
121.58,-1.3383027043994562,1.3573601625494698,-1.5718295668647075,0.1189577947866095,0.015198826028611213,0.11895779478667823,0.015198825981388442,0.43240106105804443,1.5843446254730225,13.746228320781885,0,-1.3647434829161145,1.3508564669580356,-1.5723673070407473,-1.3383027043994562,1.3573601625494698
121.68,-1.3383080961958647,1.3454154535974436,-1.5710551933755081,0.1199771921814081,-0.0003326140211317569,0.11997719218046488,-0.00033261388615590803,0.43240106105804443,1.5843446254730225,13.757194539400805,0,-1.3647536016778836,1.3398902530075145,-1.5713899970252014,-1.3383080961958647,1.3454154535974436
121.8,-1.3383120125138996,1.331016628765913,-1.5710723234815085,0.11999889082590555,-1.617545554400568e-05,0.11999889082581205,-1.6175455974654085e-05,0.4283295273780823,1.5462615489959717,13.77255328444826,0,-1.3647628074990439,1.3245315107189812,-1.571411056263671,-1.3383120125138996,1.331016628765913
121.9,-1.3383100851202576,1.3190958639456773,-1.5699176017833667,0.1189577955631487,0.015198814704081437,0.11895779556319042,0.015198814704575625,0.4244178235530853,1.5338548421859741,13.783047255746588,0,-1.3647666896533042,1.3140375401387385,-1.5706294746712008,-1.3383100851202576,1.3190958639456773
122.02000000000001,-1.3382846175670462,1.3048197463035687,-1.568111343572504,0.11897091324312403,0.015007515204441131,0.1189709132431771,0.015007515206943989,0.4244178235530853,1.5338548421859741,13.798257639379765,0,-1.364749190852441,1.2988271665713222,-1.568700091733405,-1.3382846175670462,1.3048197463035687
122.14,-1.338245274937571,1.2904252412438513,-1.5680706339447037,0.1199993356045014,-9.689101021139594e-06,0.11999283689112517,-0.00010446289555599009,0.4219736158847809,1.5014698505401611,13.811675506134408,0,-1.3647172394829012,1.2854093378589195,-1.5684077156866214,-1.338245274937571,1.2904252412438513
122.24000000000001,-1.3382122664954519,1.2784462593526436,-1.567766333795506,0.11895402759309985,0.01525376426729372,0.11947668160054992,0.007622037382082336,0.4219736158847809,1.5014698505401611,13.824626019295152,0,-1.3646861701651343,1.2724588619671193,-1.5683384610238031,-1.3382122664954519,1.2784462593526436
122.36,-1.3381559706497628,1.264171226833628,-1.5659455390186976,0.11897058233905863,0.01501234088872832,0.11897058233896196,0.015012340892628373,0.4338434934616089,1.4784609079360962,13.83936001190866,0,-1.3646360579048864,1.2577249545730744,-1.56647329964178,-1.3381559706497628,1.264171226833628
122.46000000000001,-1.3380903039222587,1.2522381272676122,-1.5649969470294913,0.11997676602611038,-0.0003388287858901237,0.11987614765576193,0.0011962883958438475,0.4338434934616089,1.4784609079360962,13.85031352987934,0,-1.3645811316471783,1.2467715743167234,-1.5653266596844209,-1.3380903039222587,1.2522381272676122
122.58,-1.3380070249003468,1.2378398299390914,-1.565018265418143,0.11999887010141519,-1.6477687695023734e-05,0.11999887010161192,-1.647768782531145e-05,0.4181038737297058,1.4629096984863281,13.863752036657608,0,-1.364507719759188,1.2333332680572178,-1.565351716976242,-1.3380070249003468,1.2378398299390914
122.68,-1.33793110143058,1.2259740010316917,-1.563066368846693,0.11790804665868754,0.030507652894140078,0.1179080466595428,0.03050765271656042,0.4181038737297058,1.4629096984863281,13.877080957869492,0,-1.3644325717414238,1.2200045586880397,-1.5642208608341892,-1.33793110143058,1.2259740010316917
122.8,-1.3378020800115278,1.2117313968165453,-1.560779575402708,0.11897879334345292,0.014892597074644891,0.1189787933434383,0.014892597074711578,0.42008551955223083,1.4307441711425781,13.890335333033164,0,-1.3643260598792304,1.2067506114947473,-1.5617892180794455,-1.3378020800115278,1.2117313968165453
122.9,-1.3376795629569742,1.1997501160301807,-1.5605668657035798,0.1199791250102596,-0.0003044269337140361,0.11997912501027219,-0.0003044269361596186,0.4090699851512909,1.4054473638534546,13.90229040822053,0,-1.3642124167421028,1.1947960764568228,-1.5612030548993054,-1.3376795629569742,1.1997501160301807
123.02000000000001,-1.337532410144248,1.1853596995492999,-1.5604524643778233,0.1179155216188952,0.030398643057778483,0.11979084199449375,0.0030295076441921864,0.4090699851512909,1.4054473638534546,13.917169694692136,0,-1.364069675603134,1.179917474678719,-1.561215029096104,-1.337532410144248,1.1853596995492999
123.14,-1.33736024390602,1.1712103661447222,-1.5568122987123252,0.11794182385886526,0.030015068724881716,0.11792867273874297,0.03020685589855132,0.4265182316303253,1.3865916728973389,13.931797909575376,0,-1.3639126419989307,1.165290102696117,-1.558262962215702,-1.33736024390602,1.1712103661447222
123.24000000000001,-1.3371775505703172,1.1593853264934455,-1.5543006355661684,0.11995884585610311,-0.000600164598496111,0.11874863265610713,0.01776897556260426,0.4265182316303253,1.3865916728973389,13.942623774033278,0,-1.3637617664248065,1.1544652896343606,-1.5555015722041252,-1.3371775505703172,1.1593853264934455
123.36,-1.3369405425988259,1.1449906499154319,-1.5543498161954654,0.11999799862007382,-2.9186790589968245e-05,0.11999799862008054,-2.918679686825243e-05,0.42444348335266113,1.3749072551727295,13.958428963996388,0,-1.363511083178939,1.138662087816999,-1.5549756358264766,-1.3369405425988259,1.1449906499154319
123.46000000000001,-1.3367432108636008,1.1329924037125527,-1.5543517291998603,0.11999991419083567,-1.2513836465448884e-06,0.11999972263381231,-4.044926060764453e-06,0.42444348335266113,1.3749072551727295,13.969468843902257,0,-1.3633363363778117,1.127623591003958,-1.554977650589692,-1.3367432108636008,1.1329924037125527
123.58,-1.3365041865228158,1.1186571619133212,-1.5534365567293877,0.11895400278621077,0.015254126034426156,0.11895400278605361,0.015254126026487125,0.42278483510017395,1.3521569967269897,13.982866262191282,0,-1.3631235393458843,1.114227862795523,-1.5544959845021982,-1.3365041865228158,1.1186571619133212
123.68,-1.336291616855505,1.1066933953194458,-1.5529611572018516,0.11998716048989244,-0.00018724285573517012,0.11998716049002045,-0.00018724285649751593,0.42278483510017395,1.3521569967269897,13.996236889929683,0,-1.3628961703462117,1.1008591684143605,-1.5535800308096384,-1.336291616855505,1.1066933953194458
123.8,-1.3360349064581933,1.0922962361986088,-1.552969213139398,0.11999951466596082,-7.0777880715243564e-06,0.11999951466592496,-7.077789743181739e-06,0.4201575517654419,1.3273117542266846,14.01015632558004,0,-1.3626565046137311,1.0869417962068972,-1.5535895010365908,-1.3360349064581933,1.0922962361986088
123.9,-1.33582099455977,1.080298156177347,-1.552969406071622,0.11999997919130306,-3.0346016356660676e-07,0.11999997919394101,-3.0349583957089976e-07,0.4264875650405884,1.2972309589385986,14.022636309157447,0,-1.3624416532444772,1.0744636621724561,-1.553589776452536,-1.33582099455977,1.080298156177347
124.02000000000001,-1.3355643005949744,1.065900444773882,-1.5529694134429486,0.1199999999617481,-5.578403872413704e-10,0.11999999910827785,-1.3014866961924554e-08,0.4264875650405884,1.2972309589385986,14.037516308578393,0,-1.3621854849446027,1.0595858679619727,-1.5535897861993733,-1.3355643005949744,1.065900444773882
124.14,-1.3353076066399374,1.0515027328690234,-1.5529694135055279,0.1199999999988761,-1.638998600329376e-11,0.11999999997054367,-4.496403249731884e-10,0.4264575242996216,1.267430305480957,14.051436308573283,0,-1.3619458436474194,1.0456679309055552,-1.5535897863131813,-1.3353076066399374,1.0515027328690234
124.24000000000001,-1.335093695011042,1.0395046396115941,-1.5529694135072385,0.119999999999938,-9.040790074028393e-13,0.12000000000025324,-1.1102230246251565e-11,0.4264575242996216,1.267430305480957,14.062956308574288,0,-1.3617475198156361,1.0341496381639677,-1.553589786314337,-1.335093695011042,1.0395046396115941
124.36,-1.3348406741838434,1.0251821871014255,-1.5540677144323143,0.11790799821428305,-0.030508359375038763,0.11811719839465162,-0.027457523125162808,0.42428573966026306,1.2483981847763062,14.077825579985705,0,-1.3614919042001123,1.0192825640414824,-1.5538781332697316,-1.3348406741838434,1.0251821871014255
124.46000000000001,-1.3346613587559677,1.013391428702378,-1.5570992048783714,0.11794116190749832,-0.03002472218231612,0.11794116190741999,-0.03002472219154617,0.42428573966026306,1.2483981847763062,14.089652263235296,0,-1.3613086750430143,1.0074573002489857,-1.556806555992213,-1.3346613587559677,1.013391428702378
124.58,-1.3344840927391346,0.9991095723524487,-1.5587551173116927,0.1199727085437781,0.0003980004032360432,0.11997270854233744,0.00039800019308033896,0.42566946148872375,1.23136568069458,14.104367528016974,0,-1.3611273096541732,0.9927431531724268,-1.5593853528099761,-1.3344840927391346,0.9991095723524487
124.68,-1.334343492847454,0.9871743808608635,-1.559656316646967,0.11895186358861967,-0.015285322665963117,0.11895186358896748,-0.015285322623459496,0.42566946148872375,1.23136568069458,14.115850409231193,0,-1.3609976466439178,0.9812610040493911,-1.5599990823864718,-1.334343492847454,0.9871743808608635
124.8,-1.3342034452753886,0.9729789266508273,-1.56262911821643,0.1179245888299335,-0.030266412896803166,0.11792458882997625,-0.030266412901214235,0.4182204008102417,1.201551914215088,14.129145304930177,0,-1.360867719793154,0.9679667432327713,-1.5624619710652103,-1.3342034452753886,0.9729789266508273
124.9,-1.334124875065007,0.9611853351156835,-1.5656353602709336,0.11794207388894054,-0.030011422452950437,0.11794207388908795,-0.03001142245440125,0.425924688577652,1.167090654373169,14.14285727196559,0,-1.3607774538793558,0.9542550733109455,-1.5659524821276805,-1.334124875065007,0.9611853351156835
125.02000000000001,-1.3340598633336351,0.9468382160603105,-1.5663068789414132,0.11996517465344024,0.0005078696373297502,0.11996517465331369,0.0005078696377336378,0.425924688577652,1.167090654373169,14.157161521796569,0,-1.3607237002752655,0.9399509244800269,-1.5673147428116214,-1.3340598633336351,0.9468382160603105
125.14,-1.3339960488524214,0.9324802563488018,-1.5669066564022531,0.11792435129308602,-0.03026987697582884,0.1189615953562928,-0.01512647573642667,0.4229543209075928,1.1612484455108643,14.170600743932715,0,-1.3606767546923806,0.9265117843387484,-1.5673723102501778,-1.3339960488524214,0.9324802563488018
125.24000000000001,-1.3339680187424618,0.9206874364814887,-1.5699274820305098,0.11794195717914167,-0.030013124470850673,0.1179349148247022,-0.030115825478682634,0.4229543209075928,1.1612484455108643,14.182919876567876,0,-1.3606498786539254,0.9141926810206787,-1.5701426744751903,-1.3339680187424618,0.9206874364814887
125.36,-1.3339784427192238,0.9064537346048593,-1.5723045224782892,0.11995884081659089,0.0006002380913828485,0.1199588408145491,0.0006002377533897985,0.4212262034416199,1.1150474548339844,14.195691379927581,0,-1.3606620431974839,0.9014211834541893,-1.5731721662136806,-1.3339784427192238,0.9064537346048593
125.46000000000001,-1.3339962215758312,0.8944564454952324,-1.5722651807758894,0.11999823530001133,2.5735208168039626e-05,0.11999429585163313,8.318550570596273e-05,0.4212262034416199,1.1150474548339844,14.207675316135795,0,-1.3606919692000703,0.8894372846112876,-1.5732969415477072,-1.3339962215758312,0.8944564454952324
125.58,-1.3340173566942963,0.8800565653209859,-1.5722636595032873,0.11999991418032793,1.2515368841680856e-06,0.11999991418030209,1.2515347092012519e-06,0.421752005815506,1.1002607345581055,14.221595168197599,0,-1.3607266212381626,0.8755174756808898,-1.5732950331651416,-1.3340173566942963,0.8800565653209859
125.68,-1.3340349642190634,0.86805658156364,-1.5722636110119714,0.11999999632048156,5.365964390870667e-08,0.11999999632170688,5.369732436477648e-08,0.421752005815506,1.1002607345581055,14.234075162568006,0,-1.3607576805922652,0.8630375199597377,-1.573294960496292,-1.3340349642190634,0.86805658156364
125.8,-1.3340560930774374,0.8536565972227736,-1.572263608703164,0.11999999986091404,2.0283368681176963e-09,0.11999999986127552,2.025324352672442e-09,0.423457533121109,1.0829514265060425,14.24943516232625,0,-1.360795907153098,0.8476775677689495,-1.5732949573456674,-1.3340560930774374,0.8536565972227736
125.9,-1.334073700453615,0.8416566101429104,-1.57226360866245,0.11999999999323606,9.864067884711605e-11,0.11999999999519062,9.825473767932635e-11,0.4253048598766327,1.0665313005447388,14.260475162323374,0,-1.3608233824852374,0.8366376019609124,-1.573294957290999,-1.334073700453615,0.8416566101429104
126.02000000000001,-1.3340778664061221,0.8274585693856383,-1.5693184745860533,0.11789633279212666,0.03067848011481953,0.11789633279202238,0.03067848011600871,0.4253048598766327,1.0665313005447388,14.275647736272086,0,-1.3608520367549657,0.8214650550698338,-1.571179515929486,-1.3340778664061221,0.8274585693856383
126.14,-1.3340309639958086,0.8133308442823554,-1.5653490580004192,0.11691606994991834,0.04497397989702408,0.11732616464428247,0.03899343208657591,0.42461708188056946,1.0372874736785889,14.28928741845271,0,-1.3608330384127552,0.8078253861203523,-1.5676131126099915,-1.3340309639958086,0.8133308442823554
126.24000000000001,-1.3339408311682313,0.8016606135832425,-1.5605451519456592,0.1158651851288603,0.060299383537453705,0.11639062754107421,0.05263668151733736,0.42461708188056946,1.0372874736785889,14.300470010634474,0,-1.3607731659751607,0.7966429542204995,-1.563298483895079,-1.3339408311682313,0.8016606135832425
126.36,-1.3337480218029005,0.7877572991240727,-1.5533217581823495,0.115884715925925,0.0600145594135936,0.115884715926029,0.06001455941651024,0.424054890871048,1.0240405797958374,14.315235100264408,0,-1.3606061393853206,0.7818788093452195,-1.555670615157279,-1.3337480218029005,0.7877572991240727
126.46000000000001,-1.333510196196756,0.7762470045512659,-1.5462163836432874,0.11378201380693688,0.09067896531550378,0.11399228402229067,0.08761252435124378,0.424054890871048,1.0240405797958374,14.327179223904208,0,-1.3603885457559588,0.7699366678900496,-1.5489966609328318,-1.333510196196756,0.7762470045512659
126.58,-1.3331004071226358,0.7625967400963062,-1.5353733986032447,0.11382600328919987,0.09003745203250192,0.11382600328928572,0.09003745203767233,0.423500657081604,0.9906893968582153,14.339832975076758,0,-1.3600480501616605,0.7572874986885926,-1.5388898667416173,-1.3331004071226358,0.7625967400963062
126.68,-1.3326456051618742,0.751286128923801,-1.52545379356258,0.11277930632318202,0.10530178278692891,0.1127793063230742,0.10530178279150038,0.423500657081604,0.9906893968582153,14.351977870956246,0,-1.3595995160184065,0.745150888245561,-1.52843388940895,-1.3326456051618742,0.751286128923801
126.8,-1.3319458390003032,0.7378530312616631,-1.5116203527685974,0.11175311186574928,0.12026711862448958,0.11175311186575332,0.12026711863205586,0.4233831465244293,0.9666262269020081,14.363986575203837,0,-1.3590199865630774,0.733156175939026,-1.5162194646668963,-1.3319458390003032,0.7378530312616631
126.9,-1.3312178464006081,0.7267001188210681,-1.4996140941781422,0.11177064324267257,0.120011452711025,0.11177064324248143,0.12001145272055869,0.40784063935279846,0.9556495547294617,14.375055164727893,0,-1.358348912826059,0.7221079482942167,-1.5042090874880332,-1.3312178464006081,0.7267001188210681
127.02000000000001,-1.3301668254867183,0.7135463477499376,-1.4820538664280714,0.1097131104209568,0.15001713969438,0.10968949730443267,0.15036149765584872,0.40784063935279846,0.9556495547294617,14.389452651479774,0,-1.3572690937901486,0.7077510121440395,-1.4858546840789755,-1.3301668254867183,0.7135463477499376
127.14,-1.328882040159831,0.7004437738286277,-1.4640520747594954,0.1097142465467061,0.15000057119386923,0.10971356487106121,0.1500105123047879,0.4177704453468323,0.9316695928573608,14.400722695224252,0,-1.3562241832419397,0.6965295127812684,-1.4702528567095379,-1.328882040159831,0.7004437738286277
127.24000000000001,-1.3276335266036816,0.6895647054260285,-1.4487480364892031,0.10867202543207458,0.16519962911557912,0.10919313599093705,0.15760009995258173,0.4177704453468323,0.9316695928573608,14.413279095197481,0,-1.3548553469070639,0.6840479476800457,-1.452721298178288,-1.3276335266036816,0.6895647054260285
127.36,-1.3259221202627511,0.6766787517787995,-1.4283215566155685,0.10763912648325734,0.18026273878583043,0.1076391264846821,0.18026273858690045,0.4190157651901245,0.912581205368042,14.426104029736122,0,-1.3532179949640495,0.6713279624388931,-1.4324627348685735,-1.3259221202627511,0.6766787517787995
127.46000000000001,-1.324297688855031,0.6660376363195418,-1.41030438379676,0.10765646183742822,0.180009931537505,0.1076547283016982,0.18003521227716313,0.4190157651901245,0.912581205368042,14.436706664417137,0,-1.35165995645005,0.6608404280209291,-1.4144444879412639,-1.324297688855031,0.6660376363195418
127.58,-1.322095642380634,0.6533081326010579,-1.3887037589240487,0.10765710973826205,0.18000048298367832,0.10765710973803522,0.18000048299660065,0.41879114508628845,0.8951460719108582,14.448583103031075,0,-1.3496908492427333,0.6491283653948711,-1.3942837570968138,-1.322095642380634,0.6533081326010579
127.68,-1.3200601908345413,0.6428006738156914,-1.369788487588208,0.1066111405443137,0.1952542003954252,0.10661114054431042,0.19525420040827912,0.41879114508628845,0.8951460719108582,14.459134417139829,0,-1.3477442099092436,0.6387581761619353,-1.3756564755189105,-1.3200601908345413,0.6428006738156914
127.8,-1.3173590869067866,0.630294667960898,-1.346377447663251,0.10662782407940886,0.19501089884195386,0.10662782407926397,0.19501089885604062,0.4298202693462372,0.8887340426445007,14.471299008385753,0,-1.345248683554391,0.626852310868197,-1.3530224691194237,-1.3173590869067866,0.630294667960898
127.9,-1.3148849755483691,0.6199230059638874,-1.3268772287583401,0.10662853508400268,0.1950005300249608,0.10662853508367487,0.1950005300380142,0.42179688811302185,0.8727802634239197,14.481786683084364,0,-1.342881458389661,0.6166352875441873,-1.3335220055638917,-1.3148849755483691,0.6199230059638874
128.0,-1.312209095985595,0.6096015443205925,-1.3073772165536737,0.10662857005474514,0.19500002003496653,0.10662857005458992,0.19500002004874117,0.42179688811302185,0.8727802634239197,14.493532863234472,0,-1.339994223228787,0.6052494796569706,-1.3116818950732607,-1.312209095985595,0.6096015443205925
128.11999999999998,-1.3087331490829024,0.5972875963680482,-1.283977216134103,0.1066285714257069,0.19500000004177426,0.10662857136798376,0.195000000892398,0.4259289801120758,0.854350209236145,14.506118020931664,0,-1.3366256370012901,0.5931235231548581,-1.288281797130711,-1.3087331490829024,0.5972875963680482
128.22,-1.3056170763384591,0.5870903903594702,-1.2644772161285955,0.1066285714284486,0.19500000000179107,0.10662857142589299,0.19500000005251428,0.4259289801120758,0.854350209236145,14.515347233946848,0,-1.333975494848894,0.5842829847407264,-1.2711217253967029,-1.3056170763384591,0.5870903903594702
128.34,-1.3016162211755171,0.5749368443852514,-1.2410772161268169,0.10662857142856616,0.19500000000007678,0.10662857142855753,0.19500000001365647,0.4258055090904236,0.8315899968147278,14.529190841173834,0,-1.3297168377274868,0.5711106918280501,-1.2453816179365533,-1.3016162211755171,0.5749368443852514
128.45999999999998,-1.2973179078332842,0.5628365965682489,-1.2183459985756484,0.1076708298060116,0.1798003986623307,0.10767082980485121,0.17980039883680465,0.4258055090904236,0.8315899968147278,14.540970202975803,0,-1.3258291847847956,0.5599913609552475,-1.2239342593754177,-1.2973179078332842,0.5628365965682489
128.56,-1.2935245571203258,0.5528056582311246,-1.1997433395279986,0.1066034826251569,0.19536587838312863,0.10660348262674368,0.19536587817947648,0.42207834124565125,0.8055499196052551,14.550705796790131,0,-1.3224458315596839,0.5508625763772376,-1.2071750698617232,-1.2935245571203258,0.5528056582311246
128.67999999999998,-1.2887252970205025,0.5408789332098569,-1.1772322953063468,0.1076696097046376,0.1798181918073684,0.10766960970429729,0.17981819182721903,0.42207834124565125,0.8055499196052551,14.564179681082296,0,-1.317497230810182,0.5383303415988495,-1.1828181946609686,-1.2887252970205025,0.5408789332098569
128.78,-1.2845074442807014,0.5309735006072362,-1.1592393392817704,0.10765767737322919,0.17999220497374094,0.10765767737304088,0.17999220498721158,0.4281229078769684,0.8217096924781799,14.575632737306849,0,-1.3130601326968314,0.5277717120847848,-1.1633873134079487,-1.2845074442807014,0.5309735006072362
128.89999999999998,-1.2792119529161226,0.5191900885488461,-1.137639704654893,0.10765716306187412,0.17999970534766918,0.10765716306164741,0.17999970536142218,0.42250123620033264,0.8009951710700989,14.588357546626664,0,-1.3078906950293998,0.5161442580888241,-1.141787625656428,-1.2792119529161226,0.5191900885488461
129.0,-1.274634072593371,0.5095296436699291,-1.1185414128846072,0.10661114283056357,0.19525416705428134,0.10661114283045947,0.19525416706522858,0.42250123620033264,0.8009951710700989,14.59804422046826,0,-1.3037877868574865,0.50736941936402,-1.1243970693902372,-1.274634072593371,0.5095296436699291
129.11999999999998,-1.2688714966865018,0.4979985956836477,-1.0965357587156996,0.10765806305553102,0.17998658044017243,0.10767224886856219,0.17977970400373522,0.42473360896110535,0.7969104647636414,14.611567764208857,0,-1.2978021360309413,0.4952426630175567,-1.1006780890756516,-1.2688714966865018,0.4979985956836477
129.22,-1.2638690377152038,0.48846576898190286,-1.0785370492937203,0.10765718231064875,0.1799994246363724,0.10765797498080154,0.17998786487172236,0.42473360896110535,0.7969104647636414,14.621323601865972,0,-1.2933097849447237,0.48658268899276036,-1.0841192682931753,-1.2638690377152038,0.48846576898190286
129.34,-1.2576408722460264,0.47714762288278545,-1.0569371030091628,0.10765714477581852,0.1799999720193131,0.10765715603620052,0.17999980781668867,0.4129866361618042,0.7701123952865601,14.634048393277247,0,-1.2872358656919962,0.47540110496491395,-1.0625193601503733,-1.2576408722460264,0.47714762288278545
129.45999999999998,-1.2511513856091439,0.46593338988963917,-1.0358904881234736,0.10871120528365003,0.16462825628010383,0.10860579923110958,0.1661654280796232,0.4129866361618042,0.7701123952865601,14.646369296063787,0,-1.281128195076989,0.46470059071867553,-1.0418606337220357,-1.2511513856091439,0.46593338988963917
129.56,-1.24551296797712,0.4565915327861966,-1.0200190291708628,0.10972497674321326,0.1498440891614733,0.10972497674150983,0.1498440893790698,0.4162270128726959,0.7793295383453369,14.657983850949954,0,-1.2751795080081623,0.45472507031315434,-1.0244748210188397,-1.24551296797712,0.4565915327861966
129.67999999999998,-1.238521845706457,0.4454348261218352,-1.0020281879959436,0.10971474409215098,0.14999331532279817,0.1097147440919155,0.1499933153326083,0.4162270128726959,0.7793295383453369,14.6705552086282,0,-1.2685538288122533,0.4440414656280637,-1.0070850982935757,-1.238521845706457,0.4454348261218352
129.78,-1.2325435760285615,0.4362353273399167,-0.987028519072455,0.10971429918194951,0.14999980359656942,0.10971429918165132,0.14999980360669296,0.4042697548866272,0.7646318078041077,14.681825422636527,0,-1.262456721108495,0.43456291080983,-0.9914854657535572,-1.2325435760285615,0.4362353273399167
129.89999999999998,-1.2252235551517725,0.42537346077544397,-0.9680468191337293,0.1086624525592823,0.1653392335104665,0.10866245255931606,0.16533923352074487,0.399882048368454,0.7450878024101257,14.693906343421475,0,-1.2557573177795263,0.4245097201696414,-0.9740296438395755,-1.2252235551517725,0.42537346077544397
130.0,-1.2189458177706762,0.416401694416193,-0.9527358985482536,0.10971074065233365,0.15005169882013414,0.10971074065220243,0.15005169883230973,0.399882048368454,0.7450878024101257,14.705563439777501,0,-1.2491245396892263,0.4149235765102487,-0.9571902883688838,-1.2189458177706762,0.416401694416193
130.11999999999998,-1.2112207657142662,0.40574092413279916,-0.9347342924727615,0.10971416757229273,0.15000172290406422,0.10971416757203922,0.1500017229147388,0.4074779152870178,0.743611216545105,14.719000751230231,0,-1.241284059587147,0.4040108220070743,-0.9385882338348502,-1.2112207657142662,0.40574092413279916
130.22,-1.2046374364661034,0.39696426628069775,-0.9197342652964358,0.10971428064894775,0.15000007386951175,0.10971428064889821,0.15000007387910852,0.4074779152870178,0.743611216545105,14.728970547269276,0,-1.235336425074367,0.3960094173327352,-0.9247881718998318,-1.2046374364661034,0.39696426628069775
130.34,-1.1965647788396507,0.3865640959511602,-0.9017342605372998,0.10971428567705967,0.1500000005428798,0.10971428567707608,0.15000000055137575,0.3943347632884979,0.7466209530830383,14.741974559617399,0,-1.227413728247361,0.3856975207012955,-0.9067881312491246,-1.1965647788396507,0.3865640959511602
130.45999999999998,-1.1882908453980225,0.3762913189227897,-0.8840975102449271,0.11075214207655111,0.13486459471696283,0.11033699952793796,0.1409187570805548,0.3943347632884979,0.7466209530830383,14.754989470661336,0,-1.2193023989373661,0.37551939482732355,-0.8888891314660282,-1.1882908453980225,0.3762913189227897
130.56,-1.1812118452420992,0.36777409600404587,-0.8706089564875177,0.11074316657061498,0.1349954875118648,0.11074855187414023,0.1349169518427562,0.3883531093597412,0.7394874691963196,14.765943538289783,0,-1.2123403499991903,0.3670623579827176,-0.8754021012012811,-1.1812118452420992,0.36777409600404587
130.67999999999998,-1.1725668848693225,0.3576813833616482,-0.8544093583975878,0.11074286745478186,0.13499984961776446,0.11074292727786261,0.13499897720564702,0.3883531093597412,0.7394874691963196,14.7795253100643,0,-1.2035507313648433,0.35670827044214637,-0.8586625310679251,-1.1725668848693225,0.3576813833616482
130.78,-1.165238644368935,0.34937868217325,-0.8409093678464281,0.11074285787465511,0.13499998932794616,0.11074285787457949,0.13499998933824697,0.36937445402145386,0.6960633397102356,14.789602136007042,0,-1.1969180771262846,0.3491220777981341,-0.8462425247158997,-1.165238644368935,0.34937868217325
130.89999999999998,-1.1562575333178982,0.33949867411544715,-0.825627390527137,0.11179202520012886,0.11969963249812066,0.11179202519973064,0.11969963251340365,0.37927454710006714,0.7133206725120544,14.802794672862783,0,-1.1880968808872674,0.3393124128903595,-0.8306337030407589,-1.1562575333178982,0.33949867411544715
131.0,-1.148628690166186,0.3313286672249426,-0.8136412425150363,0.11177220712488715,0.11998864609539558,0.11177220712479397,0.11998864610507365,0.37927454710006714,0.7133206725120544,14.814308271801856,0,-1.1802785545062142,0.33086038750414826,-0.8181722130675843,-1.148628690166186,0.3313286672249426
131.11999999999998,-1.139346282212821,0.3216471305626392,-0.7992419413945406,0.11177144873861128,0.11999970589525231,0.1117714487387289,0.11999970590370612,0.36369895935058594,0.7007408142089844,14.827148804734696,0,-1.171435563355642,0.32155013543934063,-0.8042530304013426,-1.139346282212821,0.3216471305626392
131.22,-1.1315051305829225,0.3136819952498979,-0.7872419519082324,0.11177142968385945,0.11999998377704969,0.11177142968399334,0.11999998378503518,0.36369895935058594,0.7007408142089844,14.83821819826556,0,-1.1637089441188024,0.3136235454846361,-0.7922530354282014,-1.1315051305829225,0.3136819952498979
131.34,-1.1219704300653144,0.30424889126788457,-0.7728419524340675,0.11177142862552754,0.11999999921105667,0.11177142862559553,0.11999999921935567,0.3593278229236603,0.6966536641120911,14.851944200590017,0,-1.1539967364235397,0.30392425883586216,-0.7773730256990233,-1.1219704300653144,0.30424889126788457
131.45999999999998,-1.1123008861119175,0.29495406025928667,-0.7584419524433514,0.11177142857374806,0.11999999996617405,0.11177142857374811,0.11999999997291955,0.3593278229236603,0.6966536641120911,14.865670202856359,0,-1.1441412838136975,0.29437055839724824,-0.7624930172664269,-1.1123008861119175,0.29495406025928667
131.56,-1.104141373103414,0.2873153842759691,-0.7464419524426964,0.11177142857143149,0.11999999999995738,0.11177142857141664,0.12000000000816913,0.3511601686477661,0.6884738206863403,14.877182365287654,0,-1.1357665593753743,0.28647157906908893,-0.7500130117928714,-1.104141373103414,0.2873153842759691
131.67999999999998,-1.0942298435616369,0.27827903845096913,-0.7320419524417513,0.11177142857142867,0.11999999999999857,0.11177142857139444,0.12000000000789157,0.3511601686477661,0.6884738206863403,14.89046560107076,0,-1.1259818182634946,0.27748808341076836,-0.7356130072993814,-1.0942298435616369,0.27827903845096913
131.78,-1.0858295483326648,0.27081968851886473,-0.7208746800813606,0.11381076160485289,0.09025972659589522,0.11319896169255106,0.09918180899765039,0.34759199619293213,0.6681524515151978,14.900218636656305,0,-1.1187206916355261,0.2709767284653266,-0.7251589655404775,-1.0858295483326648,0.27081968851886473
131.89999999999998,-1.0755206735561402,0.26186057162882215,-0.7100535967087133,0.11382804815566372,0.09000763106323739,0.11382804815549541,0.0900076310739184,0.3478327691555023,0.6725883483886719,14.913777054199404,0,-1.1085293661422964,0.2620342695772988,-0.7142243980680592,-1.0755206735561402,0.26186057162882215
132.0,-1.0668894066730876,0.2545102608947753,-0.7003843705892889,0.11278628760368405,0.10519997244627431,0.11278628760460485,0.10519997230173939,0.3478327691555023,0.6725883483886719,14.92594141947198,0,-1.099297230028318,0.25411344605586894,-0.7040334873826961,-1.0668894066730876,0.2545102608947753
132.11999999999998,-1.056526592850096,0.24588900031457905,-0.6869711363180004,0.1117455347440424,0.12037761831604833,0.11174553474457838,0.12037761828176397,0.33552372455596924,0.6705595850944519,14.939754055058003,0,-1.0887078892393935,0.24524469397407844,-0.6903367907115198,-1.056526592850096,0.24588900031457905
132.22,-1.0477912177503392,0.23880630538077258,-0.6759753517692071,0.11279626814787923,0.10505442284342796,0.11279626814790777,0.10505442285174693,0.33552372455596924,0.6705595850944519,14.949997994797066,0,-1.080777076360471,0.23876082873357052,-0.6800376282883784,-1.0477912177503392,0.23880630538077258
132.34,-1.0371788241713435,0.23040422144304148,-0.6633737574292147,0.11279979414935677,0.10500300198854694,0.11279979414942076,0.10500300199500767,0.3320346176624298,0.6769423484802246,14.963420666178667,0,-1.0702867315503635,0.23038701402439943,-0.6674354208166164,-1.0371788241713435,0.23040422144304148
132.45999999999998,-1.0263725150550804,0.22205322365008498,-0.6525402819515771,0.11382922992946035,0.08999039686203665,0.11384096342572647,0.08981928337592482,0.3320346176624298,0.6769423484802246,14.97741473621134,0,-1.0592471446263154,0.2217869258489371,-0.6559797563432777,-1.0263725150550804,0.22205322365008498
132.56,-1.0173137045310532,0.2151949744861284,-0.6432383526989078,0.11279075138920122,0.10513487557414876,0.11330999066068159,0.0975626360144588,0.31587380170822144,0.6552135348320007,14.988703667882259,0,-1.0502686048384453,0.2149439877702829,-0.6468762079193562,-1.0173137045310532,0.2151949744861284
132.67999999999998,-1.0064325378970433,0.2071452639651277,-0.6306258331869155,0.1127997282652798,0.10500396279800286,0.11279703520246098,0.1050432366397902,0.31587380170822144,0.6552135348320007,15.00123061592736,0,-1.0402276777479138,0.20745371337695917,-0.6351026982013721,-1.0064325378970433,0.2071452639651277
132.78,-0.997254642333065,0.20051678008230944,-0.6207279932486431,0.11383268200917467,0.0899400540328695,0.11383268200755303,0.0899400542492268,0.3228644132614136,0.6312994360923767,15.012440322659286,0,-1.0311712003083582,0.2008478265021626,-0.6248829602174307,-0.997254642333065,0.20051678008230944
132.89999999999998,-0.9861003770357868,0.1926320072303981,-0.6099328510376039,0.1138286779065905,0.08999844719555505,0.11382867790661333,0.0899984472005344,0.3115600347518921,0.6292779445648193,15.026003218786697,0,-1.0201281488265639,0.19297361763184728,-0.6140887612321376,-0.9861003770357868,0.1926320072303981
133.0,-0.9767407841634168,0.18615383630254512,-0.600932924800974,0.11382857809049428,0.08999990284695819,0.11382857809023594,0.08999990285335491,0.3115600347518921,0.6292779445648193,15.038661518119214,0,-1.009745485699685,0.1857325646431328,-0.6040088684500169,-0.9767407841634168,0.18615383630254512
133.11999999999998,-0.9654899594497187,0.17853491898369292,-0.589089861756951,0.1127767380467613,0.10533923681806417,0.11277673804672705,0.10533923682748414,0.3043400049209595,0.633136510848999,15.050807555916853,0,-0.9997121474743478,0.17888724812469148,-0.593571707441007,-0.9654899594497187,0.17853491898369292
133.22,-0.9560790085605821,0.1723174887631379,-0.5785802979256458,0.11279871686018585,0.10501871245562311,0.11279871686005194,0.10501871246404448,0.3043400049209595,0.633136510848999,15.062886978623775,0,-0.9896602435919857,0.172188615333424,-0.5822168756412186,-0.9560790085605821,0.1723174887631379
133.34,-0.9446228173790068,0.16492895449999956,-0.5673830846875438,0.1138459458782376,0.08974662260903483,0.11384594587837693,0.08974662261490574,0.3094936013221741,0.6227020025253296,15.075952446066585,0,-0.9787083682084545,0.16506380901445938,-0.5711720416552034,-0.9446228173790068,0.16492895449999956
133.45999999999998,-0.9330640735168443,0.1576501798510505,-0.5565867916300855,0.11382862429337977,0.0899992290548783,0.11382872952394596,0.08999769444878458,0.3094936013221741,0.6227020025253296,15.08951541558382,0,-0.9672584699132791,0.15779373534525987,-0.5603787952144677,-0.9330640735168443,0.1576501798510505
133.56,-0.9234037996350208,0.15170082062846202,-0.5470396566800722,0.11278631562201585,0.10519956384560189,0.11289054649072927,0.10367953016038323,0.29783111810684204,0.6033698320388794,15.100343284226337,0,-0.9580600944867055,0.152081237743386,-0.5515152324308413,-0.9234037996350208,0.15170082062846202
133.67999999999998,-0.9117999577706865,0.1447336332677184,-0.5344234847962286,0.11279964552806507,0.10500516938238441,0.11279964552812771,0.10500516939349058,0.29783111810684204,0.6033698320388794,15.114659471546883,0,-0.945815810636905,0.14466296756749653,-0.5380559269363624,-0.9117999577706865,0.1447336332677184
133.78,-0.902020768975089,0.13901255324108655,-0.5246497017459435,0.11383783680974419,0.08986487985789723,0.1138378368090498,0.08986487996992532,0.29470205307006836,0.6029592752456665,15.125435179158863,0,-0.9365372304053947,0.13918356765269524,-0.5284360051830906,-0.902020768975089,0.13901255324108655
133.89999999999998,-0.8901613941170746,0.13223404359078686,-0.5138575953561875,0.11382892166038179,0.08999489245276546,0.11382892166054148,0.08999489245986592,0.30172690749168396,0.6037335991859436,15.138546280341293,0,-0.9251798389055659,0.13263294687787475,-0.5180054555630869,-0.8901613941170746,0.13223404359078686
134.0,-0.8802897079349511,0.1267260732766518,-0.5037131674949056,0.1127958943306598,0.10505987434454446,0.11279589433053072,0.10505987434988873,0.30172690749168396,0.6037335991859436,15.149780586334877,0,-0.9153914425789644,0.1271196059206292,-0.5081820689537042,-0.8802897079349511,0.1267260732766518
134.11999999999998,-0.868394196209401,0.1202674519406649,-0.4911110759233462,0.11279986317532248,0.10500199535988036,0.11279986317516144,0.10500199536717103,0.29146167635917664,0.6070112586021423,15.164098037123596,0,-0.9028362559114056,0.12023798657412721,-0.4947390579234985,-0.868394196209401,0.1202674519406649
134.22,-0.8584196419599807,0.11500005599771236,-0.4806110510322654,0.1127999933460367,0.10500009703696474,0.11279999334599111,0.10500009704483837,0.29146167635917664,0.6070112586021423,15.175731183684544,0,-0.8925676274432042,0.11477123540999501,-0.48381903712949687,-0.8584196419599807,0.11500005599771236
134.34,-0.846467661535514,0.10887342325817119,-0.46647805636851225,0.11176983368836854,0.12002325871129203,0.11175310631035273,0.12026719965030352,0.28351640701293945,0.5916080474853516,15.18859944537737,0,-0.8811353301457048,0.10886405863113902,-0.47031083356859515,-0.846467661535514,0.10887342325817119
134.45999999999998,-0.8343718206212429,0.10288881407558205,-0.45328697675844537,0.11384705332211233,0.08973047238586179,0.11384705331936029,0.08973047281174429,0.28351640701293945,0.5916080474853516,15.201028195087577,0,-0.87002623084057,0.10329075332928916,-0.4572065084412907,-0.8343718206212429,0.10288881407558205
134.56,-0.824167730631706,0.09797605810043682,-0.44344578689115927,0.11172098970738747,0.12073556676726589,0.11235880879409965,0.11143403808894226,0.2919113337993622,0.5809856057167053,15.213640708644052,0,-0.8586752942831104,0.09779241380896342,-0.4467917461949275,-0.824167730631706,0.09797605810043682
134.67999999999998,-0.8120147668115043,0.0923108977843237,-0.4289884961713437,0.1117692660051328,0.12003153742514652,0.11176926600509063,0.12003153743278538,0.2919113337993622,0.5809856057167053,15.225591490531254,0,-0.8478635399631453,0.09270054222375923,-0.43378807220257737,-0.8120147668115043,0.0923108977843237
134.78,-0.8018228760669414,0.08772291365784672,-0.4169866776216769,0.11177134682632875,0.12000119211603899,0.11177134682638368,0.12000119212318694,0.2856033742427826,0.5897579789161682,15.236660704299641,0,-0.8377914450450525,0.0881092028319046,-0.4217857931688977,-0.8018228760669414,0.08772291365784672
134.89999999999998,-0.7895208977108339,0.08237921050269986,-0.4025866075910057,0.11177142506660741,0.12000005111197518,0.1117714250666424,0.1200000511214494,0.2856007218360901,0.6033177375793457,15.249943933347861,0,-0.8256330970059762,0.08275955359964848,-0.4073857360177243,-0.7895208977108339,0.08237921050269986
135.0,-0.7792113322900847,0.07806181761084978,-0.3905866057853624,0.11177142840098452,0.1200000024856423,0.111771428400953,0.12000000249645648,0.2856007218360901,0.6033177375793457,15.2610133256224,0,-0.8154431465843988,0.07843562532394832,-0.3953857601653081,-0.7792113322900847,0.07806181761084978
135.11999999999998,-0.7667725787596095,0.07304470946261848,-0.376186605695245,0.11177142856412078,0.12000000010657191,0.11177142856413358,0.12000000011641587,0.28644222021102905,0.593818187713623,15.275182093720066,0,-0.8023255692991635,0.07307995957902824,-0.38002579523492763,-0.7667725787596095,0.07304470946261848
135.22,-0.756352639757542,0.0690009618808018,-0.3641866056934318,0.11177142857107318,0.12000000000518272,0.11177142857095035,0.1200000000139978,0.28644222021102905,0.593818187713623,15.286251486213946,0,-0.7920211447037746,0.06903641114460701,-0.36802582333303485,-0.756352639757542,0.0690009618808018
135.34,-0.7437857843562911,0.06431394694051941,-0.34978660569241904,0.11177142857142791,0.12000000000000952,0.11177142857141664,0.12000000000761402,0.2868170142173767,0.5999429225921631,15.2990919548891,0,-0.7800082536417507,0.06450120617354216,-0.35410585630768127,-0.7437857843562911,0.06431394694051941
135.45999999999998,-0.731121446546066,0.059796465348485074,-0.3358747394329449,0.11281742946428568,0.10474582031250042,0.11260822928409464,0.10779665647081549,0.2868170142173767,0.5999429225921631,15.313286949412872,0,-0.7666578640149402,0.059677829105319935,-0.33907627456777745,-0.731121446546066,0.059796465348485074
135.56,-0.720478869092021,0.056144137202554734,-0.32496489912364385,0.11175149080489656,0.12029075909525853,0.1120712724043349,0.11562727725150657,0.2747785747051239,0.6159217357635498,15.323121042473836,0,-0.7573673910135099,0.05645346905386861,-0.32976520439080287,-0.720478869092021,0.056144137202554734
135.67999999999998,-0.7077392327494039,0.05195414749998433,-0.31054336608561456,0.1117705737396885,0.12001246629620921,0.1117705737396335,0.12001246630366502,0.2747785747051239,0.6159217357635498,15.336402530286879,0,-0.7447704407776459,0.052244578073675774,-0.31534295525710154,-0.7077392327494039,0.05195414749998433
135.78,-0.6970765239559988,0.04860263570064839,-0.2985426921816947,0.11177139192051772,0.12000053449244996,0.1117713919204455,0.12000053450311743,0.2722248435020447,0.6144932508468628,15.347914625609626,0,-0.7338036560654864,0.048743439430724456,-0.30286211764730675,-0.6970765239559988,0.04860263570064839
135.89999999999998,-0.6842292836556605,0.04475006170526311,-0.2841426628288029,0.11177142700002077,0.12000002291636379,0.11177142699991816,0.12000002292261724,0.2728707194328308,0.6073987483978271,15.360755091537259,0,-0.721520942062575,0.04500011177188934,-0.2889421149478505,-0.6842292836556605,0.04475006170526311
136.0,-0.673481775728793,0.04168117013838131,-0.2721426620279728,0.11177142850405446,0.1200000009825391,0.11177142850411492,0.12000000098988384,0.2728707194328308,0.6073987483978271,15.372267254013483,0,-0.7104654942162227,0.04178966666325323,-0.27646214292612953,-0.673481775728793,0.04168117013838131
136.11999999999998,-0.6605373140690577,0.03816906592730737,-0.2577426619851588,0.11177142856918328,0.12000000003274389,0.11177142856928501,0.1200000000403656,0.25389978289604187,0.6309754848480225,15.386436022144053,0,-0.6968051525047261,0.03802814374520669,-0.26110217822365045,-0.6605373140690577,0.03816906592730737
136.22,-0.6496257070426513,0.035355852819130874,-0.24707457764067112,0.11280928493388043,0.10486459471424361,0.11280928493382358,0.10486459472242027,0.25389978289604187,0.6309754848480225,15.39670120391449,0,-0.6868752515913017,0.035426024487813956,-0.25111157483194235,-0.6496257070426513,0.035355852819130874
136.34,-0.63640907975669,0.03210137331823509,-0.23557551930568568,0.11175384207942606,0.12025646967503661,0.11300937622402696,0.10194659656653782,0.26667582988739014,0.6408292651176453,15.409773081447891,0,-0.6741959041733807,0.032246695737295994,-0.24017652752573468,-0.63640907975669,0.03210137331823509
136.45999999999998,-0.6233464199988477,0.02906541655822053,-0.22115168478601735,0.11177084248767524,0.12000854705473588,0.11176574236513304,0.12008292385345953,0.26667582988739014,0.6408292651176453,15.42351665636694,0,-0.6608209952969544,0.029084787436476356,-0.22572505838501453,-0.6233464199988477,0.02906541655822053
136.56,-0.6123946529821777,0.026671326756172453,-0.20963747751879705,0.11281365844684836,0.1048008143167947,0.1126050952533264,0.10784236108424272,0.2575851082801819,0.6447164416313171,15.434601073463746,0,-0.6500036718267737,0.026666148290710234,-0.21392196515167672,-0.6123946529821777,0.026671326756172453
136.67999999999998,-0.5991366960776555,0.02393757016277415,-0.19705146622903527,0.11280058560590862,0.10499145991383256,0.11280058560576567,0.1049914599224322,0.2575851082801819,0.6447164416313171,15.448920027339655,0,-0.6359908257310722,0.023721223096652033,-0.2004983365705516,-0.5991366960776555,0.02393757016277415
136.78,-0.5880635705780208,0.02178729229361542,-0.18655183609624462,0.11280003230228558,0.10499952892500189,0.11280003230238478,0.10499952893150422,0.24457980692386627,0.6867499351501465,15.459658358348298,0,-0.625456822934441,0.021636387867733586,-0.19041875555439555,-0.5880635705780208,0.02178729229361542
136.89999999999998,-0.5746810712464195,0.0193451551784537,-0.17493738028950315,0.11385591195268199,0.08960128402338748,0.11385591195260947,0.08960128403207035,0.24103637039661407,0.7001105546951294,15.472234619093364,0,-0.6130947618539166,0.019325158720882696,-0.17928555229277895,-0.5746810712464195,0.0193451551784537
137.0,-0.5635352601557956,0.017431157173932524,-0.1648603786855223,0.1127922231816155,0.1051134119347739,0.1127922231814571,0.10511341194036072,0.24103637039661407,0.7001105546951294,15.483477885395327,0,-0.6020219647705212,0.017374722388459496,-0.16956725626465405,-0.5635352601557956,0.017431157173932524
137.11999999999998,-0.5501694423322289,0.01529397746580537,-0.15225593574913202,0.11279970603592761,0.10500428697605556,0.11279970603594869,0.10500428698156927,0.23248286545276642,0.7322999835014343,15.497795088837195,0,-0.587894011435812,0.01505453942841184,-0.15612105270689128,-0.5501694423322289,0.01529397746580537
137.22,-0.5389173646519817,0.013620474256008212,-0.143154245586848,0.11384224408158253,0.08980060714358812,0.1138422440815301,0.08980060715202409,0.23248286545276642,0.7322999835014343,15.509070793088668,0,-0.5767474345482768,0.013352972486758707,-0.14678531200667938,-0.5389173646519817,0.013620474256008212
137.34,-0.5253872296724803,0.011744733067263834,-0.13235679821333005,0.1138285886522358,0.08999974882156107,0.1138291576435746,0.08999145103910644,0.22294995188713074,0.7609113454818726,15.52172939592999,0,-0.5642156878455158,0.011565362218225461,-0.13670933750219139,-0.5253872296724803,0.011744733067263834
137.45999999999998,-0.5118377991295261,0.010015238536178457,-0.12155682170882033,0.11382857237863651,0.0899999861448842,0.11382857726063289,0.08999991495312054,0.22294995188713074,0.7609113454818726,15.536196008746284,0,-0.5498728232546171,0.00967720923086246,-0.12518951084374602,-0.5118377991295261,0.010015238536178457
137.56,-0.5005328767270814,0.008685842762640424,-0.11255682267204593,0.11382857147477433,0.08999999932620756,0.11382857165564975,0.08999999669606629,0.22621288895606995,0.7718427181243896,15.547498064728014,0,-0.5386529010323085,0.008317130284808294,-0.11618952085642807,-0.5005328767270814,0.008685842762640424
137.67999999999998,-0.4869518619161977,0.007224948467154751,-0.10175682271860012,0.11382857143055237,0.08999999997111115,0.11382857143034109,0.08999999997760799,0.22621288895606995,0.7718427181243896,15.560608434272078,0,-0.5256230864657447,0.006866019695341841,-0.10574952979833897,-0.4869518619161977,0.007224948467154751
137.78,-0.47557304353702634,0.006112868008953418,-0.09348902333605592,0.1148745723215135,0.0747458203112614,0.11487457232082221,0.07474582044308953,0.22096355259418488,0.8024848699569702,15.572401092244167,0,-0.5138907988951849,0.005674293884443515,-0.09688053721714342,-0.47557304353702634,0.006112868008953418
137.89999999999998,-0.46184389569031387,0.004887748792716194,-0.0845020086132833,0.11485789014542774,0.07498910204584533,0.1148578901455144,0.07498910205155918,0.21980726718902588,0.8625829815864563,15.585190826967974,0,-0.5011559109156682,0.004491102245476553,-0.08849538853146727,-0.46184389569031387,0.004887748792716194
138.0,-0.4503956135147994,0.003961259080209608,-0.07700234739743574,0.11485717489712807,0.07499953275021562,0.11485717489705394,0.07499953275535987,0.21980726718902588,0.8625829815864563,15.596609251068351,0,-0.48977841847572434,0.0035251443193249354,-0.08099589766050073,-0.4503956135147994,0.003961259080209608
138.11999999999998,-0.43656529971585284,0.002951178152140715,-0.06923210660831926,0.1159112061686484,0.059628243373877385,0.1159112061686951,0.05962824338012762,0.21597367525100708,0.8812116980552673,15.611301960519192,0,-0.47512865801620574,0.0024025448869520183,-0.07237802567196419,-0.43656529971585284,0.002951178152140715
138.22,-0.4250017292442278,0.0021841179686523586,-0.06323837223877884,0.11588712042945445,0.0599794937371226,0.11588712042951421,0.05997949374114686,0.21597367525100708,0.8812116980552673,15.623298769728665,0,-0.4631605836549113,0.0015727091857333786,-0.06614718767453576,-0.4250017292442278,0.0021841179686523586
138.34,-0.41112018338307516,0.0013552602494719156,-0.05603856815276689,0.11588571761125027,0.059999951502600034,0.1158857621538889,0.05999930192401859,0.21828855574131012,0.9467326402664185,15.636217663724121,0,-0.45026711452961243,0.000762600562902449,-0.05942746592102779,-0.41112018338307516,0.0013552602494719156
138.45999999999998,-0.3972330427153458,0.0006263702132279374,-0.048838573218848574,0.11588571438342231,0.05999999857509114,0.11588571631997446,0.05999997033490079,0.21828855574131012,0.9467326402664185,15.650520695468419,0,-0.4359862394858194,-3.3216666093460745e-05,-0.051987471426883564,-0.3972330427153458,0.0006263702132279374
138.56,-0.38565666132040066,9.535343451751785e-05,-0.042838573312934856,0.11588571429182751,0.059999999910848895,0.11588571430101169,0.05999999978079096,0.21741022169589996,1.0052039623260498,15.662516794448143,0,-0.42400443835399404,-0.0006187355545508311,-0.04574747063294657,-0.38565666132040066,9.535343451751785e-05
138.67999999999998,-0.3717611097616815,-0.0004501681864797044,-0.035638573319671595,0.1158857142858539,0.05999999999796402,0.11588571428575722,0.06000000000255801,0.21741022169589996,1.0052039623260498,15.675897053379101,0,-0.41063610780231263,-0.0011835959978998556,-0.03878746873676229,-0.3717611097616815,-0.0004501681864797044
138.78,-0.3601787276749914,-0.0008283349070046419,-0.029638573319424457,0.11588571428572418,0.05999999999985551,0.11588571428575722,0.06000000000255801,0.20790323615074158,1.0194510221481323,15.686970378149905,0,-0.3995699054588613,-0.001580694440982633,-0.03302746642393887,-0.3601787276749914,-0.0008283349070046419
138.89999999999998,-0.3462771860033466,-0.00119039304879267,-0.022438573319110835,0.1158857142857146,0.05999999999999518,0.11588571428575722,0.06000000000255801,0.20682664215564728,1.0688083171844482,15.700350637062396,0,-0.38619547156514167,-0.0019754685381925263,-0.026067462754593342,-0.3462771860033466,-0.00119039304879267
139.0,-0.3346908213033821,-0.0014156438201734186,-0.01643857331886369,0.1158857142857143,0.0599999999999997,0.11588571428575722,0.06000000000255801,0.20682664215564728,1.0688083171844482,15.712346736002525,0,-0.3742025202593666,-0.0022502571090043944,-0.019827458697236223,-0.3346908213033821,-0.0014156438201734186
139.11999999999998,-0.32058509579957783,-0.0016131935069793213,-0.01216737580153573,0.11797771607142857,0.029491640624999985,0.11797771607127139,0.029491640627932192,0.20797578990459442,1.1487144231796265,15.725880613508572,0,-0.36067057765428445,-0.002479101338648926,-0.014726809004147119,-0.32058509579957783,-0.0016131935069793213
139.22,-0.30879095213293883,-0.001739087787229677,-0.009175167122604822,0.11794417481186972,0.02998078399356656,0.11794417481196806,0.029980783996241822,0.20797578990459442,1.1487144231796265,15.739061284739332,0,-0.3474910265356854,-0.0026509338315935382,-0.011382659099776161,-0.30879095213293883,-0.001739087787229677
139.34,-0.2946381810498945,-0.001843472354565424,-0.0055754706000235256,0.11794285927837281,0.029999968857063023,0.11794289741637876,0.029999412682335524,0.20530308783054352,1.186262607574463,15.752711450278689,0,-0.3338414926162181,-0.002782246561853552,-0.007903036680476252,-0.2946381810498945,-0.001843472354565424
139.45999999999998,-0.28048514650702555,-0.0018969069994172875,-0.0019754735022597066,0.11794285723441737,0.029999998664746577,0.11794285784760827,0.02999998972491591,0.20530308783054352,1.186262607574463,15.766832280423719,0,-0.31972092347446357,-0.0028681016591987074,-0.0043030367597114375,-0.28048514650702555,-0.0018969069994172875
139.56,-0.26869086654239416,-0.0019025148681537356,0.001024526404836546,0.11794285714790764,0.029999999926346818,0.11794285716506536,0.029999999675567324,0.1940458118915558,1.2100614309310913,15.778128946543474,0,-0.3084243029140461,-0.0029001849130689816,-0.0014230341651132968,-0.26869086654239416,-0.0019025148681537356
139.67999999999998,-0.25453778778401764,-0.0018625390172358246,0.0046245263992912514,0.11794285714300552,0.029999999997835983,0.11794285714306074,0.029999999998364668,0.1940458118915558,1.2100614309310913,15.792249776431852,0,-0.2943034741549697,-0.002894537492501459,0.0021769695072093435,-0.25453778778401764,-0.0018625390172358246
139.78,-0.24274372769259678,-0.0017903050816884558,0.007624526399265609,0.11794285714286436,0.02999999999989476,0.11794285714281649,0.03000000000141778,0.2060602307319641,1.2327569723129272,15.804017136607964,0,-0.2825361945236924,-0.002850999076482341,0.005176972812185286,-0.24274372769259678,-0.0017903050816884558
139.89999999999998,-0.22859122102626772,-0.001656920459821673,0.011224526399409096,0.11794285714285749,0.02999999999999488,0.1179428571428387,0.030000000001140226,0.19465680420398712,1.2687050104141235,15.817667272638024,0,-0.2688863872067697,-0.0027562686692444993,0.008656976873925798,-0.22859122102626772,-0.001656920459821673
140.0,-0.2166435116436038,-0.0015153613672260681,0.01191418701318383,0.11997262610226196,-0.00039920267534630273,0.11997262610246029,-0.0003992026179067132,0.19465680420398712,1.2687050104141235,15.829540790601994,0,-0.25701345850126955,-0.0026379775248682735,0.010411802444295484,-0.2166435116436038,-0.0015153613672260681
140.11999999999998,-0.202245393475446,-0.0013439612261195515,0.011901621069444947,0.11999896526547771,-1.5089878450064457e-05,0.11999896526542209,-1.5089876570506533e-05,0.208049938082695,1.3172121047973633,15.844899668192783,0,-0.2416554125819932,-0.0024781451431646895,0.010392967330988214,-0.202245393475446,-0.0013439612261195515
140.22,-0.19024625624214253,-0.0012011470618207185,0.011901432830764303,0.11999994967950475,-7.33840555497143e-07,0.119999949687144,-7.339781560311565e-07,0.208049938082695,1.3172121047973633,15.857379649950786,0,-0.22917610607755856,-0.002348322770395761,0.010392661297440825,-0.19024625624214253,-0.0012011470618207185
140.34,-0.17585567011064024,-0.001029812239326761,0.012023826998708987,0.11895083204229036,0.0153003660499321,0.11979016489331862,0.003060050930980829,0.20147569477558136,1.3021453619003296,15.870339649271644,0,-0.2162168079738842,-0.0022135078724497825,0.010392649827878854,-0.17585567011064024,-0.001029812239326761
140.45999999999998,-0.16158236938818057,-0.00084508562809576,0.013854063797496674,0.11897074217580737,0.015010009936142365,0.11896078710900149,0.015155187998439068,0.20147569477558136,1.3021453619003296,15.885086969875008,0,-0.20147039796580213,-0.0020496272697347884,0.012035049735979679,-0.16158236938818057,-0.00084508562809576
140.56,-0.14965785280586874,-0.0006716142877755673,0.014933116628078192,0.11999591536314516,-5.9567620799530117e-05,0.11968836340532363,0.004461305856962028,0.2041013240814209,1.2833259105682373,15.897461994787504,0,-0.18909639260034572,-0.0018907789127203811,0.013421889080890108,-0.14965785280586874,-0.0006716142877755673
140.67999999999998,-0.13525975918248795,-0.0004566334401688368,0.014928719676818214,0.11999984560054965,-2.2516586509463777e-06,0.11999984560644439,-2.2517290809709323e-06,0.2041013240814209,1.2833259105682373,15.910901706455098,0,-0.1756578927102579,-0.001710306166376907,0.013417056839207585,-0.13525975918248795,-0.0004566334401688368
140.78,-0.12326110524331094,-0.0002774966903125986,0.014928589838734818,0.11999999416369407,-8.51127947084577e-08,0.11999999416703044,-8.512274218830385e-08,0.20969584584236145,1.3085310459136963,15.92290169664888,0,-0.16365898418478997,-0.0015491886678498101,0.013416892374527197,-0.12326110524331094,-0.0002774966903125986
140.89999999999998,-0.10886271010926027,-6.25330315448716e-05,0.014928585688264627,0.11999999963484463,-5.325182400916512e-09,0.11999999963512309,-5.329070518200751e-09,0.1866401880979538,1.2992913722991943,15.937301696328076,0,-0.1492602824962863,-0.001355848433293727,0.013416886949824678,-0.10886271010926027,-6.25330315448716e-05
141.0,-0.09686404727162123,0.00011660334096986546,0.014928585524636407,0.1199999999861971,-2.0129212582191381e-10,0.11999999998641986,-1.9789725413943415e-10,0.1866401880979538,1.2992913722991943,15.949301696315139,0,-0.1372613641678826,-0.0011947315881004617,0.013416886705203922,-0.09686404727162123,0.00011660334096986546
141.11999999999998,-0.08246565185332277,0.00033156698766883104,0.01492858551778944,0.11999999999947825,-7.608851090421162e-12,0.12000000000131905,-5.551115123125783e-12,0.20445814728736877,1.2862638235092163,15.965141696316488,0,-0.12142279195594963,-0.0009820573534008448,0.01341688669629615,-0.08246565185332277,0.00033156698766883104
141.22,-0.07046698900434424,0.0005107033599093105,0.014928585517755688,0.11999999999997121,-4.1970765197246406e-13,0.12000000000138566,2.7755575615628914e-13,0.20445814728736877,1.2862638235092163,15.976661696317697,0,-0.10990383034704099,-0.0008273851828232148,0.013416886696916333,-0.07046698900434424,0.0005107033599093105
141.34,-0.05606859358560948,0.0007256670065973872,0.014928585517755688,0.11999999999999994,-7.715341491704438e-16,0.12000000000078614,0.0,0.1981022208929062,1.2857608795166016,15.990581696318902,0,-0.09598508506986425,-0.0006404896434663021,0.013416886697661721,-0.05606859358560948,0.0007256670065973872
141.45999999999998,-0.04167019816692537,0.0009406306532843097,0.014928585517677529,0.12,-2.916402431661139e-17,0.12000000000016442,-1.1102230246251565e-12,0.1981022208929062,1.2857608795166016,16.00450169631986,0,-0.08206633979293443,-0.00045359410419476553,0.013416886698265592,-0.04167019816692537,0.0009406306532843097
141.56,-0.029671535318027673,0.0011197670255224084,0.014928585517632232,0.12,-1.6087007121748378e-18,0.1200000000005641,-5.551115123125783e-13,0.2027999758720398,1.2856650352478027,16.016981696320574,0,-0.06958746471720856,-0.00028603258629034123,0.013416886698680896,-0.029671535318027673,0.0011197670255224084
141.67999999999998,-0.01527313989936487,0.0013347306722064573,0.014928585517513214,0.12,-3.673839791801392e-20,0.12000000000043087,0.0,0.2027999758720398,1.2856650352478027,16.030901696321237,0,-0.055668719440571834,-9.913704715125427e-05,0.013416886699076367,-0.01527313989936487,0.0013347306722064573
141.78,-0.0032744770505080414,0.0015138670444411677,0.014928585517137518,0.12,-2.298581202755816e-21,0.11999999999998678,-7.771561172376096e-12,0.18986240029335022,1.2537373304367065,16.043861696321738,0,-0.042709887631403376,7.48691444074634e-05,0.013416886699128381,-0.0032744770505080414,0.0015138670444411677
141.89999999999998,0.011048542763124437,0.0017324091823523046,0.016026886445818424,0.11895399910714285,0.015254179687500001,0.11895399910715199,0.015254179690504799,0.18623358011245728,1.2447819709777832,16.05724020523536,0,-0.029332610761698685,0.00025642988659335675,0.014142429434436702,0.011048542763124437,0.0017324091823523046
142.0,0.023012099800304612,0.0019289956934876672,0.016495248586079002,0.11998006223346798,-0.000290759095258527,0.11998006223359337,-0.00029075909652176435,0.18623358011245728,1.2447819709777832,16.070135307900838,0,-0.01643892183387896,0.0004473712017305509,0.014993527165423461,0.023012099800304612,0.0019289956934876672
142.11999999999998,0.03740955840545654,0.0021664075769671364,0.01648673068094311,0.11999890022382127,-1.6038402606436028e-05,0.11999890022376114,-1.6038402272933183e-05,0.2024511843919754,1.2481129169464111,16.084534669264286,0,-0.0020411792518268967,0.0006632790898766228,0.01498280930714945,0.03740955840545654,0.0021664075769671364
142.22,0.04940791118796768,0.0023642366929357904,0.016486491181388695,0.11999996334908915,-5.344924499698499e-07,0.11999996334544072,-5.345529574540819e-07,0.2024511843919754,1.2481129169464111,16.09701464746785,1,0.01043739639903496,0.0008503771581583885,0.014982443538020678,0.04940791118796768,0.0023642366929357904
